date,location,vaccine,source_url,total_vaccinations,people_vaccinated,people_fully_vaccinated,total_boosters
2020-12-27,Germany,"Moderna, Pfizer/BioNTech",https://impfdashboard.de/,24355,24344,11,0
2020-12-28,Germany,"Moderna, Pfizer/BioNTech",https://impfdashboard.de/,42459,42383,76,0
2020-12-29,Germany,"Moderna, Oxford/AstraZeneca, Pfizer/BioNTech",https://impfdashboard.de/,93185,92455,729,1
2020-12-30,Germany,"Moderna, Oxford/AstraZeneca, Pfizer/BioNTech",https://impfdashboard.de/,157313,156551,761,1
2020-12-31,Germany,"Moderna, Oxford/AstraZeneca, Pfizer/BioNTech",https://impfdashboard.de/,207324,206475,848,1
2021-01-01,Germany,"Johnson&Johnson, Moderna, Oxford/AstraZeneca, Pfizer/BioNTech",https://impfdashboard.de/,232825,231968,856,2
2021-01-02,Germany,"Johnson&Johnson, Moderna, Oxford/AstraZeneca, Pfizer/BioNTech",https://impfdashboard.de/,280911,279976,934,2
2021-01-03,Germany,"Johnson&Johnson, Moderna, Oxford/AstraZeneca, Pfizer/BioNTech",https://impfdashboard.de/,303470,302531,938,2
2021-01-04,Germany,"Johnson&Johnson, Moderna, Oxford/AstraZeneca, Pfizer/BioNTech",https://impfdashboard.de/,349658,348620,1054,2
2021-01-05,Germany,"Johnson&Johnson, Moderna, Oxford/AstraZeneca, Pfizer/BioNTech",https://impfdashboard.de/,402353,401228,1141,2
2021-01-06,Germany,"Johnson&Johnson, Moderna, Oxford/AstraZeneca, Pfizer/BioNTech",https://impfdashboard.de/,465506,464293,1229,2
2021-01-07,Germany,"Johnson&Johnson, Moderna, Oxford/AstraZeneca, Pfizer/BioNTech",https://impfdashboard.de/,520297,519064,1250,2
2021-01-08,Germany,"Johnson&Johnson, Moderna, Oxford/AstraZeneca, Pfizer/BioNTech",https://impfdashboard.de/,583115,581779,1353,2
2021-01-09,Germany,"Johnson&Johnson, Moderna, Oxford/AstraZeneca, Pfizer/BioNTech",https://impfdashboard.de/,643844,642364,1497,2
2021-01-10,Germany,"Johnson&Johnson, Moderna, Oxford/AstraZeneca, Pfizer/BioNTech",https://impfdashboard.de/,679824,678230,1611,2
2021-01-11,Germany,"Johnson&Johnson, Moderna, Oxford/AstraZeneca, Pfizer/BioNTech",https://impfdashboard.de/,748088,746440,1665,2
2021-01-12,Germany,"Johnson&Johnson, Moderna, Oxford/AstraZeneca, Pfizer/BioNTech",https://impfdashboard.de/,827215,825503,1729,2
2021-01-13,Germany,"Johnson&Johnson, Moderna, Oxford/AstraZeneca, Pfizer/BioNTech",https://impfdashboard.de/,939365,937452,1930,2
2021-01-14,Germany,"Johnson&Johnson, Moderna, Oxford/AstraZeneca, Pfizer/BioNTech",https://impfdashboard.de/,1023471,1021345,2143,2
2021-01-15,Germany,"Johnson&Johnson, Moderna, Oxford/AstraZeneca, Pfizer/BioNTech",https://impfdashboard.de/,1115268,1112223,3064,2
2021-01-16,Germany,"Johnson&Johnson, Moderna, Oxford/AstraZeneca, Pfizer/BioNTech",https://impfdashboard.de/,1173331,1169064,4287,2
2021-01-17,Germany,"Johnson&Johnson, Moderna, Oxford/AstraZeneca, Pfizer/BioNTech",https://impfdashboard.de/,1221132,1199853,21300,2
2021-01-18,Germany,"Johnson&Johnson, Moderna, Oxford/AstraZeneca, Pfizer/BioNTech",https://impfdashboard.de/,1304122,1267211,36932,2
2021-01-19,Germany,"Johnson&Johnson, Moderna, Oxford/AstraZeneca, Pfizer/BioNTech",https://impfdashboard.de/,1423829,1350834,73016,2
2021-01-20,Germany,"Johnson&Johnson, Moderna, Oxford/AstraZeneca, Pfizer/BioNTech",https://impfdashboard.de/,1556611,1429835,126797,2
2021-01-21,Germany,"Johnson&Johnson, Moderna, Oxford/AstraZeneca, Pfizer/BioNTech",https://impfdashboard.de/,1662154,1494446,167728,3
2021-01-22,Germany,"Johnson&Johnson, Moderna, Oxford/AstraZeneca, Pfizer/BioNTech",https://impfdashboard.de/,1764486,1563180,201326,3
2021-01-23,Germany,"Johnson&Johnson, Moderna, Oxford/AstraZeneca, Pfizer/BioNTech",https://impfdashboard.de/,1851534,1603675,247879,3
2021-01-24,Germany,"Johnson&Johnson, Moderna, Oxford/AstraZeneca, Pfizer/BioNTech",https://impfdashboard.de/,1899359,1629360,270019,3
2021-01-25,Germany,"Johnson&Johnson, Moderna, Oxford/AstraZeneca, Pfizer/BioNTech",https://impfdashboard.de/,1990370,1681630,308760,3
2021-01-26,Germany,"Johnson&Johnson, Moderna, Oxford/AstraZeneca, Pfizer/BioNTech",https://impfdashboard.de/,2088776,1732298,356494,7
2021-01-27,Germany,"Johnson&Johnson, Moderna, Oxford/AstraZeneca, Pfizer/BioNTech",https://impfdashboard.de/,2198191,1783235,414973,7
2021-01-28,Germany,"Johnson&Johnson, Moderna, Oxford/AstraZeneca, Pfizer/BioNTech",https://impfdashboard.de/,2290719,1830047,460689,7
2021-01-29,Germany,"Johnson&Johnson, Moderna, Oxford/AstraZeneca, Pfizer/BioNTech",https://impfdashboard.de/,2398424,1879868,518573,7
2021-01-30,Germany,"Johnson&Johnson, Moderna, Oxford/AstraZeneca, Pfizer/BioNTech",https://impfdashboard.de/,2486525,1914474,572070,7
2021-01-31,Germany,"Johnson&Johnson, Moderna, Oxford/AstraZeneca, Pfizer/BioNTech",https://impfdashboard.de/,2543747,1940232,603534,7
2021-02-01,Germany,"Johnson&Johnson, Moderna, Oxford/AstraZeneca, Pfizer/BioNTech",https://impfdashboard.de/,2663886,1998488,665416,8
2021-02-02,Germany,"Johnson&Johnson, Moderna, Oxford/AstraZeneca, Pfizer/BioNTech",https://impfdashboard.de/,2796692,2064011,732699,8
2021-02-03,Germany,"Johnson&Johnson, Moderna, Oxford/AstraZeneca, Pfizer/BioNTech",https://impfdashboard.de/,2959668,2128590,831096,8
2021-02-04,Germany,"Johnson&Johnson, Moderna, Oxford/AstraZeneca, Pfizer/BioNTech",https://impfdashboard.de/,3094245,2190664,903598,9
2021-02-05,Germany,"Johnson&Johnson, Moderna, Oxford/AstraZeneca, Pfizer/BioNTech",https://impfdashboard.de/,3241792,2260028,981781,9
2021-02-06,Germany,"Johnson&Johnson, Moderna, Oxford/AstraZeneca, Pfizer/BioNTech",https://impfdashboard.de/,3335938,2305625,1030330,9
2021-02-07,Germany,"Johnson&Johnson, Moderna, Oxford/AstraZeneca, Pfizer/BioNTech",https://impfdashboard.de/,3389503,2333914,1055607,9
2021-02-08,Germany,"Johnson&Johnson, Moderna, Oxford/AstraZeneca, Pfizer/BioNTech",https://impfdashboard.de/,3498979,2386944,1112054,9
2021-02-09,Germany,"Johnson&Johnson, Moderna, Oxford/AstraZeneca, Pfizer/BioNTech",https://impfdashboard.de/,3633566,2447178,1186406,10
2021-02-10,Germany,"Johnson&Johnson, Moderna, Oxford/AstraZeneca, Pfizer/BioNTech",https://impfdashboard.de/,3789066,2524957,1264128,10
2021-02-11,Germany,"Johnson&Johnson, Moderna, Oxford/AstraZeneca, Pfizer/BioNTech",https://impfdashboard.de/,3933613,2600507,1333127,10
2021-02-12,Germany,"Johnson&Johnson, Moderna, Oxford/AstraZeneca, Pfizer/BioNTech",https://impfdashboard.de/,4089835,2680766,1409093,10
2021-02-13,Germany,"Johnson&Johnson, Moderna, Oxford/AstraZeneca, Pfizer/BioNTech",https://impfdashboard.de/,4197684,2742818,1454891,10
2021-02-14,Germany,"Johnson&Johnson, Moderna, Oxford/AstraZeneca, Pfizer/BioNTech",https://impfdashboard.de/,4263143,2782447,1480722,10
2021-02-15,Germany,"Johnson&Johnson, Moderna, Oxford/AstraZeneca, Pfizer/BioNTech",https://impfdashboard.de/,4388991,2852621,1536407,10
2021-02-16,Germany,"Johnson&Johnson, Moderna, Oxford/AstraZeneca, Pfizer/BioNTech",https://impfdashboard.de/,4523813,2930978,1592873,10
2021-02-17,Germany,"Johnson&Johnson, Moderna, Oxford/AstraZeneca, Pfizer/BioNTech",https://impfdashboard.de/,4675672,3026396,1649315,10
2021-02-18,Germany,"Johnson&Johnson, Moderna, Oxford/AstraZeneca, Pfizer/BioNTech",https://impfdashboard.de/,4820541,3117933,1702651,11
2021-02-19,Germany,"Johnson&Johnson, Moderna, Oxford/AstraZeneca, Pfizer/BioNTech",https://impfdashboard.de/,4979617,3221083,1758578,11
2021-02-20,Germany,"Johnson&Johnson, Moderna, Oxford/AstraZeneca, Pfizer/BioNTech",https://impfdashboard.de/,5092103,3297249,1794900,11
2021-02-21,Germany,"Johnson&Johnson, Moderna, Oxford/AstraZeneca, Pfizer/BioNTech",https://impfdashboard.de/,5178117,3354960,1823204,11
2021-02-22,Germany,"Johnson&Johnson, Moderna, Oxford/AstraZeneca, Pfizer/BioNTech",https://impfdashboard.de/,5334783,3453253,1881578,11
2021-02-23,Germany,"Johnson&Johnson, Moderna, Oxford/AstraZeneca, Pfizer/BioNTech",https://impfdashboard.de/,5505353,3563248,1942154,11
2021-02-24,Germany,"Johnson&Johnson, Moderna, Oxford/AstraZeneca, Pfizer/BioNTech",https://impfdashboard.de/,5682392,3680843,2001598,12
2021-02-25,Germany,"Johnson&Johnson, Moderna, Oxford/AstraZeneca, Pfizer/BioNTech",https://impfdashboard.de/,5872696,3811792,2060952,13
2021-02-26,Germany,"Johnson&Johnson, Moderna, Oxford/AstraZeneca, Pfizer/BioNTech",https://impfdashboard.de/,6086743,3958205,2128585,14
2021-02-27,Germany,"Johnson&Johnson, Moderna, Oxford/AstraZeneca, Pfizer/BioNTech",https://impfdashboard.de/,6234846,4066501,2168393,14
2021-02-28,Germany,"Johnson&Johnson, Moderna, Oxford/AstraZeneca, Pfizer/BioNTech",https://impfdashboard.de/,6338336,4145786,2192587,27
2021-03-01,Germany,"Johnson&Johnson, Moderna, Oxford/AstraZeneca, Pfizer/BioNTech",https://impfdashboard.de/,6537679,4295118,2242598,27
2021-03-02,Germany,"Johnson&Johnson, Moderna, Oxford/AstraZeneca, Pfizer/BioNTech",https://impfdashboard.de/,6757841,4463028,2294850,27
2021-03-03,Germany,"Johnson&Johnson, Moderna, Oxford/AstraZeneca, Pfizer/BioNTech",https://impfdashboard.de/,7006370,4640767,2365640,27
2021-03-04,Germany,"Johnson&Johnson, Moderna, Oxford/AstraZeneca, Pfizer/BioNTech",https://impfdashboard.de/,7252246,4823299,2428983,28
2021-03-05,Germany,"Johnson&Johnson, Moderna, Oxford/AstraZeneca, Pfizer/BioNTech",https://impfdashboard.de/,7527833,5031441,2496428,29
2021-03-06,Germany,"Johnson&Johnson, Moderna, Oxford/AstraZeneca, Pfizer/BioNTech",https://impfdashboard.de/,7730680,5185549,2545167,29
2021-03-07,Germany,"Johnson&Johnson, Moderna, Oxford/AstraZeneca, Pfizer/BioNTech",https://impfdashboard.de/,7878559,5299908,2578687,29
2021-03-08,Germany,"Johnson&Johnson, Moderna, Oxford/AstraZeneca, Pfizer/BioNTech",https://impfdashboard.de/,8116815,5486299,2630552,29
2021-03-09,Germany,"Johnson&Johnson, Moderna, Oxford/AstraZeneca, Pfizer/BioNTech",https://impfdashboard.de/,8369830,5684349,2685516,30
2021-03-10,Germany,"Johnson&Johnson, Moderna, Oxford/AstraZeneca, Pfizer/BioNTech",https://impfdashboard.de/,8659760,5906813,2752981,32
2021-03-11,Germany,"Johnson&Johnson, Moderna, Oxford/AstraZeneca, Pfizer/BioNTech",https://impfdashboard.de/,8944920,6131007,2813946,33
2021-03-12,Germany,"Johnson&Johnson, Moderna, Oxford/AstraZeneca, Pfizer/BioNTech",https://impfdashboard.de/,9272556,6387521,2885068,33
2021-03-13,Germany,"Johnson&Johnson, Moderna, Oxford/AstraZeneca, Pfizer/BioNTech",https://impfdashboard.de/,9513808,6578381,2935460,33
2021-03-14,Germany,"Johnson&Johnson, Moderna, Oxford/AstraZeneca, Pfizer/BioNTech",https://impfdashboard.de/,9684259,6713129,2971161,35
2021-03-15,Germany,"Johnson&Johnson, Moderna, Oxford/AstraZeneca, Pfizer/BioNTech",https://impfdashboard.de/,9933192,6902752,3030471,35
2021-03-16,Germany,"Johnson&Johnson, Moderna, Oxford/AstraZeneca, Pfizer/BioNTech",https://impfdashboard.de/,10112713,7013949,3098795,35
2021-03-17,Germany,"Johnson&Johnson, Moderna, Oxford/AstraZeneca, Pfizer/BioNTech",https://impfdashboard.de/,10318567,7138623,3179975,35
2021-03-18,Germany,"Johnson&Johnson, Moderna, Oxford/AstraZeneca, Pfizer/BioNTech",https://impfdashboard.de/,10512604,7256855,3255780,35
2021-03-19,Germany,"Johnson&Johnson, Moderna, Oxford/AstraZeneca, Pfizer/BioNTech",https://impfdashboard.de/,10758503,7418086,3340447,36
2021-03-20,Germany,"Johnson&Johnson, Moderna, Oxford/AstraZeneca, Pfizer/BioNTech",https://impfdashboard.de/,10979355,7585538,3393846,37
2021-03-21,Germany,"Johnson&Johnson, Moderna, Oxford/AstraZeneca, Pfizer/BioNTech",https://impfdashboard.de/,11144271,7712130,3432171,37
2021-03-22,Germany,"Johnson&Johnson, Moderna, Oxford/AstraZeneca, Pfizer/BioNTech",https://impfdashboard.de/,11414237,7905369,3508895,40
2021-03-23,Germany,"Johnson&Johnson, Moderna, Oxford/AstraZeneca, Pfizer/BioNTech",https://impfdashboard.de/,11715919,8122667,3593280,40
2021-03-24,Germany,"Johnson&Johnson, Moderna, Oxford/AstraZeneca, Pfizer/BioNTech",https://impfdashboard.de/,12056319,8373371,3682978,40
2021-03-25,Germany,"Johnson&Johnson, Moderna, Oxford/AstraZeneca, Pfizer/BioNTech",https://impfdashboard.de/,12390242,8625925,3764347,41
2021-03-26,Germany,"Johnson&Johnson, Moderna, Oxford/AstraZeneca, Pfizer/BioNTech",https://impfdashboard.de/,12765700,8912325,3853406,42
2021-03-27,Germany,"Johnson&Johnson, Moderna, Oxford/AstraZeneca, Pfizer/BioNTech",https://impfdashboard.de/,13047622,9131764,3915891,42
2021-03-28,Germany,"Johnson&Johnson, Moderna, Oxford/AstraZeneca, Pfizer/BioNTech",https://impfdashboard.de/,13244387,9275190,3969231,42
2021-03-29,Germany,"Johnson&Johnson, Moderna, Oxford/AstraZeneca, Pfizer/BioNTech",https://impfdashboard.de/,13550889,9492713,4058210,42
2021-03-30,Germany,"Johnson&Johnson, Moderna, Oxford/AstraZeneca, Pfizer/BioNTech",https://impfdashboard.de/,13880822,9729698,4151156,44
2021-03-31,Germany,"Johnson&Johnson, Moderna, Oxford/AstraZeneca, Pfizer/BioNTech",https://impfdashboard.de/,14218608,9965551,4253088,45
2021-04-01,Germany,"Johnson&Johnson, Moderna, Oxford/AstraZeneca, Pfizer/BioNTech",https://impfdashboard.de/,14547030,10202695,4344366,45
2021-04-02,Germany,"Johnson&Johnson, Moderna, Oxford/AstraZeneca, Pfizer/BioNTech",https://impfdashboard.de/,14773249,10360797,4412482,46
2021-04-03,Germany,"Johnson&Johnson, Moderna, Oxford/AstraZeneca, Pfizer/BioNTech",https://impfdashboard.de/,15005746,10528615,4477161,46
2021-04-04,Germany,"Johnson&Johnson, Moderna, Oxford/AstraZeneca, Pfizer/BioNTech",https://impfdashboard.de/,15199178,10671462,4527746,46
2021-04-05,Germany,"Johnson&Johnson, Moderna, Oxford/AstraZeneca, Pfizer/BioNTech",https://impfdashboard.de/,15447643,10849504,4598165,50
2021-04-06,Germany,"Johnson&Johnson, Moderna, Oxford/AstraZeneca, Pfizer/BioNTech",https://impfdashboard.de/,15821971,11128929,4693065,55
2021-04-07,Germany,"Johnson&Johnson, Moderna, Oxford/AstraZeneca, Pfizer/BioNTech",https://impfdashboard.de/,16491060,11701474,4789608,56
2021-04-08,Germany,"Johnson&Johnson, Moderna, Oxford/AstraZeneca, Pfizer/BioNTech",https://impfdashboard.de/,17191218,12313727,4877511,59
2021-04-09,Germany,"Johnson&Johnson, Moderna, Oxford/AstraZeneca, Pfizer/BioNTech",https://impfdashboard.de/,17824608,12857968,4966662,59
2021-04-10,Germany,"Johnson&Johnson, Moderna, Oxford/AstraZeneca, Pfizer/BioNTech",https://impfdashboard.de/,18197687,13165892,5031817,59
2021-04-11,Germany,"Johnson&Johnson, Moderna, Oxford/AstraZeneca, Pfizer/BioNTech",https://impfdashboard.de/,18462001,13379765,5082258,59
2021-04-12,Germany,"Johnson&Johnson, Moderna, Oxford/AstraZeneca, Pfizer/BioNTech",https://impfdashboard.de/,18881438,13722704,5158755,61
2021-04-13,Germany,"Johnson&Johnson, Moderna, Oxford/AstraZeneca, Pfizer/BioNTech",https://impfdashboard.de/,19459208,14226660,5232567,63
2021-04-14,Germany,"Johnson&Johnson, Moderna, Oxford/AstraZeneca, Pfizer/BioNTech",https://impfdashboard.de/,20235876,14919951,5315942,65
2021-04-15,Germany,"Johnson&Johnson, Moderna, Oxford/AstraZeneca, Pfizer/BioNTech",https://impfdashboard.de/,20918060,15531798,5386280,65
2021-04-16,Germany,"Johnson&Johnson, Moderna, Oxford/AstraZeneca, Pfizer/BioNTech",https://impfdashboard.de/,21516426,16055781,5460661,67
2021-04-17,Germany,"Johnson&Johnson, Moderna, Oxford/AstraZeneca, Pfizer/BioNTech",https://impfdashboard.de/,21883004,16365652,5517367,68
2021-04-18,Germany,"Johnson&Johnson, Moderna, Oxford/AstraZeneca, Pfizer/BioNTech",https://impfdashboard.de/,22152950,16596511,5556452,70
2021-04-19,Germany,"Johnson&Johnson, Moderna, Oxford/AstraZeneca, Pfizer/BioNTech",https://impfdashboard.de/,22556461,16938461,5618010,74
2021-04-20,Germany,"Johnson&Johnson, Moderna, Oxford/AstraZeneca, Pfizer/BioNTech",https://impfdashboard.de/,23118663,17437728,5680945,76
2021-04-21,Germany,"Johnson&Johnson, Moderna, Oxford/AstraZeneca, Pfizer/BioNTech",https://impfdashboard.de/,23841213,18086853,5754369,77
2021-04-22,Germany,"Johnson&Johnson, Moderna, Oxford/AstraZeneca, Pfizer/BioNTech",https://impfdashboard.de/,24481146,18659382,5821770,80
2021-04-23,Germany,"Johnson&Johnson, Moderna, Oxford/AstraZeneca, Pfizer/BioNTech",https://impfdashboard.de/,25038679,19147674,5891011,81
2021-04-24,Germany,"Johnson&Johnson, Moderna, Oxford/AstraZeneca, Pfizer/BioNTech",https://impfdashboard.de/,25405000,19454833,5950173,81
2021-04-25,Germany,"Johnson&Johnson, Moderna, Oxford/AstraZeneca, Pfizer/BioNTech",https://impfdashboard.de/,25688438,19689086,5999358,81
2021-04-26,Germany,"Johnson&Johnson, Moderna, Oxford/AstraZeneca, Pfizer/BioNTech",https://impfdashboard.de/,26122527,20049054,6073550,81
2021-04-27,Germany,"Johnson&Johnson, Moderna, Oxford/AstraZeneca, Pfizer/BioNTech",https://impfdashboard.de/,26909293,20744194,6165723,87
2021-04-28,Germany,"Johnson&Johnson, Moderna, Oxford/AstraZeneca, Pfizer/BioNTech",https://impfdashboard.de/,28034033,21742382,6293109,88
2021-04-29,Germany,"Johnson&Johnson, Moderna, Oxford/AstraZeneca, Pfizer/BioNTech",https://impfdashboard.de/,28982028,22557301,6427096,90
2021-04-30,Germany,"Johnson&Johnson, Moderna, Oxford/AstraZeneca, Pfizer/BioNTech",https://impfdashboard.de/,29787682,23226252,6564700,90
2021-05-01,Germany,"Johnson&Johnson, Moderna, Oxford/AstraZeneca, Pfizer/BioNTech",https://impfdashboard.de/,30124491,23489272,6641105,95
2021-05-02,Germany,"Johnson&Johnson, Moderna, Oxford/AstraZeneca, Pfizer/BioNTech",https://impfdashboard.de/,30389835,23688946,6708582,97
2021-05-03,Germany,"Johnson&Johnson, Moderna, Oxford/AstraZeneca, Pfizer/BioNTech",https://impfdashboard.de/,30842736,24026804,6825302,100
2021-05-04,Germany,"Johnson&Johnson, Moderna, Oxford/AstraZeneca, Pfizer/BioNTech",https://impfdashboard.de/,31686774,24711901,6987298,102
2021-05-05,Germany,"Johnson&Johnson, Moderna, Oxford/AstraZeneca, Pfizer/BioNTech",https://impfdashboard.de/,32835793,25632318,7220495,103
2021-05-06,Germany,"Johnson&Johnson, Moderna, Oxford/AstraZeneca, Pfizer/BioNTech",https://impfdashboard.de/,33828731,26405221,7445156,107
2021-05-07,Germany,"Johnson&Johnson, Moderna, Oxford/AstraZeneca, Pfizer/BioNTech",https://impfdashboard.de/,34721769,27063657,7684251,111
2021-05-08,Germany,"Johnson&Johnson, Moderna, Oxford/AstraZeneca, Pfizer/BioNTech",https://impfdashboard.de/,35148236,27337495,7838605,113
2021-05-09,Germany,"Johnson&Johnson, Moderna, Oxford/AstraZeneca, Pfizer/BioNTech",https://impfdashboard.de/,35434826,27522476,7941282,113
2021-05-10,Germany,"Johnson&Johnson, Moderna, Oxford/AstraZeneca, Pfizer/BioNTech",https://impfdashboard.de/,36025377,27922927,8135272,117
2021-05-11,Germany,"Johnson&Johnson, Moderna, Oxford/AstraZeneca, Pfizer/BioNTech",https://impfdashboard.de/,37113015,28725589,8424023,118
2021-05-12,Germany,"Johnson&Johnson, Moderna, Oxford/AstraZeneca, Pfizer/BioNTech",https://impfdashboard.de/,38531238,29781949,8791719,120
2021-05-13,Germany,"Johnson&Johnson, Moderna, Oxford/AstraZeneca, Pfizer/BioNTech",https://impfdashboard.de/,38960984,30053299,8952771,122
2021-05-14,Germany,"Johnson&Johnson, Moderna, Oxford/AstraZeneca, Pfizer/BioNTech",https://impfdashboard.de/,39718655,30588085,9183500,123
2021-05-15,Germany,"Johnson&Johnson, Moderna, Oxford/AstraZeneca, Pfizer/BioNTech",https://impfdashboard.de/,40119542,30827494,9349260,125
2021-05-16,Germany,"Johnson&Johnson, Moderna, Oxford/AstraZeneca, Pfizer/BioNTech",https://impfdashboard.de/,40402090,30993041,9470991,125
2021-05-17,Germany,"Johnson&Johnson, Moderna, Oxford/AstraZeneca, Pfizer/BioNTech",https://impfdashboard.de/,40958486,31353051,9677270,129
2021-05-18,Germany,"Johnson&Johnson, Moderna, Oxford/AstraZeneca, Pfizer/BioNTech",https://impfdashboard.de/,41831703,31879120,10032275,132
2021-05-19,Germany,"Johnson&Johnson, Moderna, Oxford/AstraZeneca, Pfizer/BioNTech",https://impfdashboard.de/,42930903,32455707,10567177,135
2021-05-20,Germany,"Johnson&Johnson, Moderna, Oxford/AstraZeneca, Pfizer/BioNTech",https://impfdashboard.de/,43880662,32922813,11060926,137
2021-05-21,Germany,"Johnson&Johnson, Moderna, Oxford/AstraZeneca, Pfizer/BioNTech",https://impfdashboard.de/,44732872,33341268,11506704,139
2021-05-22,Germany,"Johnson&Johnson, Moderna, Oxford/AstraZeneca, Pfizer/BioNTech",https://impfdashboard.de/,45207245,33570772,11765859,142
2021-05-23,Germany,"Johnson&Johnson, Moderna, Oxford/AstraZeneca, Pfizer/BioNTech",https://impfdashboard.de/,45492708,33704622,11926338,144
2021-05-24,Germany,"Johnson&Johnson, Moderna, Oxford/AstraZeneca, Pfizer/BioNTech",https://impfdashboard.de/,45818970,33853927,12111342,150
2021-05-25,Germany,"Johnson&Johnson, Moderna, Oxford/AstraZeneca, Pfizer/BioNTech",https://impfdashboard.de/,46475275,34151501,12495333,153
2021-05-26,Germany,"Johnson&Johnson, Moderna, Oxford/AstraZeneca, Pfizer/BioNTech",https://impfdashboard.de/,47655774,34699806,13205875,157
2021-05-27,Germany,"Johnson&Johnson, Moderna, Oxford/AstraZeneca, Pfizer/BioNTech",https://impfdashboard.de/,48697928,35185561,13843494,162
2021-05-28,Germany,"Johnson&Johnson, Moderna, Oxford/AstraZeneca, Pfizer/BioNTech",https://impfdashboard.de/,49603246,35626359,14391962,164
2021-05-29,Germany,"Johnson&Johnson, Moderna, Oxford/AstraZeneca, Pfizer/BioNTech",https://impfdashboard.de/,50014278,35806378,14650787,169
2021-05-30,Germany,"Johnson&Johnson, Moderna, Oxford/AstraZeneca, Pfizer/BioNTech",https://impfdashboard.de/,50298279,35915401,14836848,170
2021-05-31,Germany,"Johnson&Johnson, Moderna, Oxford/AstraZeneca, Pfizer/BioNTech",https://impfdashboard.de/,50846140,36136815,15205832,170
2021-06-01,Germany,"Johnson&Johnson, Moderna, Oxford/AstraZeneca, Pfizer/BioNTech",https://impfdashboard.de/,51835623,36621870,15794921,172
2021-06-02,Germany,"Johnson&Johnson, Moderna, Oxford/AstraZeneca, Pfizer/BioNTech",https://impfdashboard.de/,53085477,37244153,16527473,173
2021-06-03,Germany,"Johnson&Johnson, Moderna, Oxford/AstraZeneca, Pfizer/BioNTech",https://impfdashboard.de/,53729295,37528412,16940347,174
2021-06-04,Germany,"Johnson&Johnson, Moderna, Oxford/AstraZeneca, Pfizer/BioNTech",https://impfdashboard.de/,54541512,37897715,17460526,175
2021-06-05,Germany,"Johnson&Johnson, Moderna, Oxford/AstraZeneca, Pfizer/BioNTech",https://impfdashboard.de/,54954847,38024880,17777353,175
2021-06-06,Germany,"Johnson&Johnson, Moderna, Oxford/AstraZeneca, Pfizer/BioNTech",https://impfdashboard.de/,55247440,38102785,18010310,175
2021-06-07,Germany,"Johnson&Johnson, Moderna, Oxford/AstraZeneca, Pfizer/BioNTech",https://impfdashboard.de/,55862538,38350989,18431711,175
2021-06-08,Germany,"Johnson&Johnson, Moderna, Oxford/AstraZeneca, Pfizer/BioNTech",https://impfdashboard.de/,56920629,38764698,19144562,181
2021-06-09,Germany,"Johnson&Johnson, Moderna, Oxford/AstraZeneca, Pfizer/BioNTech",https://impfdashboard.de/,58349047,39313627,20120053,186
2021-06-10,Germany,"Johnson&Johnson, Moderna, Oxford/AstraZeneca, Pfizer/BioNTech",https://impfdashboard.de/,59544579,39810835,20906929,188
2021-06-11,Germany,"Johnson&Johnson, Moderna, Oxford/AstraZeneca, Pfizer/BioNTech",https://impfdashboard.de/,60611340,40275998,21605359,191
2021-06-12,Germany,"Johnson&Johnson, Moderna, Oxford/AstraZeneca, Pfizer/BioNTech",https://impfdashboard.de/,61048158,40436135,21917285,192
2021-06-13,Germany,"Johnson&Johnson, Moderna, Oxford/AstraZeneca, Pfizer/BioNTech",https://impfdashboard.de/,61331262,40514903,22135416,192
2021-06-14,Germany,"Johnson&Johnson, Moderna, Oxford/AstraZeneca, Pfizer/BioNTech",https://impfdashboard.de/,61987883,40785983,22576198,193
2021-06-15,Germany,"Johnson&Johnson, Moderna, Oxford/AstraZeneca, Pfizer/BioNTech",https://impfdashboard.de/,63038866,41196074,23276203,193
2021-06-16,Germany,"Johnson&Johnson, Moderna, Oxford/AstraZeneca, Pfizer/BioNTech",https://impfdashboard.de/,64425709,41742751,24192664,203
2021-06-17,Germany,"Johnson&Johnson, Moderna, Oxford/AstraZeneca, Pfizer/BioNTech",https://impfdashboard.de/,65576848,42214217,24940631,203
2021-06-18,Germany,"Johnson&Johnson, Moderna, Oxford/AstraZeneca, Pfizer/BioNTech",https://impfdashboard.de/,66572246,42631212,25587918,209
2021-06-19,Germany,"Johnson&Johnson, Moderna, Oxford/AstraZeneca, Pfizer/BioNTech",https://impfdashboard.de/,67000347,42772688,25895699,210
2021-06-20,Germany,"Johnson&Johnson, Moderna, Oxford/AstraZeneca, Pfizer/BioNTech",https://impfdashboard.de/,67295531,42853576,26122810,210
2021-06-21,Germany,"Johnson&Johnson, Moderna, Oxford/AstraZeneca, Pfizer/BioNTech",https://impfdashboard.de/,67928605,43101326,26544529,210
2021-06-22,Germany,"Johnson&Johnson, Moderna, Oxford/AstraZeneca, Pfizer/BioNTech",https://impfdashboard.de/,69009257,43514820,27246108,214
2021-06-23,Germany,"Johnson&Johnson, Moderna, Oxford/AstraZeneca, Pfizer/BioNTech",https://impfdashboard.de/,70348261,44041808,28092989,216
2021-06-24,Germany,"Johnson&Johnson, Moderna, Oxford/AstraZeneca, Pfizer/BioNTech",https://impfdashboard.de/,71387731,44575178,28639661,218
2021-06-25,Germany,"Johnson&Johnson, Moderna, Oxford/AstraZeneca, Pfizer/BioNTech",https://impfdashboard.de/,72311342,44998929,29179959,224
2021-06-26,Germany,"Johnson&Johnson, Moderna, Oxford/AstraZeneca, Pfizer/BioNTech",https://impfdashboard.de/,72722175,45149924,29453057,228
2021-06-27,Germany,"Johnson&Johnson, Moderna, Oxford/AstraZeneca, Pfizer/BioNTech",https://impfdashboard.de/,73014435,45244284,29655103,232
2021-06-28,Germany,"Johnson&Johnson, Moderna, Oxford/AstraZeneca, Pfizer/BioNTech",https://impfdashboard.de/,73645161,45514027,30040643,233
2021-06-29,Germany,"Johnson&Johnson, Moderna, Oxford/AstraZeneca, Pfizer/BioNTech",https://impfdashboard.de/,74581138,45928626,30584698,233
2021-06-30,Germany,"Johnson&Johnson, Moderna, Oxford/AstraZeneca, Pfizer/BioNTech",https://impfdashboard.de/,75607375,46406170,31156390,239
2021-07-01,Germany,"Johnson&Johnson, Moderna, Oxford/AstraZeneca, Pfizer/BioNTech",https://impfdashboard.de/,76593526,46885229,31686377,246
2021-07-02,Germany,"Johnson&Johnson, Moderna, Oxford/AstraZeneca, Pfizer/BioNTech",https://impfdashboard.de/,77443427,47290279,32153494,249
2021-07-03,Germany,"Johnson&Johnson, Moderna, Oxford/AstraZeneca, Pfizer/BioNTech",https://impfdashboard.de/,77821610,47455558,32381611,255
2021-07-04,Germany,"Johnson&Johnson, Moderna, Oxford/AstraZeneca, Pfizer/BioNTech",https://impfdashboard.de/,78095242,47557918,32561796,260
2021-07-05,Germany,"Johnson&Johnson, Moderna, Oxford/AstraZeneca, Pfizer/BioNTech",https://impfdashboard.de/,78633339,47770897,32901863,268
2021-07-06,Germany,"Johnson&Johnson, Moderna, Oxford/AstraZeneca, Pfizer/BioNTech",https://impfdashboard.de/,79414928,48059790,33410502,273
2021-07-07,Germany,"Johnson&Johnson, Moderna, Oxford/AstraZeneca, Pfizer/BioNTech",https://impfdashboard.de/,80414580,48405470,34083631,280
2021-07-08,Germany,"Johnson&Johnson, Moderna, Oxford/AstraZeneca, Pfizer/BioNTech",https://impfdashboard.de/,81266201,48690651,34669582,290
2021-07-09,Germany,"Johnson&Johnson, Moderna, Oxford/AstraZeneca, Pfizer/BioNTech",https://impfdashboard.de/,82026669,48932903,35208487,299
2021-07-10,Germany,"Johnson&Johnson, Moderna, Oxford/AstraZeneca, Pfizer/BioNTech",https://impfdashboard.de/,82370894,49039309,35456088,304
2021-07-11,Germany,"Johnson&Johnson, Moderna, Oxford/AstraZeneca, Pfizer/BioNTech",https://impfdashboard.de/,82599201,49109222,35622775,309
2021-07-12,Germany,"Johnson&Johnson, Moderna, Oxford/AstraZeneca, Pfizer/BioNTech",https://impfdashboard.de/,83069428,49276033,35940300,320
2021-07-13,Germany,"Johnson&Johnson, Moderna, Oxford/AstraZeneca, Pfizer/BioNTech",https://impfdashboard.de/,83834290,49477667,36523535,334
2021-07-14,Germany,"Johnson&Johnson, Moderna, Oxford/AstraZeneca, Pfizer/BioNTech",https://impfdashboard.de/,84813115,49706189,37296897,343
2021-07-15,Germany,"Johnson&Johnson, Moderna, Oxford/AstraZeneca, Pfizer/BioNTech",https://impfdashboard.de/,85584083,49901637,37895057,350
2021-07-16,Germany,"Johnson&Johnson, Moderna, Oxford/AstraZeneca, Pfizer/BioNTech",https://impfdashboard.de/,86246989,50076726,38405104,364
2021-07-17,Germany,"Johnson&Johnson, Moderna, Oxford/AstraZeneca, Pfizer/BioNTech",https://impfdashboard.de/,86519878,50167071,38606220,370
2021-07-18,Germany,"Johnson&Johnson, Moderna, Oxford/AstraZeneca, Pfizer/BioNTech",https://impfdashboard.de/,86720510,50238897,38746338,375
2021-07-19,Germany,"Johnson&Johnson, Moderna, Oxford/AstraZeneca, Pfizer/BioNTech",https://impfdashboard.de/,87103786,50345876,39036918,386
2021-07-20,Germany,"Johnson&Johnson, Moderna, Oxford/AstraZeneca, Pfizer/BioNTech",https://impfdashboard.de/,87714425,50487889,39519881,412
2021-07-21,Germany,"Johnson&Johnson, Moderna, Oxford/AstraZeneca, Pfizer/BioNTech",https://impfdashboard.de/,88473367,50658192,40122406,416
2021-07-22,Germany,"Johnson&Johnson, Moderna, Oxford/AstraZeneca, Pfizer/BioNTech",https://impfdashboard.de/,89098587,50794549,40624898,434
2021-07-23,Germany,"Johnson&Johnson, Moderna, Oxford/AstraZeneca, Pfizer/BioNTech",https://impfdashboard.de/,89671840,50927756,41083286,455
2021-07-24,Germany,"Johnson&Johnson, Moderna, Oxford/AstraZeneca, Pfizer/BioNTech",https://impfdashboard.de/,89884014,50993176,41242001,477
2021-07-25,Germany,"Johnson&Johnson, Moderna, Oxford/AstraZeneca, Pfizer/BioNTech",https://impfdashboard.de/,90008698,51031562,41334198,483
2021-07-26,Germany,"Johnson&Johnson, Moderna, Oxford/AstraZeneca, Pfizer/BioNTech",https://impfdashboard.de/,90348678,51115354,41601512,500
2021-07-27,Germany,"Johnson&Johnson, Moderna, Oxford/AstraZeneca, Pfizer/BioNTech",https://impfdashboard.de/,90904526,51227710,42057972,550
2021-07-28,Germany,"Johnson&Johnson, Moderna, Oxford/AstraZeneca, Pfizer/BioNTech",https://impfdashboard.de/,91598126,51365007,42627968,679
2021-07-29,Germany,"Johnson&Johnson, Moderna, Oxford/AstraZeneca, Pfizer/BioNTech",https://impfdashboard.de/,92178744,51486194,43102054,804
2021-07-30,Germany,"Johnson&Johnson, Moderna, Oxford/AstraZeneca, Pfizer/BioNTech",https://impfdashboard.de/,92678315,51597863,43505885,989
2021-07-31,Germany,"Johnson&Johnson, Moderna, Oxford/AstraZeneca, Pfizer/BioNTech",https://impfdashboard.de/,92873941,51658362,43653321,1173
2021-08-01,Germany,"Johnson&Johnson, Moderna, Oxford/AstraZeneca, Pfizer/BioNTech",https://impfdashboard.de/,92991335,51695341,43739472,1344
2021-08-02,Germany,"Johnson&Johnson, Moderna, Oxford/AstraZeneca, Pfizer/BioNTech",https://impfdashboard.de/,93286359,51766253,43974725,1496
2021-08-03,Germany,"Johnson&Johnson, Moderna, Oxford/AstraZeneca, Pfizer/BioNTech",https://impfdashboard.de/,93750501,51857324,44360884,1724
2021-08-04,Germany,"Johnson&Johnson, Moderna, Oxford/AstraZeneca, Pfizer/BioNTech",https://impfdashboard.de/,94326010,51969060,44837237,1987
2021-08-05,Germany,"Johnson&Johnson, Moderna, Oxford/AstraZeneca, Pfizer/BioNTech",https://impfdashboard.de/,94845904,52069982,45270462,2205
2021-08-06,Germany,"Johnson&Johnson, Moderna, Oxford/AstraZeneca, Pfizer/BioNTech",https://impfdashboard.de/,95288255,52167092,45630723,2460
2021-08-07,Germany,"Johnson&Johnson, Moderna, Oxford/AstraZeneca, Pfizer/BioNTech",https://impfdashboard.de/,95473846,52221652,45774586,2637
2021-08-08,Germany,"Johnson&Johnson, Moderna, Oxford/AstraZeneca, Pfizer/BioNTech",https://impfdashboard.de/,95590152,52249459,45866946,2779
2021-08-09,Germany,"Johnson&Johnson, Moderna, Oxford/AstraZeneca, Pfizer/BioNTech",https://impfdashboard.de/,95885626,52310452,46110128,3069
2021-08-10,Germany,"Johnson&Johnson, Moderna, Oxford/AstraZeneca, Pfizer/BioNTech",https://impfdashboard.de/,96317333,52396771,46466660,3272
2021-08-11,Germany,"Johnson&Johnson, Moderna, Oxford/AstraZeneca, Pfizer/BioNTech",https://impfdashboard.de/,96861569,52517679,46905420,3594
2021-08-12,Germany,"Johnson&Johnson, Moderna, Oxford/AstraZeneca, Pfizer/BioNTech",https://impfdashboard.de/,97336289,52637628,47278594,3948
2021-08-13,Germany,"Johnson&Johnson, Moderna, Oxford/AstraZeneca, Pfizer/BioNTech",https://impfdashboard.de/,97761649,52753464,47607398,4345
2021-08-14,Germany,"Johnson&Johnson, Moderna, Oxford/AstraZeneca, Pfizer/BioNTech",https://impfdashboard.de/,97957530,52820681,47751407,4617
2021-08-15,Germany,"Johnson&Johnson, Moderna, Oxford/AstraZeneca, Pfizer/BioNTech",https://impfdashboard.de/,98075976,52859320,47838544,4800
2021-08-16,Germany,"Johnson&Johnson, Moderna, Oxford/AstraZeneca, Pfizer/BioNTech",https://impfdashboard.de/,98342294,52942242,48035367,5035
2021-08-17,Germany,"Johnson&Johnson, Moderna, Oxford/AstraZeneca, Pfizer/BioNTech",https://impfdashboard.de/,98704696,53056088,48299055,5280
2021-08-18,Germany,"Johnson&Johnson, Moderna, Oxford/AstraZeneca, Pfizer/BioNTech",https://impfdashboard.de/,99128541,53193313,48603574,5595
2021-08-19,Germany,"Johnson&Johnson, Moderna, Oxford/AstraZeneca, Pfizer/BioNTech",https://impfdashboard.de/,99463693,53314328,48835486,5968
2021-08-20,Germany,"Johnson&Johnson, Moderna, Oxford/AstraZeneca, Pfizer/BioNTech",https://impfdashboard.de/,99806593,53446825,49066991,6416
2021-08-21,Germany,"Johnson&Johnson, Moderna, Oxford/AstraZeneca, Pfizer/BioNTech",https://impfdashboard.de/,99963187,53520343,49163822,6775
2021-08-22,Germany,"Johnson&Johnson, Moderna, Oxford/AstraZeneca, Pfizer/BioNTech",https://impfdashboard.de/,100057438,53560500,49223505,7128
2021-08-23,Germany,"Johnson&Johnson, Moderna, Oxford/AstraZeneca, Pfizer/BioNTech",https://impfdashboard.de/,100290691,53652452,49378107,7467
2021-08-24,Germany,"Johnson&Johnson, Moderna, Oxford/AstraZeneca, Pfizer/BioNTech",https://impfdashboard.de/,100588897,53774253,49570349,7947
2021-08-25,Germany,"Johnson&Johnson, Moderna, Oxford/AstraZeneca, Pfizer/BioNTech",https://impfdashboard.de/,100931601,53915686,49789232,8482
2021-08-26,Germany,"Johnson&Johnson, Moderna, Oxford/AstraZeneca, Pfizer/BioNTech",https://impfdashboard.de/,101232518,54049261,49974125,9087
2021-08-27,Germany,"Johnson&Johnson, Moderna, Oxford/AstraZeneca, Pfizer/BioNTech",https://impfdashboard.de/,101485956,54163486,50130751,10308
2021-08-28,Germany,"Johnson&Johnson, Moderna, Oxford/AstraZeneca, Pfizer/BioNTech",https://impfdashboard.de/,101623521,54234298,50211543,11124
2021-08-29,Germany,"Johnson&Johnson, Moderna, Oxford/AstraZeneca, Pfizer/BioNTech",https://impfdashboard.de/,101708974,54271881,50265095,11898
2021-08-30,Germany,"Johnson&Johnson, Moderna, Oxford/AstraZeneca, Pfizer/BioNTech",https://impfdashboard.de/,101901350,54356757,50383358,14051
2021-08-31,Germany,"Johnson&Johnson, Moderna, Oxford/AstraZeneca, Pfizer/BioNTech",https://impfdashboard.de/,102144878,54468248,50525807,17716
2021-09-01,Germany,"Johnson&Johnson, Moderna, Oxford/AstraZeneca, Pfizer/BioNTech",https://impfdashboard.de/,102440985,54594031,50695332,33416
2021-09-02,Germany,"Johnson&Johnson, Moderna, Oxford/AstraZeneca, Pfizer/BioNTech",https://impfdashboard.de/,102698990,54706936,50837408,50683
2021-09-03,Germany,"Johnson&Johnson, Moderna, Oxford/AstraZeneca, Pfizer/BioNTech",https://impfdashboard.de/,102946504,54813945,50976499,67047
2021-09-04,Germany,"Johnson&Johnson, Moderna, Oxford/AstraZeneca, Pfizer/BioNTech",https://impfdashboard.de/,103054707,54862680,51041178,71701
2021-09-05,Germany,"Johnson&Johnson, Moderna, Oxford/AstraZeneca, Pfizer/BioNTech",https://impfdashboard.de/,103119434,54891178,51079265,75041
2021-09-06,Germany,"Johnson&Johnson, Moderna, Oxford/AstraZeneca, Pfizer/BioNTech",https://impfdashboard.de/,103274721,54955558,51163768,90189
2021-09-07,Germany,"Johnson&Johnson, Moderna, Oxford/AstraZeneca, Pfizer/BioNTech",https://impfdashboard.de/,103498161,55048243,51282544,113096
2021-09-08,Germany,"Johnson&Johnson, Moderna, Oxford/AstraZeneca, Pfizer/BioNTech",https://impfdashboard.de/,103758988,55153127,51423675,140139
2021-09-09,Germany,"Johnson&Johnson, Moderna, Oxford/AstraZeneca, Pfizer/BioNTech",https://impfdashboard.de/,104014961,55256934,51560320,168888
2021-09-10,Germany,"Johnson&Johnson, Moderna, Oxford/AstraZeneca, Pfizer/BioNTech",https://impfdashboard.de/,104242743,55346548,51692173,190725
2021-09-11,Germany,"Johnson&Johnson, Moderna, Oxford/AstraZeneca, Pfizer/BioNTech",https://impfdashboard.de/,104353311,55390583,51763454,196921
2021-09-12,Germany,"Johnson&Johnson, Moderna, Oxford/AstraZeneca, Pfizer/BioNTech",https://impfdashboard.de/,104418100,55414534,51805009,201494
2021-09-13,Germany,"Johnson&Johnson, Moderna, Oxford/AstraZeneca, Pfizer/BioNTech",https://impfdashboard.de/,104585249,55478321,51898986,222559
2021-09-14,Germany,"Johnson&Johnson, Moderna, Oxford/AstraZeneca, Pfizer/BioNTech",https://impfdashboard.de/,104822669,55571535,52022720,255756
2021-09-15,Germany,"Johnson&Johnson, Moderna, Oxford/AstraZeneca, Pfizer/BioNTech",https://impfdashboard.de/,105107098,55676341,52175636,296899
2021-09-16,Germany,"Johnson&Johnson, Moderna, Oxford/AstraZeneca, Pfizer/BioNTech",https://impfdashboard.de/,105383540,55782561,52318744,339130
2021-09-17,Germany,"Johnson&Johnson, Moderna, Oxford/AstraZeneca, Pfizer/BioNTech",https://impfdashboard.de/,105632809,55876790,52458355,370752
2021-09-18,Germany,"Johnson&Johnson, Moderna, Oxford/AstraZeneca, Pfizer/BioNTech",https://impfdashboard.de/,105745513,55918622,52531191,378666
2021-09-19,Germany,"Johnson&Johnson, Moderna, Oxford/AstraZeneca, Pfizer/BioNTech",https://impfdashboard.de/,105815103,55943398,52575191,384168
2021-09-20,Germany,"Johnson&Johnson, Moderna, Oxford/AstraZeneca, Pfizer/BioNTech",https://impfdashboard.de/,105973625,55996223,52665186,409248
2021-09-21,Germany,"Johnson&Johnson, Moderna, Oxford/AstraZeneca, Pfizer/BioNTech",https://impfdashboard.de/,106207960,56075951,52787687,451702
2021-09-22,Germany,"Johnson&Johnson, Moderna, Oxford/AstraZeneca, Pfizer/BioNTech",https://impfdashboard.de/,106483505,56166427,52931467,504519
2021-09-23,Germany,"Johnson&Johnson, Moderna, Oxford/AstraZeneca, Pfizer/BioNTech",https://impfdashboard.de/,106752200,56257398,53068589,557476
2021-09-24,Germany,"Johnson&Johnson, Moderna, Oxford/AstraZeneca, Pfizer/BioNTech",https://impfdashboard.de/,106993031,56338634,53203357,595645
2021-09-25,Germany,"Johnson&Johnson, Moderna, Oxford/AstraZeneca, Pfizer/BioNTech",https://impfdashboard.de/,107093391,56371767,53269913,604697
2021-09-26,Germany,"Johnson&Johnson, Moderna, Oxford/AstraZeneca, Pfizer/BioNTech",https://impfdashboard.de/,107150065,56389711,53306882,610626
2021-09-27,Germany,"Johnson&Johnson, Moderna, Oxford/AstraZeneca, Pfizer/BioNTech",https://impfdashboard.de/,107302010,56439178,53389496,638693
2021-09-28,Germany,"Johnson&Johnson, Moderna, Oxford/AstraZeneca, Pfizer/BioNTech",https://impfdashboard.de/,107525860,56512709,53502507,685608
2021-09-29,Germany,"Johnson&Johnson, Moderna, Oxford/AstraZeneca, Pfizer/BioNTech",https://impfdashboard.de/,107777568,56590955,53630674,740744
2021-09-30,Germany,"Johnson&Johnson, Moderna, Oxford/AstraZeneca, Pfizer/BioNTech",https://impfdashboard.de/,108021629,56669214,53756633,790469
2021-10-01,Germany,"Johnson&Johnson, Moderna, Oxford/AstraZeneca, Pfizer/BioNTech",https://impfdashboard.de/,108148651,56713053,53821877,814364
2021-10-02,Germany,"Johnson&Johnson, Moderna, Oxford/AstraZeneca, Pfizer/BioNTech",https://impfdashboard.de/,108180420,56726556,53839928,817759
2021-10-03,Germany,"Johnson&Johnson, Moderna, Oxford/AstraZeneca, Pfizer/BioNTech",https://impfdashboard.de/,108194297,56731964,53847729,819482
2021-10-04,Germany,"Johnson&Johnson, Moderna, Oxford/AstraZeneca, Pfizer/BioNTech",https://impfdashboard.de/,108289575,56764102,53895956,839298
2021-10-05,Germany,"Johnson&Johnson, Moderna, Oxford/AstraZeneca, Pfizer/BioNTech",https://impfdashboard.de/,108471535,56819032,53986034,881700
2021-10-06,Germany,"Johnson&Johnson, Moderna, Oxford/AstraZeneca, Pfizer/BioNTech",https://impfdashboard.de/,108675386,56877224,54084911,934483
2021-10-07,Germany,"Johnson&Johnson, Moderna, Oxford/AstraZeneca, Pfizer/BioNTech",https://impfdashboard.de/,108886195,56939356,54188321,986610
2021-10-08,Germany,"Johnson&Johnson, Moderna, Oxford/AstraZeneca, Pfizer/BioNTech",https://impfdashboard.de/,109067821,56996870,54276667,1029103
2021-10-09,Germany,"Johnson&Johnson, Moderna, Oxford/AstraZeneca, Pfizer/BioNTech",https://impfdashboard.de/,109108006,57012793,54298899,1034308
2021-10-10,Germany,"Johnson&Johnson, Moderna, Oxford/AstraZeneca, Pfizer/BioNTech",https://impfdashboard.de/,109125099,57019516,54308252,1036707
2021-10-11,Germany,"Johnson&Johnson, Moderna, Oxford/AstraZeneca, Pfizer/BioNTech",https://impfdashboard.de/,109220145,57049067,54353590,1060679
2021-10-12,Germany,"Johnson&Johnson, Moderna, Oxford/AstraZeneca, Pfizer/BioNTech",https://impfdashboard.de/,109397842,57098611,54435384,1111746
2021-10-13,Germany,"Johnson&Johnson, Moderna, Oxford/AstraZeneca, Pfizer/BioNTech",https://impfdashboard.de/,109601909,57153417,54527191,1173964
2021-10-14,Germany,"Johnson&Johnson, Moderna, Oxford/AstraZeneca, Pfizer/BioNTech",https://impfdashboard.de/,109808059,57208719,54621930,1235214
2021-10-15,Germany,"Johnson&Johnson, Moderna, Oxford/AstraZeneca, Pfizer/BioNTech",https://impfdashboard.de/,109976761,57256541,54700832,1282411
2021-10-16,Germany,"Johnson&Johnson, Moderna, Oxford/AstraZeneca, Pfizer/BioNTech",https://impfdashboard.de/,110016838,57271419,54722419,1288616
2021-10-17,Germany,"Johnson&Johnson, Moderna, Oxford/AstraZeneca, Pfizer/BioNTech",https://impfdashboard.de/,110033263,57277093,54730876,1291922
2021-10-18,Germany,"Johnson&Johnson, Moderna, Oxford/AstraZeneca, Pfizer/BioNTech",https://impfdashboard.de/,110123746,57302296,54770200,1320781
2021-10-19,Germany,"Johnson&Johnson, Moderna, Oxford/AstraZeneca, Pfizer/BioNTech",https://impfdashboard.de/,110299710,57347227,54846989,1379022
2021-10-20,Germany,"Johnson&Johnson, Moderna, Oxford/AstraZeneca, Pfizer/BioNTech",https://impfdashboard.de/,110501152,57395495,54931114,1452153
2021-10-21,Germany,"Johnson&Johnson, Moderna, Oxford/AstraZeneca, Pfizer/BioNTech",https://impfdashboard.de/,110704228,57444639,55015097,1526203
2021-10-22,Germany,"Johnson&Johnson, Moderna, Oxford/AstraZeneca, Pfizer/BioNTech",https://impfdashboard.de/,110860983,57484790,55081183,1580818
2021-10-23,Germany,"Johnson&Johnson, Moderna, Oxford/AstraZeneca, Pfizer/BioNTech",https://impfdashboard.de/,110903171,57499233,55100296,1591637
2021-10-24,Germany,"Johnson&Johnson, Moderna, Oxford/AstraZeneca, Pfizer/BioNTech",https://impfdashboard.de/,110917249,57503840,55106773,1595437
2021-10-25,Germany,"Johnson&Johnson, Moderna, Oxford/AstraZeneca, Pfizer/BioNTech",https://impfdashboard.de/,111021634,57530961,55148232,1634096
2021-10-26,Germany,"Johnson&Johnson, Moderna, Oxford/AstraZeneca, Pfizer/BioNTech",https://impfdashboard.de/,111225508,57574354,55225663,1720701
2021-10-27,Germany,"Johnson&Johnson, Moderna, Oxford/AstraZeneca, Pfizer/BioNTech",https://impfdashboard.de/,111461010,57621486,55309631,1828334
2021-10-28,Germany,"Johnson&Johnson, Moderna, Oxford/AstraZeneca, Pfizer/BioNTech",https://impfdashboard.de/,111701041,57670512,55393276,1939100
2021-10-29,Germany,"Johnson&Johnson, Moderna, Oxford/AstraZeneca, Pfizer/BioNTech",https://impfdashboard.de/,111893730,57711069,55459525,2028335
2021-10-30,Germany,"Johnson&Johnson, Moderna, Oxford/AstraZeneca, Pfizer/BioNTech",https://impfdashboard.de/,111935530,57723297,55474725,2044295
2021-10-31,Germany,"Johnson&Johnson, Moderna, Oxford/AstraZeneca, Pfizer/BioNTech",https://impfdashboard.de/,111949073,57727042,55479545,2049762
