date,location,total_vaccinations,people_vaccinated,people_fully_vaccinated,total_boosters,source_url,vaccine
2020-12-13,United States,25974,21921,4693,0,https://data.cdc.gov/Vaccinations/COVID-19-Vaccination-Trends-in-the-United-States-N/rh2h-3yt2,Pfizer/BioNTech
2020-12-14,United States,30425,26232,4793,0,https://data.cdc.gov/Vaccinations/COVID-19-Vaccination-Trends-in-the-United-States-N/rh2h-3yt2,Pfizer/BioNTech
2020-12-15,United States,79626,73203,5026,0,https://data.cdc.gov/Vaccinations/COVID-19-Vaccination-Trends-in-the-United-States-N/rh2h-3yt2,Pfizer/BioNTech
2020-12-16,United States,239162,227255,5468,0,https://data.cdc.gov/Vaccinations/COVID-19-Vaccination-Trends-in-the-United-States-N/rh2h-3yt2,Pfizer/BioNTech
2020-12-17,United States,511198,492134,6185,0,https://data.cdc.gov/Vaccinations/COVID-19-Vaccination-Trends-in-the-United-States-N/rh2h-3yt2,Pfizer/BioNTech
2020-12-18,United States,926060,898035,7389,0,https://data.cdc.gov/Vaccinations/COVID-19-Vaccination-Trends-in-the-United-States-N/rh2h-3yt2,Pfizer/BioNTech
2020-12-19,United States,1107930,1075858,8419,0,https://data.cdc.gov/Vaccinations/COVID-19-Vaccination-Trends-in-the-United-States-N/rh2h-3yt2,Pfizer/BioNTech
2020-12-20,United States,1213014,1178926,9170,0,https://data.cdc.gov/Vaccinations/COVID-19-Vaccination-Trends-in-the-United-States-N/rh2h-3yt2,Pfizer/BioNTech
2020-12-21,United States,1595304,1554415,10585,0,https://data.cdc.gov/Vaccinations/COVID-19-Vaccination-Trends-in-the-United-States-N/rh2h-3yt2,Pfizer/BioNTech
2020-12-22,United States,2044585,1994841,13318,0,https://data.cdc.gov/Vaccinations/COVID-19-Vaccination-Trends-in-the-United-States-N/rh2h-3yt2,Pfizer/BioNTech
2020-12-23,United States,2619613,2557126,16140,0,https://data.cdc.gov/Vaccinations/COVID-19-Vaccination-Trends-in-the-United-States-N/rh2h-3yt2,"Moderna, Pfizer/BioNTech"
2020-12-24,United States,2816027,2748304,17286,0,https://data.cdc.gov/Vaccinations/COVID-19-Vaccination-Trends-in-the-United-States-N/rh2h-3yt2,"Moderna, Pfizer/BioNTech"
2020-12-25,United States,2828686,2760817,17382,0,https://data.cdc.gov/Vaccinations/COVID-19-Vaccination-Trends-in-the-United-States-N/rh2h-3yt2,"Moderna, Pfizer/BioNTech"
2020-12-26,United States,2970697,2898969,18305,0,https://data.cdc.gov/Vaccinations/COVID-19-Vaccination-Trends-in-the-United-States-N/rh2h-3yt2,"Moderna, Pfizer/BioNTech"
2020-12-27,United States,3067355,2992342,19051,0,https://data.cdc.gov/Vaccinations/COVID-19-Vaccination-Trends-in-the-United-States-N/rh2h-3yt2,"Moderna, Pfizer/BioNTech"
2020-12-28,United States,3656269,3567373,23001,0,https://data.cdc.gov/Vaccinations/COVID-19-Vaccination-Trends-in-the-United-States-N/rh2h-3yt2,"Moderna, Pfizer/BioNTech"
2020-12-29,United States,4375537,4268263,28061,0,https://data.cdc.gov/Vaccinations/COVID-19-Vaccination-Trends-in-the-United-States-N/rh2h-3yt2,"Moderna, Pfizer/BioNTech"
2020-12-30,United States,5216438,5090404,35019,0,https://data.cdc.gov/Vaccinations/COVID-19-Vaccination-Trends-in-the-United-States-N/rh2h-3yt2,"Moderna, Pfizer/BioNTech"
2020-12-31,United States,5634986,5499404,38052,0,https://data.cdc.gov/Vaccinations/COVID-19-Vaccination-Trends-in-the-United-States-N/rh2h-3yt2,"Moderna, Pfizer/BioNTech"
2021-01-01,United States,5727739,5584422,44078,0,https://data.cdc.gov/Vaccinations/COVID-19-Vaccination-Trends-in-the-United-States-N/rh2h-3yt2,"Moderna, Pfizer/BioNTech"
2021-01-02,United States,5991404,5838939,46885,0,https://data.cdc.gov/Vaccinations/COVID-19-Vaccination-Trends-in-the-United-States-N/rh2h-3yt2,"Moderna, Pfizer/BioNTech"
2021-01-03,United States,6129682,5969989,49307,0,https://data.cdc.gov/Vaccinations/COVID-19-Vaccination-Trends-in-the-United-States-N/rh2h-3yt2,"Moderna, Pfizer/BioNTech"
2021-01-04,United States,6784838,6565936,94826,0,https://data.cdc.gov/Vaccinations/COVID-19-Vaccination-Trends-in-the-United-States-N/rh2h-3yt2,"Moderna, Pfizer/BioNTech"
2021-01-05,United States,7612445,7292334,182744,0,https://data.cdc.gov/Vaccinations/COVID-19-Vaccination-Trends-in-the-United-States-N/rh2h-3yt2,"Moderna, Pfizer/BioNTech"
2021-01-06,United States,8630622,8120473,354742,0,https://data.cdc.gov/Vaccinations/COVID-19-Vaccination-Trends-in-the-United-States-N/rh2h-3yt2,"Moderna, Pfizer/BioNTech"
2021-01-07,United States,9797999,8985424,634118,0,https://data.cdc.gov/Vaccinations/COVID-19-Vaccination-Trends-in-the-United-States-N/rh2h-3yt2,"Moderna, Pfizer/BioNTech"
2021-01-08,United States,11032989,9831971,995947,0,https://data.cdc.gov/Vaccinations/COVID-19-Vaccination-Trends-in-the-United-States-N/rh2h-3yt2,"Moderna, Pfizer/BioNTech"
2021-01-09,United States,11542200,10202701,1124124,0,https://data.cdc.gov/Vaccinations/COVID-19-Vaccination-Trends-in-the-United-States-N/rh2h-3yt2,"Moderna, Pfizer/BioNTech"
2021-01-10,United States,11793223,10379393,1192951,0,https://data.cdc.gov/Vaccinations/COVID-19-Vaccination-Trends-in-the-United-States-N/rh2h-3yt2,"Moderna, Pfizer/BioNTech"
2021-01-11,United States,12862379,11102545,1514509,0,https://data.cdc.gov/Vaccinations/COVID-19-Vaccination-Trends-in-the-United-States-N/rh2h-3yt2,"Moderna, Pfizer/BioNTech"
2021-01-12,United States,14119874,12018744,1828713,0,https://data.cdc.gov/Vaccinations/COVID-19-Vaccination-Trends-in-the-United-States-N/rh2h-3yt2,"Moderna, Pfizer/BioNTech"
2021-01-13,United States,15440449,13046522,2098272,0,https://data.cdc.gov/Vaccinations/COVID-19-Vaccination-Trends-in-the-United-States-N/rh2h-3yt2,"Moderna, Pfizer/BioNTech"
2021-01-14,United States,16752440,14200544,2233361,0,https://data.cdc.gov/Vaccinations/COVID-19-Vaccination-Trends-in-the-United-States-N/rh2h-3yt2,"Moderna, Pfizer/BioNTech"
2021-01-15,United States,18008831,15317535,2353201,0,https://data.cdc.gov/Vaccinations/COVID-19-Vaccination-Trends-in-the-United-States-N/rh2h-3yt2,"Moderna, Pfizer/BioNTech"
2021-01-16,United States,18657424,15883383,2424799,0,https://data.cdc.gov/Vaccinations/COVID-19-Vaccination-Trends-in-the-United-States-N/rh2h-3yt2,"Moderna, Pfizer/BioNTech"
2021-01-17,United States,18963225,16139655,2466802,0,https://data.cdc.gov/Vaccinations/COVID-19-Vaccination-Trends-in-the-United-States-N/rh2h-3yt2,"Moderna, Pfizer/BioNTech"
2021-01-18,United States,19846751,16777218,2693286,0,https://data.cdc.gov/Vaccinations/COVID-19-Vaccination-Trends-in-the-United-States-N/rh2h-3yt2,"Moderna, Pfizer/BioNTech"
2021-01-19,United States,21190160,17741508,3046222,0,https://data.cdc.gov/Vaccinations/COVID-19-Vaccination-Trends-in-the-United-States-N/rh2h-3yt2,"Moderna, Pfizer/BioNTech"
2021-01-20,United States,22788149,18892380,3463717,0,https://data.cdc.gov/Vaccinations/COVID-19-Vaccination-Trends-in-the-United-States-N/rh2h-3yt2,"Moderna, Pfizer/BioNTech"
2021-01-21,United States,24414893,20219107,3735497,0,https://data.cdc.gov/Vaccinations/COVID-19-Vaccination-Trends-in-the-United-States-N/rh2h-3yt2,"Moderna, Pfizer/BioNTech"
2021-01-22,United States,26042911,21613429,3943192,0,https://data.cdc.gov/Vaccinations/COVID-19-Vaccination-Trends-in-the-United-States-N/rh2h-3yt2,"Moderna, Pfizer/BioNTech"
2021-01-23,United States,26952241,22357890,4092666,0,https://data.cdc.gov/Vaccinations/COVID-19-Vaccination-Trends-in-the-United-States-N/rh2h-3yt2,"Moderna, Pfizer/BioNTech"
2021-01-24,United States,27350052,22660717,4179913,0,https://data.cdc.gov/Vaccinations/COVID-19-Vaccination-Trends-in-the-United-States-N/rh2h-3yt2,"Moderna, Pfizer/BioNTech"
2021-01-25,United States,28723904,23521814,4664414,0,https://data.cdc.gov/Vaccinations/COVID-19-Vaccination-Trends-in-the-United-States-N/rh2h-3yt2,"Moderna, Pfizer/BioNTech"
2021-01-26,United States,30387836,24577773,5240562,0,https://data.cdc.gov/Vaccinations/COVID-19-Vaccination-Trends-in-the-United-States-N/rh2h-3yt2,"Moderna, Pfizer/BioNTech"
2021-01-27,United States,32320541,25830034,5881867,0,https://data.cdc.gov/Vaccinations/COVID-19-Vaccination-Trends-in-the-United-States-N/rh2h-3yt2,"Moderna, Pfizer/BioNTech"
2021-01-28,United States,34282016,27201532,6432040,0,https://data.cdc.gov/Vaccinations/COVID-19-Vaccination-Trends-in-the-United-States-N/rh2h-3yt2,"Moderna, Pfizer/BioNTech"
2021-01-29,United States,36198946,28577026,6921651,0,https://data.cdc.gov/Vaccinations/COVID-19-Vaccination-Trends-in-the-United-States-N/rh2h-3yt2,"Moderna, Pfizer/BioNTech"
2021-01-30,United States,37222996,29341007,7162122,0,https://data.cdc.gov/Vaccinations/COVID-19-Vaccination-Trends-in-the-United-States-N/rh2h-3yt2,"Moderna, Pfizer/BioNTech"
2021-01-31,United States,37687961,29668640,7287665,0,https://data.cdc.gov/Vaccinations/COVID-19-Vaccination-Trends-in-the-United-States-N/rh2h-3yt2,"Moderna, Pfizer/BioNTech"
2021-02-01,United States,39072519,30440742,7853254,0,https://data.cdc.gov/Vaccinations/COVID-19-Vaccination-Trends-in-the-United-States-N/rh2h-3yt2,"Moderna, Pfizer/BioNTech"
2021-02-02,United States,40770185,31405451,8545726,0,https://data.cdc.gov/Vaccinations/COVID-19-Vaccination-Trends-in-the-United-States-N/rh2h-3yt2,"Moderna, Pfizer/BioNTech"
2021-02-03,United States,42915709,32670925,9372679,0,https://data.cdc.gov/Vaccinations/COVID-19-Vaccination-Trends-in-the-United-States-N/rh2h-3yt2,"Moderna, Pfizer/BioNTech"
2021-02-04,United States,45264493,34061885,10277885,0,https://data.cdc.gov/Vaccinations/COVID-19-Vaccination-Trends-in-the-United-States-N/rh2h-3yt2,"Moderna, Pfizer/BioNTech"
2021-02-05,United States,47627834,35424363,11229295,0,https://data.cdc.gov/Vaccinations/COVID-19-Vaccination-Trends-in-the-United-States-N/rh2h-3yt2,"Moderna, Pfizer/BioNTech"
2021-02-06,United States,48932674,36279974,11647866,0,https://data.cdc.gov/Vaccinations/COVID-19-Vaccination-Trends-in-the-United-States-N/rh2h-3yt2,"Moderna, Pfizer/BioNTech"
2021-02-07,United States,49382864,36561289,11803026,0,https://data.cdc.gov/Vaccinations/COVID-19-Vaccination-Trends-in-the-United-States-N/rh2h-3yt2,"Moderna, Pfizer/BioNTech"
2021-02-08,United States,50962202,37400414,12502587,0,https://data.cdc.gov/Vaccinations/COVID-19-Vaccination-Trends-in-the-United-States-N/rh2h-3yt2,"Moderna, Pfizer/BioNTech"
2021-02-09,United States,52936880,38441115,13388661,0,https://data.cdc.gov/Vaccinations/COVID-19-Vaccination-Trends-in-the-United-States-N/rh2h-3yt2,"Moderna, Pfizer/BioNTech"
2021-02-10,United States,55239277,39672938,14414254,0,https://data.cdc.gov/Vaccinations/COVID-19-Vaccination-Trends-in-the-United-States-N/rh2h-3yt2,"Moderna, Pfizer/BioNTech"
2021-02-11,United States,57643641,40952094,15492780,0,https://data.cdc.gov/Vaccinations/COVID-19-Vaccination-Trends-in-the-United-States-N/rh2h-3yt2,"Moderna, Pfizer/BioNTech"
2021-02-12,United States,60231079,42334818,16642537,0,https://data.cdc.gov/Vaccinations/COVID-19-Vaccination-Trends-in-the-United-States-N/rh2h-3yt2,"Moderna, Pfizer/BioNTech"
2021-02-13,United States,61706081,43205251,17210384,0,https://data.cdc.gov/Vaccinations/COVID-19-Vaccination-Trends-in-the-United-States-N/rh2h-3yt2,"Moderna, Pfizer/BioNTech"
2021-02-14,United States,62300509,43553571,17439034,0,https://data.cdc.gov/Vaccinations/COVID-19-Vaccination-Trends-in-the-United-States-N/rh2h-3yt2,"Moderna, Pfizer/BioNTech"
2021-02-15,United States,63480946,44169118,17969951,0,https://data.cdc.gov/Vaccinations/COVID-19-Vaccination-Trends-in-the-United-States-N/rh2h-3yt2,"Moderna, Pfizer/BioNTech"
2021-02-16,United States,65104981,44971251,18751271,0,https://data.cdc.gov/Vaccinations/COVID-19-Vaccination-Trends-in-the-United-States-N/rh2h-3yt2,"Moderna, Pfizer/BioNTech"
2021-02-17,United States,67070464,45909809,19733326,0,https://data.cdc.gov/Vaccinations/COVID-19-Vaccination-Trends-in-the-United-States-N/rh2h-3yt2,"Moderna, Pfizer/BioNTech"
2021-02-18,United States,68929907,46750831,20698652,0,https://data.cdc.gov/Vaccinations/COVID-19-Vaccination-Trends-in-the-United-States-N/rh2h-3yt2,"Moderna, Pfizer/BioNTech"
2021-02-19,United States,70900082,47581258,21786482,0,https://data.cdc.gov/Vaccinations/COVID-19-Vaccination-Trends-in-the-United-States-N/rh2h-3yt2,"Moderna, Pfizer/BioNTech"
2021-02-20,United States,72208520,48184919,22460091,0,https://data.cdc.gov/Vaccinations/COVID-19-Vaccination-Trends-in-the-United-States-N/rh2h-3yt2,"Moderna, Pfizer/BioNTech"
2021-02-21,United States,72805974,48444866,22778425,0,https://data.cdc.gov/Vaccinations/COVID-19-Vaccination-Trends-in-the-United-States-N/rh2h-3yt2,"Moderna, Pfizer/BioNTech"
2021-02-22,United States,74270651,49071211,23571288,0,https://data.cdc.gov/Vaccinations/COVID-19-Vaccination-Trends-in-the-United-States-N/rh2h-3yt2,"Moderna, Pfizer/BioNTech"
2021-02-23,United States,76217495,49957536,24582770,0,https://data.cdc.gov/Vaccinations/COVID-19-Vaccination-Trends-in-the-United-States-N/rh2h-3yt2,"Moderna, Pfizer/BioNTech"
2021-02-24,United States,78748148,51219762,25798211,0,https://data.cdc.gov/Vaccinations/COVID-19-Vaccination-Trends-in-the-United-States-N/rh2h-3yt2,"Moderna, Pfizer/BioNTech"
2021-02-25,United States,81690044,52775510,27117839,0,https://data.cdc.gov/Vaccinations/COVID-19-Vaccination-Trends-in-the-United-States-N/rh2h-3yt2,"Moderna, Pfizer/BioNTech"
2021-02-26,United States,84806266,54466876,28476788,0,https://data.cdc.gov/Vaccinations/COVID-19-Vaccination-Trends-in-the-United-States-N/rh2h-3yt2,"Moderna, Pfizer/BioNTech"
2021-02-27,United States,86804469,55622194,29280087,0,https://data.cdc.gov/Vaccinations/COVID-19-Vaccination-Trends-in-the-United-States-N/rh2h-3yt2,"Moderna, Pfizer/BioNTech"
2021-02-28,United States,87665024,56167841,29569367,0,https://data.cdc.gov/Vaccinations/COVID-19-Vaccination-Trends-in-the-United-States-N/rh2h-3yt2,"Moderna, Pfizer/BioNTech"
2021-03-01,United States,89706324,57369506,30350410,0,https://data.cdc.gov/Vaccinations/COVID-19-Vaccination-Trends-in-the-United-States-N/rh2h-3yt2,"Moderna, Pfizer/BioNTech"
2021-03-02,United States,92172994,58844761,31298133,0,https://data.cdc.gov/Vaccinations/COVID-19-Vaccination-Trends-in-the-United-States-N/rh2h-3yt2,"Moderna, Pfizer/BioNTech"
2021-03-03,United States,95083281,60597568,32413749,0,https://data.cdc.gov/Vaccinations/COVID-19-Vaccination-Trends-in-the-United-States-N/rh2h-3yt2,"Moderna, Pfizer/BioNTech"
2021-03-04,United States,98290350,62565878,33644522,0,https://data.cdc.gov/Vaccinations/COVID-19-Vaccination-Trends-in-the-United-States-N/rh2h-3yt2,"Moderna, Pfizer/BioNTech"
2021-03-05,United States,101524523,64581500,34937361,0,https://data.cdc.gov/Vaccinations/COVID-19-Vaccination-Trends-in-the-United-States-N/rh2h-3yt2,"Johnson&Johnson, Moderna, Pfizer/BioNTech"
2021-03-06,United States,103587430,65940945,35794284,0,https://data.cdc.gov/Vaccinations/COVID-19-Vaccination-Trends-in-the-United-States-N/rh2h-3yt2,"Johnson&Johnson, Moderna, Pfizer/BioNTech"
2021-03-07,United States,104519469,66626770,36136079,0,https://data.cdc.gov/Vaccinations/COVID-19-Vaccination-Trends-in-the-United-States-N/rh2h-3yt2,"Johnson&Johnson, Moderna, Pfizer/BioNTech"
2021-03-08,United States,106685737,68116122,36980321,0,https://data.cdc.gov/Vaccinations/COVID-19-Vaccination-Trends-in-the-United-States-N/rh2h-3yt2,"Johnson&Johnson, Moderna, Pfizer/BioNTech"
2021-03-09,United States,109394210,69930183,38054354,0,https://data.cdc.gov/Vaccinations/COVID-19-Vaccination-Trends-in-the-United-States-N/rh2h-3yt2,"Johnson&Johnson, Moderna, Pfizer/BioNTech"
2021-03-10,United States,112522925,72001718,39315417,0,https://data.cdc.gov/Vaccinations/COVID-19-Vaccination-Trends-in-the-United-States-N/rh2h-3yt2,"Johnson&Johnson, Moderna, Pfizer/BioNTech"
2021-03-11,United States,115967009,74290477,40703926,0,https://data.cdc.gov/Vaccinations/COVID-19-Vaccination-Trends-in-the-United-States-N/rh2h-3yt2,"Johnson&Johnson, Moderna, Pfizer/BioNTech"
2021-03-12,United States,119397075,76415808,42223233,0,https://data.cdc.gov/Vaccinations/COVID-19-Vaccination-Trends-in-the-United-States-N/rh2h-3yt2,"Johnson&Johnson, Moderna, Pfizer/BioNTech"
2021-03-13,United States,121594236,77809959,43237769,0,https://data.cdc.gov/Vaccinations/COVID-19-Vaccination-Trends-in-the-United-States-N/rh2h-3yt2,"Johnson&Johnson, Moderna, Pfizer/BioNTech"
2021-03-14,United States,122583338,78462416,43664931,0,https://data.cdc.gov/Vaccinations/COVID-19-Vaccination-Trends-in-the-United-States-N/rh2h-3yt2,"Johnson&Johnson, Moderna, Pfizer/BioNTech"
2021-03-15,United States,124870015,79965925,44530093,0,https://data.cdc.gov/Vaccinations/COVID-19-Vaccination-Trends-in-the-United-States-N/rh2h-3yt2,"Johnson&Johnson, Moderna, Pfizer/BioNTech"
2021-03-16,United States,127758805,81900208,45572482,0,https://data.cdc.gov/Vaccinations/COVID-19-Vaccination-Trends-in-the-United-States-N/rh2h-3yt2,"Johnson&Johnson, Moderna, Pfizer/BioNTech"
2021-03-17,United States,130929249,84034805,46694288,0,https://data.cdc.gov/Vaccinations/COVID-19-Vaccination-Trends-in-the-United-States-N/rh2h-3yt2,"Johnson&Johnson, Moderna, Pfizer/BioNTech"
2021-03-18,United States,134341936,86340237,47894179,0,https://data.cdc.gov/Vaccinations/COVID-19-Vaccination-Trends-in-the-United-States-N/rh2h-3yt2,"Johnson&Johnson, Moderna, Pfizer/BioNTech"
2021-03-19,United States,137682518,88562061,49107745,0,https://data.cdc.gov/Vaccinations/COVID-19-Vaccination-Trends-in-the-United-States-N/rh2h-3yt2,"Johnson&Johnson, Moderna, Pfizer/BioNTech"
2021-03-20,United States,139842769,89982304,49961771,0,https://data.cdc.gov/Vaccinations/COVID-19-Vaccination-Trends-in-the-United-States-N/rh2h-3yt2,"Johnson&Johnson, Moderna, Pfizer/BioNTech"
2021-03-21,United States,140869970,90672659,50333013,0,https://data.cdc.gov/Vaccinations/COVID-19-Vaccination-Trends-in-the-United-States-N/rh2h-3yt2,"Johnson&Johnson, Moderna, Pfizer/BioNTech"
2021-03-22,United States,143238204,92286008,51132011,0,https://data.cdc.gov/Vaccinations/COVID-19-Vaccination-Trends-in-the-United-States-N/rh2h-3yt2,"Johnson&Johnson, Moderna, Pfizer/BioNTech"
2021-03-23,United States,146304978,94277521,52272036,0,https://data.cdc.gov/Vaccinations/COVID-19-Vaccination-Trends-in-the-United-States-N/rh2h-3yt2,"Johnson&Johnson, Moderna, Pfizer/BioNTech"
2021-03-24,United States,149862654,96491927,53682936,0,https://data.cdc.gov/Vaccinations/COVID-19-Vaccination-Trends-in-the-United-States-N/rh2h-3yt2,"Johnson&Johnson, Moderna, Pfizer/BioNTech"
2021-03-25,United States,153698782,98765847,55315440,0,https://data.cdc.gov/Vaccinations/COVID-19-Vaccination-Trends-in-the-United-States-N/rh2h-3yt2,"Johnson&Johnson, Moderna, Pfizer/BioNTech"
2021-03-26,United States,157534289,100880409,57104268,0,https://data.cdc.gov/Vaccinations/COVID-19-Vaccination-Trends-in-the-United-States-N/rh2h-3yt2,"Johnson&Johnson, Moderna, Pfizer/BioNTech"
2021-03-27,United States,160007601,102256754,58260870,0,https://data.cdc.gov/Vaccinations/COVID-19-Vaccination-Trends-in-the-United-States-N/rh2h-3yt2,"Johnson&Johnson, Moderna, Pfizer/BioNTech"
2021-03-28,United States,161220224,102932969,58808013,0,https://data.cdc.gov/Vaccinations/COVID-19-Vaccination-Trends-in-the-United-States-N/rh2h-3yt2,"Johnson&Johnson, Moderna, Pfizer/BioNTech"
2021-03-29,United States,164060018,104547912,60072815,0,https://data.cdc.gov/Vaccinations/COVID-19-Vaccination-Trends-in-the-United-States-N/rh2h-3yt2,"Johnson&Johnson, Moderna, Pfizer/BioNTech"
2021-03-30,United States,167653304,106567883,61719578,0,https://data.cdc.gov/Vaccinations/COVID-19-Vaccination-Trends-in-the-United-States-N/rh2h-3yt2,"Johnson&Johnson, Moderna, Pfizer/BioNTech"
2021-03-31,United States,171822775,108982414,63646444,0,https://data.cdc.gov/Vaccinations/COVID-19-Vaccination-Trends-in-the-United-States-N/rh2h-3yt2,"Johnson&Johnson, Moderna, Pfizer/BioNTech"
2021-04-01,United States,176364721,111510212,65868616,0,https://data.cdc.gov/Vaccinations/COVID-19-Vaccination-Trends-in-the-United-States-N/rh2h-3yt2,"Johnson&Johnson, Moderna, Pfizer/BioNTech"
2021-04-02,United States,180020365,113570977,67672358,0,https://data.cdc.gov/Vaccinations/COVID-19-Vaccination-Trends-in-the-United-States-N/rh2h-3yt2,"Johnson&Johnson, Moderna, Pfizer/BioNTech"
2021-04-03,United States,182324355,114898968,68825971,0,https://data.cdc.gov/Vaccinations/COVID-19-Vaccination-Trends-in-the-United-States-N/rh2h-3yt2,"Johnson&Johnson, Moderna, Pfizer/BioNTech"
2021-04-04,United States,183089155,115337433,69196931,0,https://data.cdc.gov/Vaccinations/COVID-19-Vaccination-Trends-in-the-United-States-N/rh2h-3yt2,"Johnson&Johnson, Moderna, Pfizer/BioNTech"
2021-04-05,United States,186195025,117077881,70786538,0,https://data.cdc.gov/Vaccinations/COVID-19-Vaccination-Trends-in-the-United-States-N/rh2h-3yt2,"Johnson&Johnson, Moderna, Pfizer/BioNTech"
2021-04-06,United States,190177534,119375744,72852249,0,https://data.cdc.gov/Vaccinations/COVID-19-Vaccination-Trends-in-the-United-States-N/rh2h-3yt2,"Johnson&Johnson, Moderna, Pfizer/BioNTech"
2021-04-07,United States,194537934,121945778,75145191,0,https://data.cdc.gov/Vaccinations/COVID-19-Vaccination-Trends-in-the-United-States-N/rh2h-3yt2,"Johnson&Johnson, Moderna, Pfizer/BioNTech"
2021-04-08,United States,199036881,124519466,77642797,0,https://data.cdc.gov/Vaccinations/COVID-19-Vaccination-Trends-in-the-United-States-N/rh2h-3yt2,"Johnson&Johnson, Moderna, Pfizer/BioNTech"
2021-04-09,United States,203354664,126967277,80057846,0,https://data.cdc.gov/Vaccinations/COVID-19-Vaccination-Trends-in-the-United-States-N/rh2h-3yt2,"Johnson&Johnson, Moderna, Pfizer/BioNTech"
2021-04-10,United States,206236260,128694259,81700348,0,https://data.cdc.gov/Vaccinations/COVID-19-Vaccination-Trends-in-the-United-States-N/rh2h-3yt2,"Johnson&Johnson, Moderna, Pfizer/BioNTech"
2021-04-11,United States,207639757,129532680,82497440,0,https://data.cdc.gov/Vaccinations/COVID-19-Vaccination-Trends-in-the-United-States-N/rh2h-3yt2,"Johnson&Johnson, Moderna, Pfizer/BioNTech"
2021-04-12,United States,210652062,131169206,84208092,0,https://data.cdc.gov/Vaccinations/COVID-19-Vaccination-Trends-in-the-United-States-N/rh2h-3yt2,"Johnson&Johnson, Moderna, Pfizer/BioNTech"
2021-04-13,United States,214127022,132917954,85911569,0,https://data.cdc.gov/Vaccinations/COVID-19-Vaccination-Trends-in-the-United-States-N/rh2h-3yt2,"Johnson&Johnson, Moderna, Pfizer/BioNTech"
2021-04-14,United States,217815375,134658259,87821918,0,https://data.cdc.gov/Vaccinations/COVID-19-Vaccination-Trends-in-the-United-States-N/rh2h-3yt2,"Johnson&Johnson, Moderna, Pfizer/BioNTech"
2021-04-15,United States,221555469,136420471,89757774,0,https://data.cdc.gov/Vaccinations/COVID-19-Vaccination-Trends-in-the-United-States-N/rh2h-3yt2,"Johnson&Johnson, Moderna, Pfizer/BioNTech"
2021-04-16,United States,225151757,138061712,91672499,0,https://data.cdc.gov/Vaccinations/COVID-19-Vaccination-Trends-in-the-United-States-N/rh2h-3yt2,"Johnson&Johnson, Moderna, Pfizer/BioNTech"
2021-04-17,United States,227509186,139229694,92841121,0,https://data.cdc.gov/Vaccinations/COVID-19-Vaccination-Trends-in-the-United-States-N/rh2h-3yt2,"Johnson&Johnson, Moderna, Pfizer/BioNTech"
2021-04-18,United States,228641736,139772953,93418953,0,https://data.cdc.gov/Vaccinations/COVID-19-Vaccination-Trends-in-the-United-States-N/rh2h-3yt2,"Johnson&Johnson, Moderna, Pfizer/BioNTech"
2021-04-19,United States,231217972,140861968,94874420,0,https://data.cdc.gov/Vaccinations/COVID-19-Vaccination-Trends-in-the-United-States-N/rh2h-3yt2,"Johnson&Johnson, Moderna, Pfizer/BioNTech"
2021-04-20,United States,234460160,142243519,96698343,0,https://data.cdc.gov/Vaccinations/COVID-19-Vaccination-Trends-in-the-United-States-N/rh2h-3yt2,"Johnson&Johnson, Moderna, Pfizer/BioNTech"
2021-04-21,United States,237924159,143632787,98733691,0,https://data.cdc.gov/Vaccinations/COVID-19-Vaccination-Trends-in-the-United-States-N/rh2h-3yt2,"Johnson&Johnson, Moderna, Pfizer/BioNTech"
2021-04-22,United States,241411522,145039187,100777043,0,https://data.cdc.gov/Vaccinations/COVID-19-Vaccination-Trends-in-the-United-States-N/rh2h-3yt2,"Johnson&Johnson, Moderna, Pfizer/BioNTech"
2021-04-23,United States,244700417,146403394,102663888,0,https://data.cdc.gov/Vaccinations/COVID-19-Vaccination-Trends-in-the-United-States-N/rh2h-3yt2,"Johnson&Johnson, Moderna, Pfizer/BioNTech"
2021-04-24,United States,246903107,147411920,103842327,0,https://data.cdc.gov/Vaccinations/COVID-19-Vaccination-Trends-in-the-United-States-N/rh2h-3yt2,"Johnson&Johnson, Moderna, Pfizer/BioNTech"
2021-04-25,United States,247897020,147906277,104335544,0,https://data.cdc.gov/Vaccinations/COVID-19-Vaccination-Trends-in-the-United-States-N/rh2h-3yt2,"Johnson&Johnson, Moderna, Pfizer/BioNTech"
2021-04-26,United States,250276977,148845737,105755525,0,https://data.cdc.gov/Vaccinations/COVID-19-Vaccination-Trends-in-the-United-States-N/rh2h-3yt2,"Johnson&Johnson, Moderna, Pfizer/BioNTech"
2021-04-27,United States,253155569,149957326,107533924,0,https://data.cdc.gov/Vaccinations/COVID-19-Vaccination-Trends-in-the-United-States-N/rh2h-3yt2,"Johnson&Johnson, Moderna, Pfizer/BioNTech"
2021-04-28,United States,256235052,151112614,109491168,0,https://data.cdc.gov/Vaccinations/COVID-19-Vaccination-Trends-in-the-United-States-N/rh2h-3yt2,"Johnson&Johnson, Moderna, Pfizer/BioNTech"
2021-04-29,United States,259272019,152228418,111458157,0,https://data.cdc.gov/Vaccinations/COVID-19-Vaccination-Trends-in-the-United-States-N/rh2h-3yt2,"Johnson&Johnson, Moderna, Pfizer/BioNTech"
2021-04-30,United States,262171659,153340454,113294926,0,https://data.cdc.gov/Vaccinations/COVID-19-Vaccination-Trends-in-the-United-States-N/rh2h-3yt2,"Johnson&Johnson, Moderna, Pfizer/BioNTech"
2021-05-01,United States,264004265,154048577,114448395,0,https://data.cdc.gov/Vaccinations/COVID-19-Vaccination-Trends-in-the-United-States-N/rh2h-3yt2,"Johnson&Johnson, Moderna, Pfizer/BioNTech"
2021-05-02,United States,264880707,154374880,115030303,0,https://data.cdc.gov/Vaccinations/COVID-19-Vaccination-Trends-in-the-United-States-N/rh2h-3yt2,"Johnson&Johnson, Moderna, Pfizer/BioNTech"
2021-05-03,United States,266844260,155015291,116427385,0,https://data.cdc.gov/Vaccinations/COVID-19-Vaccination-Trends-in-the-United-States-N/rh2h-3yt2,"Johnson&Johnson, Moderna, Pfizer/BioNTech"
2021-05-04,United States,269350299,155837406,118178652,0,https://data.cdc.gov/Vaccinations/COVID-19-Vaccination-Trends-in-the-United-States-N/rh2h-3yt2,"Johnson&Johnson, Moderna, Pfizer/BioNTech"
2021-05-05,United States,271891839,156654995,119974063,0,https://data.cdc.gov/Vaccinations/COVID-19-Vaccination-Trends-in-the-United-States-N/rh2h-3yt2,"Johnson&Johnson, Moderna, Pfizer/BioNTech"
2021-05-06,United States,274404280,157436063,121775423,0,https://data.cdc.gov/Vaccinations/COVID-19-Vaccination-Trends-in-the-United-States-N/rh2h-3yt2,"Johnson&Johnson, Moderna, Pfizer/BioNTech"
2021-05-07,United States,276905070,158230850,123549093,0,https://data.cdc.gov/Vaccinations/COVID-19-Vaccination-Trends-in-the-United-States-N/rh2h-3yt2,"Johnson&Johnson, Moderna, Pfizer/BioNTech"
2021-05-08,United States,278436017,158739852,124629539,0,https://data.cdc.gov/Vaccinations/COVID-19-Vaccination-Trends-in-the-United-States-N/rh2h-3yt2,"Johnson&Johnson, Moderna, Pfizer/BioNTech"
2021-05-09,United States,279050777,158946621,125064601,0,https://data.cdc.gov/Vaccinations/COVID-19-Vaccination-Trends-in-the-United-States-N/rh2h-3yt2,"Johnson&Johnson, Moderna, Pfizer/BioNTech"
2021-05-10,United States,280649440,159431459,126228461,0,https://data.cdc.gov/Vaccinations/COVID-19-Vaccination-Trends-in-the-United-States-N/rh2h-3yt2,"Johnson&Johnson, Moderna, Pfizer/BioNTech"
2021-05-11,United States,282688416,160091369,127665139,0,https://data.cdc.gov/Vaccinations/COVID-19-Vaccination-Trends-in-the-United-States-N/rh2h-3yt2,"Johnson&Johnson, Moderna, Pfizer/BioNTech"
2021-05-12,United States,284695647,160736392,129090790,0,https://data.cdc.gov/Vaccinations/COVID-19-Vaccination-Trends-in-the-United-States-N/rh2h-3yt2,"Johnson&Johnson, Moderna, Pfizer/BioNTech"
2021-05-13,United States,286961099,161663169,130483748,0,https://data.cdc.gov/Vaccinations/COVID-19-Vaccination-Trends-in-the-United-States-N/rh2h-3yt2,"Johnson&Johnson, Moderna, Pfizer/BioNTech"
2021-05-14,United States,289402026,162752866,131904991,0,https://data.cdc.gov/Vaccinations/COVID-19-Vaccination-Trends-in-the-United-States-N/rh2h-3yt2,"Johnson&Johnson, Moderna, Pfizer/BioNTech"
2021-05-15,United States,291239040,163657816,132888046,0,https://data.cdc.gov/Vaccinations/COVID-19-Vaccination-Trends-in-the-United-States-N/rh2h-3yt2,"Johnson&Johnson, Moderna, Pfizer/BioNTech"
2021-05-16,United States,292169622,164135520,133371280,0,https://data.cdc.gov/Vaccinations/COVID-19-Vaccination-Trends-in-the-United-States-N/rh2h-3yt2,"Johnson&Johnson, Moderna, Pfizer/BioNTech"
2021-05-17,United States,293984597,165021353,134373300,0,https://data.cdc.gov/Vaccinations/COVID-19-Vaccination-Trends-in-the-United-States-N/rh2h-3yt2,"Johnson&Johnson, Moderna, Pfizer/BioNTech"
2021-05-18,United States,296049409,166011857,135525248,0,https://data.cdc.gov/Vaccinations/COVID-19-Vaccination-Trends-in-the-United-States-N/rh2h-3yt2,"Johnson&Johnson, Moderna, Pfizer/BioNTech"
2021-05-19,United States,298128498,166996730,136694762,0,https://data.cdc.gov/Vaccinations/COVID-19-Vaccination-Trends-in-the-United-States-N/rh2h-3yt2,"Johnson&Johnson, Moderna, Pfizer/BioNTech"
2021-05-20,United States,300140253,167919114,137858550,0,https://data.cdc.gov/Vaccinations/COVID-19-Vaccination-Trends-in-the-United-States-N/rh2h-3yt2,"Johnson&Johnson, Moderna, Pfizer/BioNTech"
2021-05-21,United States,302190659,168852364,139046611,0,https://data.cdc.gov/Vaccinations/COVID-19-Vaccination-Trends-in-the-United-States-N/rh2h-3yt2,"Johnson&Johnson, Moderna, Pfizer/BioNTech"
2021-05-22,United States,303633907,169581981,139811047,0,https://data.cdc.gov/Vaccinations/COVID-19-Vaccination-Trends-in-the-United-States-N/rh2h-3yt2,"Johnson&Johnson, Moderna, Pfizer/BioNTech"
2021-05-23,United States,304290384,169920938,140155373,0,https://data.cdc.gov/Vaccinations/COVID-19-Vaccination-Trends-in-the-United-States-N/rh2h-3yt2,"Johnson&Johnson, Moderna, Pfizer/BioNTech"
2021-05-24,United States,305606590,170556195,140898887,0,https://data.cdc.gov/Vaccinations/COVID-19-Vaccination-Trends-in-the-United-States-N/rh2h-3yt2,"Johnson&Johnson, Moderna, Pfizer/BioNTech"
2021-05-25,United States,307038583,171223644,141729154,0,https://data.cdc.gov/Vaccinations/COVID-19-Vaccination-Trends-in-the-United-States-N/rh2h-3yt2,"Johnson&Johnson, Moderna, Pfizer/BioNTech"
2021-05-26,United States,308466078,171883639,142556213,0,https://data.cdc.gov/Vaccinations/COVID-19-Vaccination-Trends-in-the-United-States-N/rh2h-3yt2,"Johnson&Johnson, Moderna, Pfizer/BioNTech"
2021-05-27,United States,309806060,172497456,143341794,0,https://data.cdc.gov/Vaccinations/COVID-19-Vaccination-Trends-in-the-United-States-N/rh2h-3yt2,"Johnson&Johnson, Moderna, Pfizer/BioNTech"
2021-05-28,United States,311127785,173100962,144118616,0,https://data.cdc.gov/Vaccinations/COVID-19-Vaccination-Trends-in-the-United-States-N/rh2h-3yt2,"Johnson&Johnson, Moderna, Pfizer/BioNTech"
2021-05-29,United States,311890180,173481352,144535726,0,https://data.cdc.gov/Vaccinations/COVID-19-Vaccination-Trends-in-the-United-States-N/rh2h-3yt2,"Johnson&Johnson, Moderna, Pfizer/BioNTech"
2021-05-30,United States,312273837,173682553,144739057,0,https://data.cdc.gov/Vaccinations/COVID-19-Vaccination-Trends-in-the-United-States-N/rh2h-3yt2,"Johnson&Johnson, Moderna, Pfizer/BioNTech"
2021-05-31,United States,312473993,173771162,144859871,0,https://data.cdc.gov/Vaccinations/COVID-19-Vaccination-Trends-in-the-United-States-N/rh2h-3yt2,"Johnson&Johnson, Moderna, Pfizer/BioNTech"
2021-06-01,United States,313730555,174297126,145632840,0,https://data.cdc.gov/Vaccinations/COVID-19-Vaccination-Trends-in-the-United-States-N/rh2h-3yt2,"Johnson&Johnson, Moderna, Pfizer/BioNTech"
2021-06-02,United States,314842241,174792247,146304005,0,https://data.cdc.gov/Vaccinations/COVID-19-Vaccination-Trends-in-the-United-States-N/rh2h-3yt2,"Johnson&Johnson, Moderna, Pfizer/BioNTech"
2021-06-03,United States,316082667,175257321,147129884,0,https://data.cdc.gov/Vaccinations/COVID-19-Vaccination-Trends-in-the-United-States-N/rh2h-3yt2,"Johnson&Johnson, Moderna, Pfizer/BioNTech"
2021-06-04,United States,317478999,175760756,148073709,0,https://data.cdc.gov/Vaccinations/COVID-19-Vaccination-Trends-in-the-United-States-N/rh2h-3yt2,"Johnson&Johnson, Moderna, Pfizer/BioNTech"
2021-06-05,United States,318544553,176115996,148815934,0,https://data.cdc.gov/Vaccinations/COVID-19-Vaccination-Trends-in-the-United-States-N/rh2h-3yt2,"Johnson&Johnson, Moderna, Pfizer/BioNTech"
2021-06-06,United States,319058647,176288400,149175333,0,https://data.cdc.gov/Vaccinations/COVID-19-Vaccination-Trends-in-the-United-States-N/rh2h-3yt2,"Johnson&Johnson, Moderna, Pfizer/BioNTech"
2021-06-07,United States,320123252,176662221,149906395,0,https://data.cdc.gov/Vaccinations/COVID-19-Vaccination-Trends-in-the-United-States-N/rh2h-3yt2,"Johnson&Johnson, Moderna, Pfizer/BioNTech"
2021-06-08,United States,321291782,177067730,150713806,0,https://data.cdc.gov/Vaccinations/COVID-19-Vaccination-Trends-in-the-United-States-N/rh2h-3yt2,"Johnson&Johnson, Moderna, Pfizer/BioNTech"
2021-06-09,United States,322451922,177461249,151525105,0,https://data.cdc.gov/Vaccinations/COVID-19-Vaccination-Trends-in-the-United-States-N/rh2h-3yt2,"Johnson&Johnson, Moderna, Pfizer/BioNTech"
2021-06-10,United States,323615546,177867738,152328106,0,https://data.cdc.gov/Vaccinations/COVID-19-Vaccination-Trends-in-the-United-States-N/rh2h-3yt2,"Johnson&Johnson, Moderna, Pfizer/BioNTech"
2021-06-11,United States,324840792,178297574,153169168,0,https://data.cdc.gov/Vaccinations/COVID-19-Vaccination-Trends-in-the-United-States-N/rh2h-3yt2,"Johnson&Johnson, Moderna, Pfizer/BioNTech"
2021-06-12,United States,325730293,178579704,153803494,0,https://data.cdc.gov/Vaccinations/COVID-19-Vaccination-Trends-in-the-United-States-N/rh2h-3yt2,"Johnson&Johnson, Moderna, Pfizer/BioNTech"
2021-06-13,United States,326121709,178693866,154096967,0,https://data.cdc.gov/Vaccinations/COVID-19-Vaccination-Trends-in-the-United-States-N/rh2h-3yt2,"Johnson&Johnson, Moderna, Pfizer/BioNTech"
2021-06-14,United States,327030039,179027537,154708715,0,https://data.cdc.gov/Vaccinations/COVID-19-Vaccination-Trends-in-the-United-States-N/rh2h-3yt2,"Johnson&Johnson, Moderna, Pfizer/BioNTech"
2021-06-15,United States,328004484,179390580,155361290,0,https://data.cdc.gov/Vaccinations/COVID-19-Vaccination-Trends-in-the-United-States-N/rh2h-3yt2,"Johnson&Johnson, Moderna, Pfizer/BioNTech"
2021-06-16,United States,328945376,179751065,155984383,0,https://data.cdc.gov/Vaccinations/COVID-19-Vaccination-Trends-in-the-United-States-N/rh2h-3yt2,"Johnson&Johnson, Moderna, Pfizer/BioNTech"
2021-06-17,United States,329835976,180104494,156567324,0,https://data.cdc.gov/Vaccinations/COVID-19-Vaccination-Trends-in-the-United-States-N/rh2h-3yt2,"Johnson&Johnson, Moderna, Pfizer/BioNTech"
2021-06-18,United States,330754089,180475314,157155315,0,https://data.cdc.gov/Vaccinations/COVID-19-Vaccination-Trends-in-the-United-States-N/rh2h-3yt2,"Johnson&Johnson, Moderna, Pfizer/BioNTech"
2021-06-19,United States,331327725,180707672,157520827,0,https://data.cdc.gov/Vaccinations/COVID-19-Vaccination-Trends-in-the-United-States-N/rh2h-3yt2,"Johnson&Johnson, Moderna, Pfizer/BioNTech"
2021-06-20,United States,331603539,180820399,157694961,0,https://data.cdc.gov/Vaccinations/COVID-19-Vaccination-Trends-in-the-United-States-N/rh2h-3yt2,"Johnson&Johnson, Moderna, Pfizer/BioNTech"
2021-06-21,United States,332162193,181123404,157983128,0,https://data.cdc.gov/Vaccinations/COVID-19-Vaccination-Trends-in-the-United-States-N/rh2h-3yt2,"Johnson&Johnson, Moderna, Pfizer/BioNTech"
2021-06-22,United States,332915466,181449646,158445776,0,https://data.cdc.gov/Vaccinations/COVID-19-Vaccination-Trends-in-the-United-States-N/rh2h-3yt2,"Johnson&Johnson, Moderna, Pfizer/BioNTech"
2021-06-23,United States,333648936,181782049,158881285,0,https://data.cdc.gov/Vaccinations/COVID-19-Vaccination-Trends-in-the-United-States-N/rh2h-3yt2,"Johnson&Johnson, Moderna, Pfizer/BioNTech"
2021-06-24,United States,334346153,182102926,159292446,0,https://data.cdc.gov/Vaccinations/COVID-19-Vaccination-Trends-in-the-United-States-N/rh2h-3yt2,"Johnson&Johnson, Moderna, Pfizer/BioNTech"
2021-06-25,United States,335110039,182455658,159737541,0,https://data.cdc.gov/Vaccinations/COVID-19-Vaccination-Trends-in-the-United-States-N/rh2h-3yt2,"Johnson&Johnson, Moderna, Pfizer/BioNTech"
2021-06-26,United States,335607434,182681927,160028705,0,https://data.cdc.gov/Vaccinations/COVID-19-Vaccination-Trends-in-the-United-States-N/rh2h-3yt2,"Johnson&Johnson, Moderna, Pfizer/BioNTech"
2021-06-27,United States,335874207,182809670,160177452,0,https://data.cdc.gov/Vaccinations/COVID-19-Vaccination-Trends-in-the-United-States-N/rh2h-3yt2,"Johnson&Johnson, Moderna, Pfizer/BioNTech"
2021-06-28,United States,336426550,183087231,160478237,0,https://data.cdc.gov/Vaccinations/COVID-19-Vaccination-Trends-in-the-United-States-N/rh2h-3yt2,"Johnson&Johnson, Moderna, Pfizer/BioNTech"
2021-06-29,United States,337052882,183386730,160831293,0,https://data.cdc.gov/Vaccinations/COVID-19-Vaccination-Trends-in-the-United-States-N/rh2h-3yt2,"Johnson&Johnson, Moderna, Pfizer/BioNTech"
2021-06-30,United States,337682037,183696028,161177803,0,https://data.cdc.gov/Vaccinations/COVID-19-Vaccination-Trends-in-the-United-States-N/rh2h-3yt2,"Johnson&Johnson, Moderna, Pfizer/BioNTech"
2021-07-01,United States,338282993,183989273,161506804,0,https://data.cdc.gov/Vaccinations/COVID-19-Vaccination-Trends-in-the-United-States-N/rh2h-3yt2,"Johnson&Johnson, Moderna, Pfizer/BioNTech"
2021-07-02,United States,338902397,184297466,161843781,0,https://data.cdc.gov/Vaccinations/COVID-19-Vaccination-Trends-in-the-United-States-N/rh2h-3yt2,"Johnson&Johnson, Moderna, Pfizer/BioNTech"
2021-07-03,United States,339259542,184480119,162030527,0,https://data.cdc.gov/Vaccinations/COVID-19-Vaccination-Trends-in-the-United-States-N/rh2h-3yt2,"Johnson&Johnson, Moderna, Pfizer/BioNTech"
2021-07-04,United States,339309663,184507886,162057490,0,https://data.cdc.gov/Vaccinations/COVID-19-Vaccination-Trends-in-the-United-States-N/rh2h-3yt2,"Johnson&Johnson, Moderna, Pfizer/BioNTech"
2021-07-05,United States,339705761,184710114,162264101,0,https://data.cdc.gov/Vaccinations/COVID-19-Vaccination-Trends-in-the-United-States-N/rh2h-3yt2,"Johnson&Johnson, Moderna, Pfizer/BioNTech"
2021-07-06,United States,340288697,184986146,162595663,0,https://data.cdc.gov/Vaccinations/COVID-19-Vaccination-Trends-in-the-United-States-N/rh2h-3yt2,"Johnson&Johnson, Moderna, Pfizer/BioNTech"
2021-07-07,United States,340857715,185270129,162907887,0,https://data.cdc.gov/Vaccinations/COVID-19-Vaccination-Trends-in-the-United-States-N/rh2h-3yt2,"Johnson&Johnson, Moderna, Pfizer/BioNTech"
2021-07-08,United States,341422585,185560414,163211735,0,https://data.cdc.gov/Vaccinations/COVID-19-Vaccination-Trends-in-the-United-States-N/rh2h-3yt2,"Johnson&Johnson, Moderna, Pfizer/BioNTech"
2021-07-09,United States,342054046,185884170,163549666,0,https://data.cdc.gov/Vaccinations/COVID-19-Vaccination-Trends-in-the-United-States-N/rh2h-3yt2,"Johnson&Johnson, Moderna, Pfizer/BioNTech"
2021-07-10,United States,342454614,186096614,163753952,0,https://data.cdc.gov/Vaccinations/COVID-19-Vaccination-Trends-in-the-United-States-N/rh2h-3yt2,"Johnson&Johnson, Moderna, Pfizer/BioNTech"
2021-07-11,United States,342671023,186213677,163860805,0,https://data.cdc.gov/Vaccinations/COVID-19-Vaccination-Trends-in-the-United-States-N/rh2h-3yt2,"Johnson&Johnson, Moderna, Pfizer/BioNTech"
2021-07-12,United States,343190172,186489861,164128078,0,https://data.cdc.gov/Vaccinations/COVID-19-Vaccination-Trends-in-the-United-States-N/rh2h-3yt2,"Johnson&Johnson, Moderna, Pfizer/BioNTech"
2021-07-13,United States,343715856,186772239,164392452,0,https://data.cdc.gov/Vaccinations/COVID-19-Vaccination-Trends-in-the-United-States-N/rh2h-3yt2,"Johnson&Johnson, Moderna, Pfizer/BioNTech"
2021-07-14,United States,344245272,187056854,164657640,0,https://data.cdc.gov/Vaccinations/COVID-19-Vaccination-Trends-in-the-United-States-N/rh2h-3yt2,"Johnson&Johnson, Moderna, Pfizer/BioNTech"
2021-07-15,United States,344784915,187355714,164918750,0,https://data.cdc.gov/Vaccinations/COVID-19-Vaccination-Trends-in-the-United-States-N/rh2h-3yt2,"Johnson&Johnson, Moderna, Pfizer/BioNTech"
2021-07-16,United States,345408810,187704366,165213964,0,https://data.cdc.gov/Vaccinations/COVID-19-Vaccination-Trends-in-the-United-States-N/rh2h-3yt2,"Johnson&Johnson, Moderna, Pfizer/BioNTech"
2021-07-17,United States,345808338,187929056,165400642,0,https://data.cdc.gov/Vaccinations/COVID-19-Vaccination-Trends-in-the-United-States-N/rh2h-3yt2,"Johnson&Johnson, Moderna, Pfizer/BioNTech"
2021-07-18,United States,346042039,188064950,165504759,0,https://data.cdc.gov/Vaccinations/COVID-19-Vaccination-Trends-in-the-United-States-N/rh2h-3yt2,"Johnson&Johnson, Moderna, Pfizer/BioNTech"
2021-07-19,United States,346609336,188405725,165751208,0,https://data.cdc.gov/Vaccinations/COVID-19-Vaccination-Trends-in-the-United-States-N/rh2h-3yt2,"Johnson&Johnson, Moderna, Pfizer/BioNTech"
2021-07-20,United States,347212225,188778824,166002551,0,https://data.cdc.gov/Vaccinations/COVID-19-Vaccination-Trends-in-the-United-States-N/rh2h-3yt2,"Johnson&Johnson, Moderna, Pfizer/BioNTech"
2021-07-21,United States,347841785,189167043,166264611,0,https://data.cdc.gov/Vaccinations/COVID-19-Vaccination-Trends-in-the-United-States-N/rh2h-3yt2,"Johnson&Johnson, Moderna, Pfizer/BioNTech"
2021-07-22,United States,348489660,189584232,166516624,0,https://data.cdc.gov/Vaccinations/COVID-19-Vaccination-Trends-in-the-United-States-N/rh2h-3yt2,"Johnson&Johnson, Moderna, Pfizer/BioNTech"
2021-07-23,United States,349235720,190073094,166797530,0,https://data.cdc.gov/Vaccinations/COVID-19-Vaccination-Trends-in-the-United-States-N/rh2h-3yt2,"Johnson&Johnson, Moderna, Pfizer/BioNTech"
2021-07-24,United States,349698411,190375556,166969488,0,https://data.cdc.gov/Vaccinations/COVID-19-Vaccination-Trends-in-the-United-States-N/rh2h-3yt2,"Johnson&Johnson, Moderna, Pfizer/BioNTech"
2021-07-25,United States,349957467,190577591,167031663,0,https://data.cdc.gov/Vaccinations/COVID-19-Vaccination-Trends-in-the-United-States-N/rh2h-3yt2,"Johnson&Johnson, Moderna, Pfizer/BioNTech"
2021-07-26,United States,350599412,191025040,167248712,0,https://data.cdc.gov/Vaccinations/COVID-19-Vaccination-Trends-in-the-United-States-N/rh2h-3yt2,"Johnson&Johnson, Moderna, Pfizer/BioNTech"
2021-07-27,United States,351299165,191505825,167494571,0,https://data.cdc.gov/Vaccinations/COVID-19-Vaccination-Trends-in-the-United-States-N/rh2h-3yt2,"Johnson&Johnson, Moderna, Pfizer/BioNTech"
2021-07-28,United States,352017402,191997144,167748310,0,https://data.cdc.gov/Vaccinations/COVID-19-Vaccination-Trends-in-the-United-States-N/rh2h-3yt2,"Johnson&Johnson, Moderna, Pfizer/BioNTech"
2021-07-29,United States,352735766,192494832,167995935,0,https://data.cdc.gov/Vaccinations/COVID-19-Vaccination-Trends-in-the-United-States-N/rh2h-3yt2,"Johnson&Johnson, Moderna, Pfizer/BioNTech"
2021-07-30,United States,353568606,193069855,168282153,0,https://data.cdc.gov/Vaccinations/COVID-19-Vaccination-Trends-in-the-United-States-N/rh2h-3yt2,"Johnson&Johnson, Moderna, Pfizer/BioNTech"
2021-07-31,United States,354081892,193416247,168460066,0,https://data.cdc.gov/Vaccinations/COVID-19-Vaccination-Trends-in-the-United-States-N/rh2h-3yt2,"Johnson&Johnson, Moderna, Pfizer/BioNTech"
2021-08-01,United States,354404677,193641035,168557312,0,https://data.cdc.gov/Vaccinations/COVID-19-Vaccination-Trends-in-the-United-States-N/rh2h-3yt2,"Johnson&Johnson, Moderna, Pfizer/BioNTech"
2021-08-02,United States,355121588,194145927,168791638,0,https://data.cdc.gov/Vaccinations/COVID-19-Vaccination-Trends-in-the-United-States-N/rh2h-3yt2,"Johnson&Johnson, Moderna, Pfizer/BioNTech"
2021-08-03,United States,355881447,194683125,169041983,0,https://data.cdc.gov/Vaccinations/COVID-19-Vaccination-Trends-in-the-United-States-N/rh2h-3yt2,"Johnson&Johnson, Moderna, Pfizer/BioNTech"
2021-08-04,United States,356656700,195234465,169294185,0,https://data.cdc.gov/Vaccinations/COVID-19-Vaccination-Trends-in-the-United-States-N/rh2h-3yt2,"Johnson&Johnson, Moderna, Pfizer/BioNTech"
2021-08-05,United States,357446315,195793120,169555487,0,https://data.cdc.gov/Vaccinations/COVID-19-Vaccination-Trends-in-the-United-States-N/rh2h-3yt2,"Johnson&Johnson, Moderna, Pfizer/BioNTech"
2021-08-06,United States,358350676,196418162,169863267,0,https://data.cdc.gov/Vaccinations/COVID-19-Vaccination-Trends-in-the-United-States-N/rh2h-3yt2,"Johnson&Johnson, Moderna, Pfizer/BioNTech"
2021-08-07,United States,358907205,196799923,170051100,0,https://data.cdc.gov/Vaccinations/COVID-19-Vaccination-Trends-in-the-United-States-N/rh2h-3yt2,"Johnson&Johnson, Moderna, Pfizer/BioNTech"
2021-08-08,United States,359256755,197037668,170167717,0,https://data.cdc.gov/Vaccinations/COVID-19-Vaccination-Trends-in-the-United-States-N/rh2h-3yt2,"Johnson&Johnson, Moderna, Pfizer/BioNTech"
2021-08-09,United States,360036565,197557814,170451533,0,https://data.cdc.gov/Vaccinations/COVID-19-Vaccination-Trends-in-the-United-States-N/rh2h-3yt2,"Johnson&Johnson, Moderna, Pfizer/BioNTech"
2021-08-10,United States,360833017,198087642,170742950,0,https://data.cdc.gov/Vaccinations/COVID-19-Vaccination-Trends-in-the-United-States-N/rh2h-3yt2,"Johnson&Johnson, Moderna, Pfizer/BioNTech"
2021-08-11,United States,361598758,198585846,171035651,0,https://data.cdc.gov/Vaccinations/COVID-19-Vaccination-Trends-in-the-United-States-N/rh2h-3yt2,"Johnson&Johnson, Moderna, Pfizer/BioNTech"
2021-08-12,United States,362398715,199099410,171345891,0,https://data.cdc.gov/Vaccinations/COVID-19-Vaccination-Trends-in-the-United-States-N/rh2h-3yt2,"Johnson&Johnson, Moderna, Pfizer/BioNTech"
2021-08-13,United States,363343267,199680146,171731379,13357,https://data.cdc.gov/Vaccinations/COVID-19-Vaccination-Trends-in-the-United-States-N/rh2h-3yt2,"Johnson&Johnson, Moderna, Pfizer/BioNTech"
2021-08-14,United States,363966266,200042733,171971793,48928,https://data.cdc.gov/Vaccinations/COVID-19-Vaccination-Trends-in-the-United-States-N/rh2h-3yt2,"Johnson&Johnson, Moderna, Pfizer/BioNTech"
2021-08-15,United States,364364217,200254684,172132112,81403,https://data.cdc.gov/Vaccinations/COVID-19-Vaccination-Trends-in-the-United-States-N/rh2h-3yt2,"Johnson&Johnson, Moderna, Pfizer/BioNTech"
2021-08-16,United States,365230998,200719911,172483190,160129,https://data.cdc.gov/Vaccinations/COVID-19-Vaccination-Trends-in-the-United-States-N/rh2h-3yt2,"Johnson&Johnson, Moderna, Pfizer/BioNTech"
2021-08-17,United States,366150866,201210849,172843440,258169,https://data.cdc.gov/Vaccinations/COVID-19-Vaccination-Trends-in-the-United-States-N/rh2h-3yt2,"Johnson&Johnson, Moderna, Pfizer/BioNTech"
2021-08-18,United States,367099251,201698790,173218552,372863,https://data.cdc.gov/Vaccinations/COVID-19-Vaccination-Trends-in-the-United-States-N/rh2h-3yt2,"Johnson&Johnson, Moderna, Pfizer/BioNTech"
2021-08-19,United States,368040358,202180214,173596163,485286,https://data.cdc.gov/Vaccinations/COVID-19-Vaccination-Trends-in-the-United-States-N/rh2h-3yt2,"Johnson&Johnson, Moderna, Pfizer/BioNTech"
2021-08-20,United States,369142819,202719859,174069873,604647,https://data.cdc.gov/Vaccinations/COVID-19-Vaccination-Trends-in-the-United-States-N/rh2h-3yt2,"Johnson&Johnson, Moderna, Pfizer/BioNTech"
2021-08-21,United States,369805632,203042148,174364075,664925,https://data.cdc.gov/Vaccinations/COVID-19-Vaccination-Trends-in-the-United-States-N/rh2h-3yt2,"Johnson&Johnson, Moderna, Pfizer/BioNTech"
2021-08-22,United States,370193581,203226600,174541744,695833,https://data.cdc.gov/Vaccinations/COVID-19-Vaccination-Trends-in-the-United-States-N/rh2h-3yt2,"Johnson&Johnson, Moderna, Pfizer/BioNTech"
2021-08-23,United States,371109897,203669773,174942878,790876,https://data.cdc.gov/Vaccinations/COVID-19-Vaccination-Trends-in-the-United-States-N/rh2h-3yt2,"Johnson&Johnson, Moderna, Pfizer/BioNTech"
2021-08-24,United States,372054821,204132499,175352505,889313,https://data.cdc.gov/Vaccinations/COVID-19-Vaccination-Trends-in-the-United-States-N/rh2h-3yt2,"Johnson&Johnson, Moderna, Pfizer/BioNTech"
2021-08-25,United States,373016187,204603061,175769530,990411,https://data.cdc.gov/Vaccinations/COVID-19-Vaccination-Trends-in-the-United-States-N/rh2h-3yt2,"Johnson&Johnson, Moderna, Pfizer/BioNTech"
2021-08-26,United States,374001194,205080546,176196663,1099050,https://data.cdc.gov/Vaccinations/COVID-19-Vaccination-Trends-in-the-United-States-N/rh2h-3yt2,"Johnson&Johnson, Moderna, Pfizer/BioNTech"
2021-08-27,United States,375165691,205616899,176729237,1222660,https://data.cdc.gov/Vaccinations/COVID-19-Vaccination-Trends-in-the-United-States-N/rh2h-3yt2,"Johnson&Johnson, Moderna, Pfizer/BioNTech"
2021-08-28,United States,375874274,205937256,177066174,1285436,https://data.cdc.gov/Vaccinations/COVID-19-Vaccination-Trends-in-the-United-States-N/rh2h-3yt2,"Johnson&Johnson, Moderna, Pfizer/BioNTech"
2021-08-29,United States,376302927,206131804,177269746,1320353,https://data.cdc.gov/Vaccinations/COVID-19-Vaccination-Trends-in-the-United-States-N/rh2h-3yt2,"Johnson&Johnson, Moderna, Pfizer/BioNTech"
2021-08-30,United States,377223113,206550226,177695200,1418064,https://data.cdc.gov/Vaccinations/COVID-19-Vaccination-Trends-in-the-United-States-N/rh2h-3yt2,"Johnson&Johnson, Moderna, Pfizer/BioNTech"
2021-08-31,United States,378145364,206971329,178111028,1524969,https://data.cdc.gov/Vaccinations/COVID-19-Vaccination-Trends-in-the-United-States-N/rh2h-3yt2,"Johnson&Johnson, Moderna, Pfizer/BioNTech"
2021-09-01,United States,379068367,207398546,178513004,1641084,https://data.cdc.gov/Vaccinations/COVID-19-Vaccination-Trends-in-the-United-States-N/rh2h-3yt2,"Johnson&Johnson, Moderna, Pfizer/BioNTech"
2021-09-02,United States,379958367,207803807,178908174,1752834,https://data.cdc.gov/Vaccinations/COVID-19-Vaccination-Trends-in-the-United-States-N/rh2h-3yt2,"Johnson&Johnson, Moderna, Pfizer/BioNTech"
2021-09-03,United States,380993370,208260147,179391525,1869425,https://data.cdc.gov/Vaccinations/COVID-19-Vaccination-Trends-in-the-United-States-N/rh2h-3yt2,"Johnson&Johnson, Moderna, Pfizer/BioNTech"
2021-09-04,United States,381551638,208507962,179665916,1913003,https://data.cdc.gov/Vaccinations/COVID-19-Vaccination-Trends-in-the-United-States-N/rh2h-3yt2,"Johnson&Johnson, Moderna, Pfizer/BioNTech"
2021-09-05,United States,381916898,208677404,179837544,1939867,https://data.cdc.gov/Vaccinations/COVID-19-Vaccination-Trends-in-the-United-States-N/rh2h-3yt2,"Johnson&Johnson, Moderna, Pfizer/BioNTech"
2021-09-06,United States,382092344,208759751,179922728,1951050,https://data.cdc.gov/Vaccinations/COVID-19-Vaccination-Trends-in-the-United-States-N/rh2h-3yt2,"Johnson&Johnson, Moderna, Pfizer/BioNTech"
2021-09-07,United States,382995215,209116799,180396019,2041583,https://data.cdc.gov/Vaccinations/COVID-19-Vaccination-Trends-in-the-United-States-N/rh2h-3yt2,"Johnson&Johnson, Moderna, Pfizer/BioNTech"
2021-09-08,United States,383834734,209485573,180792137,2135538,https://data.cdc.gov/Vaccinations/COVID-19-Vaccination-Trends-in-the-United-States-N/rh2h-3yt2,"Johnson&Johnson, Moderna, Pfizer/BioNTech"
2021-09-09,United States,384676371,209860419,181184011,2230872,https://data.cdc.gov/Vaccinations/COVID-19-Vaccination-Trends-in-the-United-States-N/rh2h-3yt2,"Johnson&Johnson, Moderna, Pfizer/BioNTech"
2021-09-10,United States,385703595,210312535,181677559,2335453,https://data.cdc.gov/Vaccinations/COVID-19-Vaccination-Trends-in-the-United-States-N/rh2h-3yt2,"Johnson&Johnson, Moderna, Pfizer/BioNTech"
2021-09-11,United States,386298433,210573304,181973835,2383222,https://data.cdc.gov/Vaccinations/COVID-19-Vaccination-Trends-in-the-United-States-N/rh2h-3yt2,"Johnson&Johnson, Moderna, Pfizer/BioNTech"
2021-09-12,United States,386647236,210731567,182145388,2405522,https://data.cdc.gov/Vaccinations/COVID-19-Vaccination-Trends-in-the-United-States-N/rh2h-3yt2,"Johnson&Johnson, Moderna, Pfizer/BioNTech"
2021-09-13,United States,387423455,211071045,182524594,2479666,https://data.cdc.gov/Vaccinations/COVID-19-Vaccination-Trends-in-the-United-States-N/rh2h-3yt2,"Johnson&Johnson, Moderna, Pfizer/BioNTech"
2021-09-14,United States,388168477,211389189,182898202,2552358,https://data.cdc.gov/Vaccinations/COVID-19-Vaccination-Trends-in-the-United-States-N/rh2h-3yt2,"Johnson&Johnson, Moderna, Pfizer/BioNTech"
2021-09-15,United States,388923758,211703551,183282817,2627743,https://data.cdc.gov/Vaccinations/COVID-19-Vaccination-Trends-in-the-United-States-N/rh2h-3yt2,"Johnson&Johnson, Moderna, Pfizer/BioNTech"
2021-09-16,United States,389678741,212016315,183670297,2703314,https://data.cdc.gov/Vaccinations/COVID-19-Vaccination-Trends-in-the-United-States-N/rh2h-3yt2,"Johnson&Johnson, Moderna, Pfizer/BioNTech"
2021-09-17,United States,390575135,212369755,184146178,2791436,https://data.cdc.gov/Vaccinations/COVID-19-Vaccination-Trends-in-the-United-States-N/rh2h-3yt2,"Johnson&Johnson, Moderna, Pfizer/BioNTech"
2021-09-18,United States,391093630,212576622,184418806,2838891,https://data.cdc.gov/Vaccinations/COVID-19-Vaccination-Trends-in-the-United-States-N/rh2h-3yt2,"Johnson&Johnson, Moderna, Pfizer/BioNTech"
2021-09-19,United States,391396725,212696792,184581907,2861521,https://data.cdc.gov/Vaccinations/COVID-19-Vaccination-Trends-in-the-United-States-N/rh2h-3yt2,"Johnson&Johnson, Moderna, Pfizer/BioNTech"
2021-09-20,United States,392079281,212964235,184929486,2945149,https://data.cdc.gov/Vaccinations/COVID-19-Vaccination-Trends-in-the-United-States-N/rh2h-3yt2,"Johnson&Johnson, Moderna, Pfizer/BioNTech"
2021-09-21,United States,392749823,213228158,185268277,3031681,https://data.cdc.gov/Vaccinations/COVID-19-Vaccination-Trends-in-the-United-States-N/rh2h-3yt2,"Johnson&Johnson, Moderna, Pfizer/BioNTech"
2021-09-22,United States,393410096,213484845,185600745,3115163,https://data.cdc.gov/Vaccinations/COVID-19-Vaccination-Trends-in-the-United-States-N/rh2h-3yt2,"Johnson&Johnson, Moderna, Pfizer/BioNTech"
2021-09-23,United States,394079870,213743032,185926162,3215307,https://data.cdc.gov/Vaccinations/COVID-19-Vaccination-Trends-in-the-United-States-N/rh2h-3yt2,"Johnson&Johnson, Moderna, Pfizer/BioNTech"
2021-09-24,United States,395055778,214069671,186335317,3469091,https://data.cdc.gov/Vaccinations/COVID-19-Vaccination-Trends-in-the-United-States-N/rh2h-3yt2,"Johnson&Johnson, Moderna, Pfizer/BioNTech"
2021-09-25,United States,395723358,214277932,186562482,3706440,https://data.cdc.gov/Vaccinations/COVID-19-Vaccination-Trends-in-the-United-States-N/rh2h-3yt2,"Johnson&Johnson, Moderna, Pfizer/BioNTech"
2021-09-26,United States,396129247,214400623,186706680,3847121,https://data.cdc.gov/Vaccinations/COVID-19-Vaccination-Trends-in-the-United-States-N/rh2h-3yt2,"Johnson&Johnson, Moderna, Pfizer/BioNTech"
2021-09-27,United States,397147187,214707993,186927495,4346830,https://data.cdc.gov/Vaccinations/COVID-19-Vaccination-Trends-in-the-United-States-N/rh2h-3yt2,"Johnson&Johnson, Moderna, Pfizer/BioNTech"
2021-09-28,United States,398266604,215007730,187228804,4875823,https://data.cdc.gov/Vaccinations/COVID-19-Vaccination-Trends-in-the-United-States-N/rh2h-3yt2,"Johnson&Johnson, Moderna, Pfizer/BioNTech"
2021-09-29,United States,399391138,215304380,187537464,5406550,https://data.cdc.gov/Vaccinations/COVID-19-Vaccination-Trends-in-the-United-States-N/rh2h-3yt2,"Johnson&Johnson, Moderna, Pfizer/BioNTech"
2021-09-30,United States,400536462,215602029,187854157,5950522,https://data.cdc.gov/Vaccinations/COVID-19-Vaccination-Trends-in-the-United-States-N/rh2h-3yt2,"Johnson&Johnson, Moderna, Pfizer/BioNTech"
2021-10-01,United States,401814818,215924863,188227308,6543298,https://data.cdc.gov/Vaccinations/COVID-19-Vaccination-Trends-in-the-United-States-N/rh2h-3yt2,"Johnson&Johnson, Moderna, Pfizer/BioNTech"
2021-10-02,United States,402438056,216102949,188432416,6788794,https://data.cdc.gov/Vaccinations/COVID-19-Vaccination-Trends-in-the-United-States-N/rh2h-3yt2,"Johnson&Johnson, Moderna, Pfizer/BioNTech"
2021-10-03,United States,402801243,216211933,188561717,6915509,https://data.cdc.gov/Vaccinations/COVID-19-Vaccination-Trends-in-the-United-States-N/rh2h-3yt2,"Johnson&Johnson, Moderna, Pfizer/BioNTech"
2021-10-04,United States,403770860,216466773,188815548,7386432,https://data.cdc.gov/Vaccinations/COVID-19-Vaccination-Trends-in-the-United-States-N/rh2h-3yt2,"Johnson&Johnson, Moderna, Pfizer/BioNTech"
2021-10-05,United States,404772711,216718178,189070110,7892903,https://data.cdc.gov/Vaccinations/COVID-19-Vaccination-Trends-in-the-United-States-N/rh2h-3yt2,"Johnson&Johnson, Moderna, Pfizer/BioNTech"
2021-10-06,United States,405788825,216973333,189326523,8408055,https://data.cdc.gov/Vaccinations/COVID-19-Vaccination-Trends-in-the-United-States-N/rh2h-3yt2,"Johnson&Johnson, Moderna, Pfizer/BioNTech"
2021-10-07,United States,406781082,217228427,189577866,8905465,https://data.cdc.gov/Vaccinations/COVID-19-Vaccination-Trends-in-the-United-States-N/rh2h-3yt2,"Johnson&Johnson, Moderna, Pfizer/BioNTech"
2021-10-08,United States,407908424,217519277,189884757,9447331,https://data.cdc.gov/Vaccinations/COVID-19-Vaccination-Trends-in-the-United-States-N/rh2h-3yt2,"Johnson&Johnson, Moderna, Pfizer/BioNTech"
2021-10-09,United States,408439383,217670570,190051565,9665809,https://data.cdc.gov/Vaccinations/COVID-19-Vaccination-Trends-in-the-United-States-N/rh2h-3yt2,"Johnson&Johnson, Moderna, Pfizer/BioNTech"
2021-10-10,United States,408750040,217766011,190155277,9778892,https://data.cdc.gov/Vaccinations/COVID-19-Vaccination-Trends-in-the-United-States-N/rh2h-3yt2,"Johnson&Johnson, Moderna, Pfizer/BioNTech"
2021-10-11,United States,409594274,217998254,190374234,10181606,https://data.cdc.gov/Vaccinations/COVID-19-Vaccination-Trends-in-the-United-States-N/rh2h-3yt2,"Johnson&Johnson, Moderna, Pfizer/BioNTech"
2021-10-12,United States,410506053,218232865,190605536,10638397,https://data.cdc.gov/Vaccinations/COVID-19-Vaccination-Trends-in-the-United-States-N/rh2h-3yt2,"Johnson&Johnson, Moderna, Pfizer/BioNTech"
2021-10-13,United States,411394933,218464879,190831297,11081325,https://data.cdc.gov/Vaccinations/COVID-19-Vaccination-Trends-in-the-United-States-N/rh2h-3yt2,"Johnson&Johnson, Moderna, Pfizer/BioNTech"
2021-10-14,United States,412291924,218696442,191056643,11533254,https://data.cdc.gov/Vaccinations/COVID-19-Vaccination-Trends-in-the-United-States-N/rh2h-3yt2,"Johnson&Johnson, Moderna, Pfizer/BioNTech"
2021-10-15,United States,413325484,218964535,191330671,12037830,https://data.cdc.gov/Vaccinations/COVID-19-Vaccination-Trends-in-the-United-States-N/rh2h-3yt2,"Johnson&Johnson, Moderna, Pfizer/BioNTech"
2021-10-16,United States,413811450,219108560,191473304,12242691,https://data.cdc.gov/Vaccinations/COVID-19-Vaccination-Trends-in-the-United-States-N/rh2h-3yt2,"Johnson&Johnson, Moderna, Pfizer/BioNTech"
2021-10-17,United States,414078299,219194403,191556680,12342101,https://data.cdc.gov/Vaccinations/COVID-19-Vaccination-Trends-in-the-United-States-N/rh2h-3yt2,"Johnson&Johnson, Moderna, Pfizer/BioNTech"
2021-10-18,United States,414897536,219422987,191765407,12734892,https://data.cdc.gov/Vaccinations/COVID-19-Vaccination-Trends-in-the-United-States-N/rh2h-3yt2,"Johnson&Johnson, Moderna, Pfizer/BioNTech"
2021-10-19,United States,415707003,219630111,191956097,13157253,https://data.cdc.gov/Vaccinations/COVID-19-Vaccination-Trends-in-the-United-States-N/rh2h-3yt2,"Johnson&Johnson, Moderna, Pfizer/BioNTech"
2021-10-20,United States,416526684,219837435,192148139,13588989,https://data.cdc.gov/Vaccinations/COVID-19-Vaccination-Trends-in-the-United-States-N/rh2h-3yt2,"Johnson&Johnson, Moderna, Pfizer/BioNTech"
2021-10-21,United States,417368229,220049264,192342723,14035612,https://data.cdc.gov/Vaccinations/COVID-19-Vaccination-Trends-in-the-United-States-N/rh2h-3yt2,"Johnson&Johnson, Moderna, Pfizer/BioNTech"
2021-10-22,United States,418726092,220353646,192585456,14857220,https://data.cdc.gov/Vaccinations/COVID-19-Vaccination-Trends-in-the-United-States-N/rh2h-3yt2,"Johnson&Johnson, Moderna, Pfizer/BioNTech"
2021-10-23,United States,419546755,220538396,192718149,15365170,https://data.cdc.gov/Vaccinations/COVID-19-Vaccination-Trends-in-the-United-States-N/rh2h-3yt2,"Johnson&Johnson, Moderna, Pfizer/BioNTech"
2021-10-24,United States,420015738,220651991,192797808,15642472,https://data.cdc.gov/Vaccinations/COVID-19-Vaccination-Trends-in-the-United-States-N/rh2h-3yt2,"Johnson&Johnson, Moderna, Pfizer/BioNTech"
2021-10-25,United States,421520832,220969495,193000577,16635583,https://data.cdc.gov/Vaccinations/COVID-19-Vaccination-Trends-in-the-United-States-N/rh2h-3yt2,"Johnson&Johnson, Moderna, Pfizer/BioNTech"
2021-10-26,United States,423057882,221282038,193200390,17671091,https://data.cdc.gov/Vaccinations/COVID-19-Vaccination-Trends-in-the-United-States-N/rh2h-3yt2,"Johnson&Johnson, Moderna, Pfizer/BioNTech"
2021-10-27,United States,424654308,221603274,193405364,18752401,https://data.cdc.gov/Vaccinations/COVID-19-Vaccination-Trends-in-the-United-States-N/rh2h-3yt2,"Johnson&Johnson, Moderna, Pfizer/BioNTech"
2021-10-28,United States,426234417,221914601,193611471,19827560,https://data.cdc.gov/Vaccinations/COVID-19-Vaccination-Trends-in-the-United-States-N/rh2h-3yt2,"Johnson&Johnson, Moderna, Pfizer/BioNTech"
2021-10-29,United States,427991645,222258136,193846882,21018904,https://data.cdc.gov/Vaccinations/COVID-19-Vaccination-Trends-in-the-United-States-N/rh2h-3yt2,"Johnson&Johnson, Moderna, Pfizer/BioNTech"
2021-10-30,United States,428801707,222434210,193964919,21542317,https://data.cdc.gov/Vaccinations/COVID-19-Vaccination-Trends-in-the-United-States-N/rh2h-3yt2,"Johnson&Johnson, Moderna, Pfizer/BioNTech"
2021-10-31,United States,429233781,222539850,194034531,21802247,https://data.cdc.gov/Vaccinations/COVID-19-Vaccination-Trends-in-the-United-States-N/rh2h-3yt2,"Johnson&Johnson, Moderna, Pfizer/BioNTech"
2021-11-01,United States,430656026,222837397,194226738,22745140,https://data.cdc.gov/Vaccinations/COVID-19-Vaccination-Trends-in-the-United-States-N/rh2h-3yt2,"Johnson&Johnson, Moderna, Pfizer/BioNTech"
2021-11-02,United States,432131235,223135926,194412948,23748988,https://data.cdc.gov/Vaccinations/COVID-19-Vaccination-Trends-in-the-United-States-N/rh2h-3yt2,"Johnson&Johnson, Moderna, Pfizer/BioNTech"
2021-11-03,United States,433662883,223458565,194602558,24782669,https://data.cdc.gov/Vaccinations/COVID-19-Vaccination-Trends-in-the-United-States-N/rh2h-3yt2,"Johnson&Johnson, Moderna, Pfizer/BioNTech"
2021-11-04,United States,435267184,223819535,194793028,25847849,https://data.cdc.gov/Vaccinations/COVID-19-Vaccination-Trends-in-the-United-States-N/rh2h-3yt2,"Johnson&Johnson, Moderna, Pfizer/BioNTech"
2021-11-05,United States,437141067,224285030,195019069,27045031,https://data.cdc.gov/Vaccinations/COVID-19-Vaccination-Trends-in-the-United-States-N/rh2h-3yt2,"Johnson&Johnson, Moderna, Pfizer/BioNTech"
2021-11-06,United States,438159202,224678620,195135252,27560423,https://data.cdc.gov/Vaccinations/COVID-19-Vaccination-Trends-in-the-United-States-N/rh2h-3yt2,"Johnson&Johnson, Moderna, Pfizer/BioNTech"
2021-11-07,United States,438705272,224908790,195204599,27811724,https://data.cdc.gov/Vaccinations/COVID-19-Vaccination-Trends-in-the-United-States-N/rh2h-3yt2,"Johnson&Johnson, Moderna, Pfizer/BioNTech"
2021-11-08,United States,440137583,225387801,195375182,28607201,https://data.cdc.gov/Vaccinations/COVID-19-Vaccination-Trends-in-the-United-States-N/rh2h-3yt2,"Johnson&Johnson, Moderna, Pfizer/BioNTech"
2021-11-09,United States,441741497,225919224,195539194,29525772,https://data.cdc.gov/Vaccinations/COVID-19-Vaccination-Trends-in-the-United-States-N/rh2h-3yt2,"Johnson&Johnson, Moderna, Pfizer/BioNTech"
2021-11-10,United States,443471430,226501068,195707046,30515538,https://data.cdc.gov/Vaccinations/COVID-19-Vaccination-Trends-in-the-United-States-N/rh2h-3yt2,"Johnson&Johnson, Moderna, Pfizer/BioNTech"
2021-11-11,United States,445040662,227058652,195858390,31384384,https://data.cdc.gov/Vaccinations/COVID-19-Vaccination-Trends-in-the-United-States-N/rh2h-3yt2,"Johnson&Johnson, Moderna, Pfizer/BioNTech"
2021-11-12,United States,446984940,227704872,196054364,32498299,https://data.cdc.gov/Vaccinations/COVID-19-Vaccination-Trends-in-the-United-States-N/rh2h-3yt2,"Johnson&Johnson, Moderna, Pfizer/BioNTech"
2021-11-13,United States,448133811,228237507,196155728,33016611,https://data.cdc.gov/Vaccinations/COVID-19-Vaccination-Trends-in-the-United-States-N/rh2h-3yt2,"Johnson&Johnson, Moderna, Pfizer/BioNTech"
2021-11-14,United States,448703591,228480118,196215564,33287125,https://data.cdc.gov/Vaccinations/COVID-19-Vaccination-Trends-in-the-United-States-N/rh2h-3yt2,"Johnson&Johnson, Moderna, Pfizer/BioNTech"
2021-11-15,United States,450221804,228950723,196380449,34179879,https://data.cdc.gov/Vaccinations/COVID-19-Vaccination-Trends-in-the-United-States-N/rh2h-3yt2,"Johnson&Johnson, Moderna, Pfizer/BioNTech"
2021-11-16,United States,451868977,229450272,196545315,35174066,https://data.cdc.gov/Vaccinations/COVID-19-Vaccination-Trends-in-the-United-States-N/rh2h-3yt2,"Johnson&Johnson, Moderna, Pfizer/BioNTech"
2021-11-17,United States,453589346,229967906,196714828,36218317,https://data.cdc.gov/Vaccinations/COVID-19-Vaccination-Trends-in-the-United-States-N/rh2h-3yt2,"Johnson&Johnson, Moderna, Pfizer/BioNTech"
2021-11-18,United States,455334843,230484369,196883428,37289805,https://data.cdc.gov/Vaccinations/COVID-19-Vaccination-Trends-in-the-United-States-N/rh2h-3yt2,"Johnson&Johnson, Moderna, Pfizer/BioNTech"
2021-11-19,United States,457361416,231078213,197075353,38542078,https://data.cdc.gov/Vaccinations/COVID-19-Vaccination-Trends-in-the-United-States-N/rh2h-3yt2,"Johnson&Johnson, Moderna, Pfizer/BioNTech"
2021-11-20,United States,458570156,231541238,197174973,39193378,https://data.cdc.gov/Vaccinations/COVID-19-Vaccination-Trends-in-the-United-States-N/rh2h-3yt2,"Johnson&Johnson, Moderna, Pfizer/BioNTech"
2021-11-21,United States,459197783,231748337,197233670,39558497,https://data.cdc.gov/Vaccinations/COVID-19-Vaccination-Trends-in-the-United-States-N/rh2h-3yt2,"Johnson&Johnson, Moderna, Pfizer/BioNTech"
2021-11-22,United States,460963196,232242223,197401091,40672441,https://data.cdc.gov/Vaccinations/COVID-19-Vaccination-Trends-in-the-United-States-N/rh2h-3yt2,"Johnson&Johnson, Moderna, Pfizer/BioNTech"
2021-11-23,United States,462700494,232738101,197561934,41763301,https://data.cdc.gov/Vaccinations/COVID-19-Vaccination-Trends-in-the-United-States-N/rh2h-3yt2,"Johnson&Johnson, Moderna, Pfizer/BioNTech"
2021-11-24,United States,464043310,233146154,197710235,42559360,https://data.cdc.gov/Vaccinations/COVID-19-Vaccination-Trends-in-the-United-States-N/rh2h-3yt2,"Johnson&Johnson, Moderna, Pfizer/BioNTech"
2021-11-25,United States,464067902,233154195,197714634,42571628,https://data.cdc.gov/Vaccinations/COVID-19-Vaccination-Trends-in-the-United-States-N/rh2h-3yt2,"Johnson&Johnson, Moderna, Pfizer/BioNTech"
2021-11-26,United States,465240310,233470052,197885046,43263966,https://data.cdc.gov/Vaccinations/COVID-19-Vaccination-Trends-in-the-United-States-N/rh2h-3yt2,"Johnson&Johnson, Moderna, Pfizer/BioNTech"
2021-11-27,United States,466108007,233692951,198077822,43720190,https://data.cdc.gov/Vaccinations/COVID-19-Vaccination-Trends-in-the-United-States-N/rh2h-3yt2,"Johnson&Johnson, Moderna, Pfizer/BioNTech"
2021-11-28,United States,466680316,233836286,198221023,44008482,https://data.cdc.gov/Vaccinations/COVID-19-Vaccination-Trends-in-the-United-States-N/rh2h-3yt2,"Johnson&Johnson, Moderna, Pfizer/BioNTech"
2021-11-29,United States,468299951,234201633,198571754,44922568,https://data.cdc.gov/Vaccinations/COVID-19-Vaccination-Trends-in-the-United-States-N/rh2h-3yt2,"Johnson&Johnson, Moderna, Pfizer/BioNTech"
2021-11-30,United States,470166463,234616358,198950642,46007114,https://data.cdc.gov/Vaccinations/COVID-19-Vaccination-Trends-in-the-United-States-N/rh2h-3yt2,"Johnson&Johnson, Moderna, Pfizer/BioNTech"
2021-12-01,United States,472239322,235084983,199346690,47225477,https://data.cdc.gov/Vaccinations/COVID-19-Vaccination-Trends-in-the-United-States-N/rh2h-3yt2,"Johnson&Johnson, Moderna, Pfizer/BioNTech"
2021-12-02,United States,474330810,235542396,199728553,48488047,https://data.cdc.gov/Vaccinations/COVID-19-Vaccination-Trends-in-the-United-States-N/rh2h-3yt2,"Johnson&Johnson, Moderna, Pfizer/BioNTech"
2021-12-03,United States,476681757,236038802,200200329,49880539,https://data.cdc.gov/Vaccinations/COVID-19-Vaccination-Trends-in-the-United-States-N/rh2h-3yt2,"Johnson&Johnson, Moderna, Pfizer/BioNTech"
2021-12-04,United States,478114776,236344295,200636421,50575710,https://data.cdc.gov/Vaccinations/COVID-19-Vaccination-Trends-in-the-United-States-N/rh2h-3yt2,"Johnson&Johnson, Moderna, Pfizer/BioNTech"
2021-12-05,United States,478818453,236511577,200819736,50930832,https://data.cdc.gov/Vaccinations/COVID-19-Vaccination-Trends-in-the-United-States-N/rh2h-3yt2,"Johnson&Johnson, Moderna, Pfizer/BioNTech"
2021-12-06,United States,480585734,236910299,201133607,51991418,https://data.cdc.gov/Vaccinations/COVID-19-Vaccination-Trends-in-the-United-States-N/rh2h-3yt2,"Johnson&Johnson, Moderna, Pfizer/BioNTech"
2021-12-07,United States,482436040,237322794,201464521,53104468,https://data.cdc.gov/Vaccinations/COVID-19-Vaccination-Trends-in-the-United-States-N/rh2h-3yt2,"Johnson&Johnson, Moderna, Pfizer/BioNTech"
2021-12-08,United States,484296037,237740026,201805191,54214234,https://data.cdc.gov/Vaccinations/COVID-19-Vaccination-Trends-in-the-United-States-N/rh2h-3yt2,"Johnson&Johnson, Moderna, Pfizer/BioNTech"
2021-12-09,United States,486151942,238153410,202132082,55336299,https://data.cdc.gov/Vaccinations/COVID-19-Vaccination-Trends-in-the-United-States-N/rh2h-3yt2,"Johnson&Johnson, Moderna, Pfizer/BioNTech"
2021-12-10,United States,488179127,238585067,202513570,56556804,https://data.cdc.gov/Vaccinations/COVID-19-Vaccination-Trends-in-the-United-States-N/rh2h-3yt2,"Johnson&Johnson, Moderna, Pfizer/BioNTech"
2021-12-11,United States,489389921,238854536,202835638,57177590,https://data.cdc.gov/Vaccinations/COVID-19-Vaccination-Trends-in-the-United-States-N/rh2h-3yt2,"Johnson&Johnson, Moderna, Pfizer/BioNTech"
2021-12-12,United States,490000724,239009508,202960395,57511257,https://data.cdc.gov/Vaccinations/COVID-19-Vaccination-Trends-in-the-United-States-N/rh2h-3yt2,"Johnson&Johnson, Moderna, Pfizer/BioNTech"
2021-12-13,United States,491561362,239364227,203228964,58455251,https://data.cdc.gov/Vaccinations/COVID-19-Vaccination-Trends-in-the-United-States-N/rh2h-3yt2,"Johnson&Johnson, Moderna, Pfizer/BioNTech"
2021-12-14,United States,493210586,239737591,203503449,59464310,https://data.cdc.gov/Vaccinations/COVID-19-Vaccination-Trends-in-the-United-States-N/rh2h-3yt2,"Johnson&Johnson, Moderna, Pfizer/BioNTech"
2021-12-15,United States,494859087,240122355,203753291,60486344,https://data.cdc.gov/Vaccinations/COVID-19-Vaccination-Trends-in-the-United-States-N/rh2h-3yt2,"Johnson&Johnson, Moderna, Pfizer/BioNTech"
2021-12-16,United States,496482130,240519271,203916022,61558026,https://data.cdc.gov/Vaccinations/COVID-19-Vaccination-Trends-in-the-United-States-N/rh2h-3yt2,"Johnson&Johnson, Moderna, Pfizer/BioNTech"
2021-12-17,United States,498336641,240957838,204158387,62735167,https://data.cdc.gov/Vaccinations/COVID-19-Vaccination-Trends-in-the-United-States-N/rh2h-3yt2,"Johnson&Johnson, Moderna, Pfizer/BioNTech"
2021-12-18,United States,499416454,241248321,204315366,63368906,https://data.cdc.gov/Vaccinations/COVID-19-Vaccination-Trends-in-the-United-States-N/rh2h-3yt2,"Johnson&Johnson, Moderna, Pfizer/BioNTech"
2021-12-19,United States,500035289,241420039,204394638,63737744,https://data.cdc.gov/Vaccinations/COVID-19-Vaccination-Trends-in-the-United-States-N/rh2h-3yt2,"Johnson&Johnson, Moderna, Pfizer/BioNTech"
2021-12-20,United States,501800309,241867395,204611056,64842007,https://data.cdc.gov/Vaccinations/COVID-19-Vaccination-Trends-in-the-United-States-N/rh2h-3yt2,"Johnson&Johnson, Moderna, Pfizer/BioNTech"
2021-12-21,United States,503689337,242341775,204842837,66027308,https://data.cdc.gov/Vaccinations/COVID-19-Vaccination-Trends-in-the-United-States-N/rh2h-3yt2,"Johnson&Johnson, Moderna, Pfizer/BioNTech"
2021-12-22,United States,505470722,242795578,205071003,67130121,https://data.cdc.gov/Vaccinations/COVID-19-Vaccination-Trends-in-the-United-States-N/rh2h-3yt2,"Johnson&Johnson, Moderna, Pfizer/BioNTech"
2021-12-23,United States,506863355,243169472,205240278,67982399,https://data.cdc.gov/Vaccinations/COVID-19-Vaccination-Trends-in-the-United-States-N/rh2h-3yt2,"Johnson&Johnson, Moderna, Pfizer/BioNTech"
2021-12-24,United States,507228571,243274679,205294583,68189883,https://data.cdc.gov/Vaccinations/COVID-19-Vaccination-Trends-in-the-United-States-N/rh2h-3yt2,"Johnson&Johnson, Moderna, Pfizer/BioNTech"
2021-12-25,United States,507234034,243276508,205295370,68192757,https://data.cdc.gov/Vaccinations/COVID-19-Vaccination-Trends-in-the-United-States-N/rh2h-3yt2,"Johnson&Johnson, Moderna, Pfizer/BioNTech"
2021-12-26,United States,507697080,243411128,205375496,68441468,https://data.cdc.gov/Vaccinations/COVID-19-Vaccination-Trends-in-the-United-States-N/rh2h-3yt2,"Johnson&Johnson, Moderna, Pfizer/BioNTech"
2021-12-27,United States,509150406,243808412,205593988,69281823,https://data.cdc.gov/Vaccinations/COVID-19-Vaccination-Trends-in-the-United-States-N/rh2h-3yt2,"Johnson&Johnson, Moderna, Pfizer/BioNTech"
2021-12-28,United States,510757323,244245591,205823550,70225156,https://data.cdc.gov/Vaccinations/COVID-19-Vaccination-Trends-in-the-United-States-N/rh2h-3yt2,"Johnson&Johnson, Moderna, Pfizer/BioNTech"
2021-12-29,United States,512342837,244683291,206048117,71151646,https://data.cdc.gov/Vaccinations/COVID-19-Vaccination-Trends-in-the-United-States-N/rh2h-3yt2,"Johnson&Johnson, Moderna, Pfizer/BioNTech"
2021-12-30,United States,513790688,245088066,206251259,71995396,https://data.cdc.gov/Vaccinations/COVID-19-Vaccination-Trends-in-the-United-States-N/rh2h-3yt2,"Johnson&Johnson, Moderna, Pfizer/BioNTech"
2021-12-31,United States,514367054,245249762,206339681,72323574,https://data.cdc.gov/Vaccinations/COVID-19-Vaccination-Trends-in-the-United-States-N/rh2h-3yt2,"Johnson&Johnson, Moderna, Pfizer/BioNTech"
2022-01-01,United States,514459666,245281688,206354670,72369924,https://data.cdc.gov/Vaccinations/COVID-19-Vaccination-Trends-in-the-United-States-N/rh2h-3yt2,"Johnson&Johnson, Moderna, Pfizer/BioNTech"
2022-01-02,United States,514937306,245419690,206442051,72623272,https://data.cdc.gov/Vaccinations/COVID-19-Vaccination-Trends-in-the-United-States-N/rh2h-3yt2,"Johnson&Johnson, Moderna, Pfizer/BioNTech"
2022-01-03,United States,516106911,245759854,206627386,73271660,https://data.cdc.gov/Vaccinations/COVID-19-Vaccination-Trends-in-the-United-States-N/rh2h-3yt2,"Johnson&Johnson, Moderna, Pfizer/BioNTech"
2022-01-04,United States,517436219,246130325,206829548,74032787,https://data.cdc.gov/Vaccinations/COVID-19-Vaccination-Trends-in-the-United-States-N/rh2h-3yt2,"Johnson&Johnson, Moderna, Pfizer/BioNTech"
2022-01-05,United States,518790136,246505284,207029300,74816282,https://data.cdc.gov/Vaccinations/COVID-19-Vaccination-Trends-in-the-United-States-N/rh2h-3yt2,"Johnson&Johnson, Moderna, Pfizer/BioNTech"
2022-01-06,United States,520156010,246871814,207228204,75620460,https://data.cdc.gov/Vaccinations/COVID-19-Vaccination-Trends-in-the-United-States-N/rh2h-3yt2,"Johnson&Johnson, Moderna, Pfizer/BioNTech"
2022-01-07,United States,521666236,247263098,207454760,76516223,https://data.cdc.gov/Vaccinations/COVID-19-Vaccination-Trends-in-the-United-States-N/rh2h-3yt2,"Johnson&Johnson, Moderna, Pfizer/BioNTech"
2022-01-08,United States,522622462,247527293,207615478,77049314,https://data.cdc.gov/Vaccinations/COVID-19-Vaccination-Trends-in-the-United-States-N/rh2h-3yt2,"Johnson&Johnson, Moderna, Pfizer/BioNTech"
2022-01-09,United States,523088101,247666930,207685341,77306573,https://data.cdc.gov/Vaccinations/COVID-19-Vaccination-Trends-in-the-United-States-N/rh2h-3yt2,"Johnson&Johnson, Moderna, Pfizer/BioNTech"
2022-01-10,United States,524237022,247986906,207860005,77965053,https://data.cdc.gov/Vaccinations/COVID-19-Vaccination-Trends-in-the-United-States-N/rh2h-3yt2,"Johnson&Johnson, Moderna, Pfizer/BioNTech"
2022-01-11,United States,525418407,248308805,208043541,78644231,https://data.cdc.gov/Vaccinations/COVID-19-Vaccination-Trends-in-the-United-States-N/rh2h-3yt2,"Johnson&Johnson, Moderna, Pfizer/BioNTech"
2022-01-12,United States,526581819,248626632,208223474,79313526,https://data.cdc.gov/Vaccinations/COVID-19-Vaccination-Trends-in-the-United-States-N/rh2h-3yt2,"Johnson&Johnson, Moderna, Pfizer/BioNTech"
2022-01-13,United States,527701677,248934258,208390191,79961887,https://data.cdc.gov/Vaccinations/COVID-19-Vaccination-Trends-in-the-United-States-N/rh2h-3yt2,"Johnson&Johnson, Moderna, Pfizer/BioNTech"
2022-01-14,United States,528947474,249273831,208539116,80721227,https://data.cdc.gov/Vaccinations/COVID-19-Vaccination-Trends-in-the-United-States-N/rh2h-3yt2,"Johnson&Johnson, Moderna, Pfizer/BioNTech"
2022-01-15,United States,529608598,249471955,208611756,81112040,https://data.cdc.gov/Vaccinations/COVID-19-Vaccination-Trends-in-the-United-States-N/rh2h-3yt2,"Johnson&Johnson, Moderna, Pfizer/BioNTech"
2022-01-16,United States,529918068,249559827,208657576,81287846,https://data.cdc.gov/Vaccinations/COVID-19-Vaccination-Trends-in-the-United-States-N/rh2h-3yt2,"Johnson&Johnson, Moderna, Pfizer/BioNTech"
2022-01-17,United States,530352381,249679987,208733422,81525869,https://data.cdc.gov/Vaccinations/COVID-19-Vaccination-Trends-in-the-United-States-N/rh2h-3yt2,"Johnson&Johnson, Moderna, Pfizer/BioNTech"
2022-01-18,United States,530430843,249702938,208751563,81562716,https://data.cdc.gov/Vaccinations/COVID-19-Vaccination-Trends-in-the-United-States-N/rh2h-3yt2,"Johnson&Johnson, Moderna, Pfizer/BioNTech"
2022-01-19,United States,530430844,249702939,208751563,81562716,https://data.cdc.gov/Vaccinations/COVID-19-Vaccination-Trends-in-the-United-States-N/rh2h-3yt2,"Johnson&Johnson, Moderna, Pfizer/BioNTech"
