date,people_vaccinated,people_fully_vaccinated,total_vaccinations,total_boosters,location,source_url,vaccine
2020-12-27,772,0.0,772,0.0,Austria,https://info.gesundheitsministerium.gv.at/data/COVID19_vaccination_doses_timeline.csv,Pfizer/BioNTech
2020-12-28,2109,0.0,2109,0.0,Austria,https://info.gesundheitsministerium.gv.at/data/COVID19_vaccination_doses_timeline.csv,Pfizer/BioNTech
2020-12-29,3791,0.0,3791,0.0,Austria,https://info.gesundheitsministerium.gv.at/data/COVID19_vaccination_doses_timeline.csv,Pfizer/BioNTech
2020-12-30,5211,0.0,5211,0.0,Austria,https://info.gesundheitsministerium.gv.at/data/COVID19_vaccination_doses_timeline.csv,Pfizer/BioNTech
2020-12-31,5231,0.0,5231,0.0,Austria,https://info.gesundheitsministerium.gv.at/data/COVID19_vaccination_doses_timeline.csv,Pfizer/BioNTech
2021-01-01,5244,0.0,5244,0.0,Austria,https://info.gesundheitsministerium.gv.at/data/COVID19_vaccination_doses_timeline.csv,Pfizer/BioNTech
2021-01-02,5269,0.0,5269,0.0,Austria,https://info.gesundheitsministerium.gv.at/data/COVID19_vaccination_doses_timeline.csv,Pfizer/BioNTech
2021-01-03,5285,0.0,5285,0.0,Austria,https://info.gesundheitsministerium.gv.at/data/COVID19_vaccination_doses_timeline.csv,Pfizer/BioNTech
2021-01-04,5422,0.0,5422,0.0,Austria,https://info.gesundheitsministerium.gv.at/data/COVID19_vaccination_doses_timeline.csv,Pfizer/BioNTech
2021-01-05,7249,0.0,7249,0.0,Austria,https://info.gesundheitsministerium.gv.at/data/COVID19_vaccination_doses_timeline.csv,Pfizer/BioNTech
2021-01-06,8122,0.0,8122,0.0,Austria,https://info.gesundheitsministerium.gv.at/data/COVID19_vaccination_doses_timeline.csv,Pfizer/BioNTech
2021-01-07,11430,0.0,11430,0.0,Austria,https://info.gesundheitsministerium.gv.at/data/COVID19_vaccination_doses_timeline.csv,Pfizer/BioNTech
2021-01-08,24719,0.0,24719,0.0,Austria,https://info.gesundheitsministerium.gv.at/data/COVID19_vaccination_doses_timeline.csv,Pfizer/BioNTech
2021-01-09,29272,0.0,29272,0.0,Austria,https://info.gesundheitsministerium.gv.at/data/COVID19_vaccination_doses_timeline.csv,Pfizer/BioNTech
2021-01-10,31532,0.0,31532,0.0,Austria,https://info.gesundheitsministerium.gv.at/data/COVID19_vaccination_doses_timeline.csv,Pfizer/BioNTech
2021-01-11,37299,0.0,37299,0.0,Austria,https://info.gesundheitsministerium.gv.at/data/COVID19_vaccination_doses_timeline.csv,Pfizer/BioNTech
2021-01-12,52416,0.0,52416,0.0,Austria,https://info.gesundheitsministerium.gv.at/data/COVID19_vaccination_doses_timeline.csv,Pfizer/BioNTech
2021-01-13,68633,0.0,68633,0.0,Austria,https://info.gesundheitsministerium.gv.at/data/COVID19_vaccination_doses_timeline.csv,Pfizer/BioNTech
2021-01-14,85705,1.0,85706,0.0,Austria,https://info.gesundheitsministerium.gv.at/data/COVID19_vaccination_doses_timeline.csv,Pfizer/BioNTech
2021-01-15,104353,2.0,104355,0.0,Austria,https://info.gesundheitsministerium.gv.at/data/COVID19_vaccination_doses_timeline.csv,"Moderna, Pfizer/BioNTech"
2021-01-16,111259,14.0,111273,0.0,Austria,https://info.gesundheitsministerium.gv.at/data/COVID19_vaccination_doses_timeline.csv,"Moderna, Pfizer/BioNTech"
2021-01-17,116616,402.0,117018,0.0,Austria,https://info.gesundheitsministerium.gv.at/data/COVID19_vaccination_doses_timeline.csv,"Moderna, Pfizer/BioNTech"
2021-01-18,127243,1328.0,128572,1.0,Austria,https://info.gesundheitsministerium.gv.at/data/COVID19_vaccination_doses_timeline.csv,"Moderna, Pfizer/BioNTech"
2021-01-19,152092,2834.0,154927,1.0,Austria,https://info.gesundheitsministerium.gv.at/data/COVID19_vaccination_doses_timeline.csv,"Moderna, Pfizer/BioNTech"
2021-01-20,174542,4186.0,178730,2.0,Austria,https://info.gesundheitsministerium.gv.at/data/COVID19_vaccination_doses_timeline.csv,"Moderna, Pfizer/BioNTech"
2021-01-21,194416,4361.0,198779,2.0,Austria,https://info.gesundheitsministerium.gv.at/data/COVID19_vaccination_doses_timeline.csv,"Moderna, Pfizer/BioNTech"
2021-01-22,205479,4975.0,210456,2.0,Austria,https://info.gesundheitsministerium.gv.at/data/COVID19_vaccination_doses_timeline.csv,"Moderna, Pfizer/BioNTech"
2021-01-23,208657,4988.0,213647,2.0,Austria,https://info.gesundheitsministerium.gv.at/data/COVID19_vaccination_doses_timeline.csv,"Moderna, Pfizer/BioNTech"
2021-01-24,209933,5003.0,214938,2.0,Austria,https://info.gesundheitsministerium.gv.at/data/COVID19_vaccination_doses_timeline.csv,"Moderna, Pfizer/BioNTech"
2021-01-25,211362,5124.0,216488,2.0,Austria,https://info.gesundheitsministerium.gv.at/data/COVID19_vaccination_doses_timeline.csv,"Moderna, Pfizer/BioNTech"
2021-01-26,219256,6057.0,225315,2.0,Austria,https://info.gesundheitsministerium.gv.at/data/COVID19_vaccination_doses_timeline.csv,"Moderna, Pfizer/BioNTech"
2021-01-27,226862,6601.0,233465,2.0,Austria,https://info.gesundheitsministerium.gv.at/data/COVID19_vaccination_doses_timeline.csv,"Moderna, Pfizer/BioNTech"
2021-01-28,234234,9309.0,243545,2.0,Austria,https://info.gesundheitsministerium.gv.at/data/COVID19_vaccination_doses_timeline.csv,"Moderna, Pfizer/BioNTech"
2021-01-29,239678,19141.0,258821,2.0,Austria,https://info.gesundheitsministerium.gv.at/data/COVID19_vaccination_doses_timeline.csv,"Moderna, Pfizer/BioNTech"
2021-01-30,241047,21550.0,262599,2.0,Austria,https://info.gesundheitsministerium.gv.at/data/COVID19_vaccination_doses_timeline.csv,"Moderna, Pfizer/BioNTech"
2021-01-31,241474,22572.0,264048,2.0,Austria,https://info.gesundheitsministerium.gv.at/data/COVID19_vaccination_doses_timeline.csv,"Moderna, Pfizer/BioNTech"
2021-02-01,243114,25785.0,268901,2.0,Austria,https://info.gesundheitsministerium.gv.at/data/COVID19_vaccination_doses_timeline.csv,"Moderna, Pfizer/BioNTech"
2021-02-02,246276,40401.0,286684,7.0,Austria,https://info.gesundheitsministerium.gv.at/data/COVID19_vaccination_doses_timeline.csv,"Moderna, Pfizer/BioNTech"
2021-02-03,249513,55684.0,305204,7.0,Austria,https://info.gesundheitsministerium.gv.at/data/COVID19_vaccination_doses_timeline.csv,"Moderna, Pfizer/BioNTech"
2021-02-04,252415,73844.0,326266,7.0,Austria,https://info.gesundheitsministerium.gv.at/data/COVID19_vaccination_doses_timeline.csv,"Moderna, Pfizer/BioNTech"
2021-02-05,256615,91199.0,347821,7.0,Austria,https://info.gesundheitsministerium.gv.at/data/COVID19_vaccination_doses_timeline.csv,"Moderna, Pfizer/BioNTech"
2021-02-06,259402,97673.0,357083,8.0,Austria,https://info.gesundheitsministerium.gv.at/data/COVID19_vaccination_doses_timeline.csv,"Moderna, Pfizer/BioNTech"
2021-02-07,260033,102104.0,362145,8.0,Austria,https://info.gesundheitsministerium.gv.at/data/COVID19_vaccination_doses_timeline.csv,"Moderna, Pfizer/BioNTech"
2021-02-08,262117,109936.0,372061,8.0,Austria,https://info.gesundheitsministerium.gv.at/data/COVID19_vaccination_doses_timeline.csv,"Moderna, Oxford/AstraZeneca, Pfizer/BioNTech"
2021-02-09,265039,126896.0,391943,8.0,Austria,https://info.gesundheitsministerium.gv.at/data/COVID19_vaccination_doses_timeline.csv,"Moderna, Oxford/AstraZeneca, Pfizer/BioNTech"
2021-02-10,268701,145538.0,414247,8.0,Austria,https://info.gesundheitsministerium.gv.at/data/COVID19_vaccination_doses_timeline.csv,"Moderna, Oxford/AstraZeneca, Pfizer/BioNTech"
2021-02-11,274181,165208.0,439397,8.0,Austria,https://info.gesundheitsministerium.gv.at/data/COVID19_vaccination_doses_timeline.csv,"Moderna, Oxford/AstraZeneca, Pfizer/BioNTech"
2021-02-12,282836,183722.0,466566,8.0,Austria,https://info.gesundheitsministerium.gv.at/data/COVID19_vaccination_doses_timeline.csv,"Moderna, Oxford/AstraZeneca, Pfizer/BioNTech"
2021-02-13,288221,188897.0,477126,8.0,Austria,https://info.gesundheitsministerium.gv.at/data/COVID19_vaccination_doses_timeline.csv,"Moderna, Oxford/AstraZeneca, Pfizer/BioNTech"
2021-02-14,288716,190507.0,479231,8.0,Austria,https://info.gesundheitsministerium.gv.at/data/COVID19_vaccination_doses_timeline.csv,"Moderna, Oxford/AstraZeneca, Pfizer/BioNTech"
2021-02-15,292679,193779.0,486466,8.0,Austria,https://info.gesundheitsministerium.gv.at/data/COVID19_vaccination_doses_timeline.csv,"Moderna, Oxford/AstraZeneca, Pfizer/BioNTech"
2021-02-16,299799,201543.0,501360,18.0,Austria,https://info.gesundheitsministerium.gv.at/data/COVID19_vaccination_doses_timeline.csv,"Moderna, Oxford/AstraZeneca, Pfizer/BioNTech"
2021-02-17,309997,211279.0,521294,18.0,Austria,https://info.gesundheitsministerium.gv.at/data/COVID19_vaccination_doses_timeline.csv,"Moderna, Oxford/AstraZeneca, Pfizer/BioNTech"
2021-02-18,321974,219469.0,541461,18.0,Austria,https://info.gesundheitsministerium.gv.at/data/COVID19_vaccination_doses_timeline.csv,"Moderna, Oxford/AstraZeneca, Pfizer/BioNTech"
2021-02-19,335070,228055.0,563143,18.0,Austria,https://info.gesundheitsministerium.gv.at/data/COVID19_vaccination_doses_timeline.csv,"Moderna, Oxford/AstraZeneca, Pfizer/BioNTech"
2021-02-20,346501,229780.0,576299,18.0,Austria,https://info.gesundheitsministerium.gv.at/data/COVID19_vaccination_doses_timeline.csv,"Moderna, Oxford/AstraZeneca, Pfizer/BioNTech"
2021-02-21,352188,230176.0,582382,18.0,Austria,https://info.gesundheitsministerium.gv.at/data/COVID19_vaccination_doses_timeline.csv,"Moderna, Oxford/AstraZeneca, Pfizer/BioNTech"
2021-02-22,357387,232072.0,589477,18.0,Austria,https://info.gesundheitsministerium.gv.at/data/COVID19_vaccination_doses_timeline.csv,"Moderna, Oxford/AstraZeneca, Pfizer/BioNTech"
2021-02-23,368021,236615.0,604654,18.0,Austria,https://info.gesundheitsministerium.gv.at/data/COVID19_vaccination_doses_timeline.csv,"Moderna, Oxford/AstraZeneca, Pfizer/BioNTech"
2021-02-24,384606,240161.0,624785,18.0,Austria,https://info.gesundheitsministerium.gv.at/data/COVID19_vaccination_doses_timeline.csv,"Moderna, Oxford/AstraZeneca, Pfizer/BioNTech"
2021-02-25,401153,243922.0,645093,18.0,Austria,https://info.gesundheitsministerium.gv.at/data/COVID19_vaccination_doses_timeline.csv,"Moderna, Oxford/AstraZeneca, Pfizer/BioNTech"
2021-02-26,425846,248985.0,674849,18.0,Austria,https://info.gesundheitsministerium.gv.at/data/COVID19_vaccination_doses_timeline.csv,"Moderna, Oxford/AstraZeneca, Pfizer/BioNTech"
2021-02-27,449166,250975.0,700159,18.0,Austria,https://info.gesundheitsministerium.gv.at/data/COVID19_vaccination_doses_timeline.csv,"Moderna, Oxford/AstraZeneca, Pfizer/BioNTech"
2021-02-28,458907,251497.0,710422,18.0,Austria,https://info.gesundheitsministerium.gv.at/data/COVID19_vaccination_doses_timeline.csv,"Moderna, Oxford/AstraZeneca, Pfizer/BioNTech"
2021-03-01,467079,252406.0,719503,18.0,Austria,https://info.gesundheitsministerium.gv.at/data/COVID19_vaccination_doses_timeline.csv,"Moderna, Oxford/AstraZeneca, Pfizer/BioNTech"
2021-03-02,490558,254870.0,745446,18.0,Austria,https://info.gesundheitsministerium.gv.at/data/COVID19_vaccination_doses_timeline.csv,"Moderna, Oxford/AstraZeneca, Pfizer/BioNTech"
2021-03-03,516579,257316.0,773912,18.0,Austria,https://info.gesundheitsministerium.gv.at/data/COVID19_vaccination_doses_timeline.csv,"Moderna, Oxford/AstraZeneca, Pfizer/BioNTech"
2021-03-04,541653,260167.0,801837,18.0,Austria,https://info.gesundheitsministerium.gv.at/data/COVID19_vaccination_doses_timeline.csv,"Moderna, Oxford/AstraZeneca, Pfizer/BioNTech"
2021-03-05,576159,263358.0,839534,18.0,Austria,https://info.gesundheitsministerium.gv.at/data/COVID19_vaccination_doses_timeline.csv,"Moderna, Oxford/AstraZeneca, Pfizer/BioNTech"
2021-03-06,601944,265924.0,867883,18.0,Austria,https://info.gesundheitsministerium.gv.at/data/COVID19_vaccination_doses_timeline.csv,"Moderna, Oxford/AstraZeneca, Pfizer/BioNTech"
2021-03-07,613340,266594.0,879949,18.0,Austria,https://info.gesundheitsministerium.gv.at/data/COVID19_vaccination_doses_timeline.csv,"Moderna, Oxford/AstraZeneca, Pfizer/BioNTech"
2021-03-08,623771,268020.0,891807,19.0,Austria,https://info.gesundheitsministerium.gv.at/data/COVID19_vaccination_doses_timeline.csv,"Moderna, Oxford/AstraZeneca, Pfizer/BioNTech"
2021-03-09,648959,271646.0,920620,19.0,Austria,https://info.gesundheitsministerium.gv.at/data/COVID19_vaccination_doses_timeline.csv,"Moderna, Oxford/AstraZeneca, Pfizer/BioNTech"
2021-03-10,673719,276230.0,949964,19.0,Austria,https://info.gesundheitsministerium.gv.at/data/COVID19_vaccination_doses_timeline.csv,"Moderna, Oxford/AstraZeneca, Pfizer/BioNTech"
2021-03-11,713479,281776.0,995269,19.0,Austria,https://info.gesundheitsministerium.gv.at/data/COVID19_vaccination_doses_timeline.csv,"Moderna, Oxford/AstraZeneca, Pfizer/BioNTech"
2021-03-12,767269,287256.0,1054539,19.0,Austria,https://info.gesundheitsministerium.gv.at/data/COVID19_vaccination_doses_timeline.csv,"Moderna, Oxford/AstraZeneca, Pfizer/BioNTech"
2021-03-13,814231,293126.0,1107371,19.0,Austria,https://info.gesundheitsministerium.gv.at/data/COVID19_vaccination_doses_timeline.csv,"Moderna, Oxford/AstraZeneca, Pfizer/BioNTech"
2021-03-14,841326,297402.0,1138742,19.0,Austria,https://info.gesundheitsministerium.gv.at/data/COVID19_vaccination_doses_timeline.csv,"Moderna, Oxford/AstraZeneca, Pfizer/BioNTech"
2021-03-15,860366,299770.0,1160146,19.0,Austria,https://info.gesundheitsministerium.gv.at/data/COVID19_vaccination_doses_timeline.csv,"Johnson&Johnson, Moderna, Oxford/AstraZeneca, Pfizer/BioNTech"
2021-03-16,882791,306300.0,1189088,19.0,Austria,https://info.gesundheitsministerium.gv.at/data/COVID19_vaccination_doses_timeline.csv,"Johnson&Johnson, Moderna, Oxford/AstraZeneca, Pfizer/BioNTech"
2021-03-17,909539,314606.0,1224136,19.0,Austria,https://info.gesundheitsministerium.gv.at/data/COVID19_vaccination_doses_timeline.csv,"Johnson&Johnson, Moderna, Oxford/AstraZeneca, Pfizer/BioNTech"
2021-03-18,936572,322873.0,1259434,19.0,Austria,https://info.gesundheitsministerium.gv.at/data/COVID19_vaccination_doses_timeline.csv,"Johnson&Johnson, Moderna, Oxford/AstraZeneca, Pfizer/BioNTech"
2021-03-19,982479,331604.0,1314071,19.0,Austria,https://info.gesundheitsministerium.gv.at/data/COVID19_vaccination_doses_timeline.csv,"Johnson&Johnson, Moderna, Oxford/AstraZeneca, Pfizer/BioNTech"
2021-03-20,1020574,341364.0,1361925,19.0,Austria,https://info.gesundheitsministerium.gv.at/data/COVID19_vaccination_doses_timeline.csv,"Johnson&Johnson, Moderna, Oxford/AstraZeneca, Pfizer/BioNTech"
2021-03-21,1032363,345286.0,1377636,19.0,Austria,https://info.gesundheitsministerium.gv.at/data/COVID19_vaccination_doses_timeline.csv,"Johnson&Johnson, Moderna, Oxford/AstraZeneca, Pfizer/BioNTech"
2021-03-22,1046060,347924.0,1393967,20.0,Austria,https://info.gesundheitsministerium.gv.at/data/COVID19_vaccination_doses_timeline.csv,"Johnson&Johnson, Moderna, Oxford/AstraZeneca, Pfizer/BioNTech"
2021-03-23,1065620,364930.0,1430531,20.0,Austria,https://info.gesundheitsministerium.gv.at/data/COVID19_vaccination_doses_timeline.csv,"Johnson&Johnson, Moderna, Oxford/AstraZeneca, Pfizer/BioNTech"
2021-03-24,1087723,383272.0,1470975,21.0,Austria,https://info.gesundheitsministerium.gv.at/data/COVID19_vaccination_doses_timeline.csv,"Johnson&Johnson, Moderna, Oxford/AstraZeneca, Pfizer/BioNTech"
2021-03-25,1117844,400038.0,1517856,21.0,Austria,https://info.gesundheitsministerium.gv.at/data/COVID19_vaccination_doses_timeline.csv,"Johnson&Johnson, Moderna, Oxford/AstraZeneca, Pfizer/BioNTech"
2021-03-26,1150676,419103.0,1569749,21.0,Austria,https://info.gesundheitsministerium.gv.at/data/COVID19_vaccination_doses_timeline.csv,"Johnson&Johnson, Moderna, Oxford/AstraZeneca, Pfizer/BioNTech"
2021-03-27,1177806,433956.0,1611728,21.0,Austria,https://info.gesundheitsministerium.gv.at/data/COVID19_vaccination_doses_timeline.csv,"Johnson&Johnson, Moderna, Oxford/AstraZeneca, Pfizer/BioNTech"
2021-03-28,1187893,438699.0,1626558,21.0,Austria,https://info.gesundheitsministerium.gv.at/data/COVID19_vaccination_doses_timeline.csv,"Johnson&Johnson, Moderna, Oxford/AstraZeneca, Pfizer/BioNTech"
2021-03-29,1209271,444418.0,1653653,21.0,Austria,https://info.gesundheitsministerium.gv.at/data/COVID19_vaccination_doses_timeline.csv,"Johnson&Johnson, Moderna, Oxford/AstraZeneca, Pfizer/BioNTech"
2021-03-30,1239263,456435.0,1695660,21.0,Austria,https://info.gesundheitsministerium.gv.at/data/COVID19_vaccination_doses_timeline.csv,"Johnson&Johnson, Moderna, Oxford/AstraZeneca, Pfizer/BioNTech"
2021-03-31,1261736,469796.0,1731483,21.0,Austria,https://info.gesundheitsministerium.gv.at/data/COVID19_vaccination_doses_timeline.csv,"Johnson&Johnson, Moderna, Oxford/AstraZeneca, Pfizer/BioNTech"
2021-04-01,1284978,489268.0,1774186,21.0,Austria,https://info.gesundheitsministerium.gv.at/data/COVID19_vaccination_doses_timeline.csv,"Johnson&Johnson, Moderna, Oxford/AstraZeneca, Pfizer/BioNTech"
2021-04-02,1310045,508891.0,1818870,21.0,Austria,https://info.gesundheitsministerium.gv.at/data/COVID19_vaccination_doses_timeline.csv,"Johnson&Johnson, Moderna, Oxford/AstraZeneca, Pfizer/BioNTech"
2021-04-03,1322982,518077.0,1840988,21.0,Austria,https://info.gesundheitsministerium.gv.at/data/COVID19_vaccination_doses_timeline.csv,"Johnson&Johnson, Moderna, Oxford/AstraZeneca, Pfizer/BioNTech"
2021-04-04,1331388,519888.0,1851203,21.0,Austria,https://info.gesundheitsministerium.gv.at/data/COVID19_vaccination_doses_timeline.csv,"Johnson&Johnson, Moderna, Oxford/AstraZeneca, Pfizer/BioNTech"
2021-04-05,1339331,524748.0,1863998,22.0,Austria,https://info.gesundheitsministerium.gv.at/data/COVID19_vaccination_doses_timeline.csv,"Johnson&Johnson, Moderna, Oxford/AstraZeneca, Pfizer/BioNTech"
2021-04-06,1365885,536957.0,1902756,23.0,Austria,https://info.gesundheitsministerium.gv.at/data/COVID19_vaccination_doses_timeline.csv,"Johnson&Johnson, Moderna, Oxford/AstraZeneca, Pfizer/BioNTech"
2021-04-07,1406027,553420.0,1959353,25.0,Austria,https://info.gesundheitsministerium.gv.at/data/COVID19_vaccination_doses_timeline.csv,"Johnson&Johnson, Moderna, Oxford/AstraZeneca, Pfizer/BioNTech"
2021-04-08,1453867,579557.0,2033315,25.0,Austria,https://info.gesundheitsministerium.gv.at/data/COVID19_vaccination_doses_timeline.csv,"Johnson&Johnson, Moderna, Oxford/AstraZeneca, Pfizer/BioNTech"
2021-04-09,1499752,613344.0,2112985,35.0,Austria,https://info.gesundheitsministerium.gv.at/data/COVID19_vaccination_doses_timeline.csv,"Johnson&Johnson, Moderna, Oxford/AstraZeneca, Pfizer/BioNTech"
2021-04-10,1536807,642484.0,2179164,36.0,Austria,https://info.gesundheitsministerium.gv.at/data/COVID19_vaccination_doses_timeline.csv,"Johnson&Johnson, Moderna, Oxford/AstraZeneca, Pfizer/BioNTech"
2021-04-11,1547326,658291.0,2205477,36.0,Austria,https://info.gesundheitsministerium.gv.at/data/COVID19_vaccination_doses_timeline.csv,"Johnson&Johnson, Moderna, Oxford/AstraZeneca, Pfizer/BioNTech"
2021-04-12,1575792,665502.0,2241147,38.0,Austria,https://info.gesundheitsministerium.gv.at/data/COVID19_vaccination_doses_timeline.csv,"Johnson&Johnson, Moderna, Oxford/AstraZeneca, Pfizer/BioNTech"
2021-04-13,1609844,677293.0,2286989,39.0,Austria,https://info.gesundheitsministerium.gv.at/data/COVID19_vaccination_doses_timeline.csv,"Johnson&Johnson, Moderna, Oxford/AstraZeneca, Pfizer/BioNTech"
2021-04-14,1664514,691430.0,2355797,41.0,Austria,https://info.gesundheitsministerium.gv.at/data/COVID19_vaccination_doses_timeline.csv,"Johnson&Johnson, Moderna, Oxford/AstraZeneca, Pfizer/BioNTech"
2021-04-15,1720564,710807.0,2431223,41.0,Austria,https://info.gesundheitsministerium.gv.at/data/COVID19_vaccination_doses_timeline.csv,"Johnson&Johnson, Moderna, Oxford/AstraZeneca, Pfizer/BioNTech"
2021-04-16,1773052,729692.0,2502594,41.0,Austria,https://info.gesundheitsministerium.gv.at/data/COVID19_vaccination_doses_timeline.csv,"Johnson&Johnson, Moderna, Oxford/AstraZeneca, Pfizer/BioNTech"
2021-04-17,1809513,751933.0,2561293,41.0,Austria,https://info.gesundheitsministerium.gv.at/data/COVID19_vaccination_doses_timeline.csv,"Johnson&Johnson, Moderna, Oxford/AstraZeneca, Pfizer/BioNTech"
2021-04-18,1824623,756314.0,2580784,41.0,Austria,https://info.gesundheitsministerium.gv.at/data/COVID19_vaccination_doses_timeline.csv,"Johnson&Johnson, Moderna, Oxford/AstraZeneca, Pfizer/BioNTech"
2021-04-19,1851050,762195.0,2613092,41.0,Austria,https://info.gesundheitsministerium.gv.at/data/COVID19_vaccination_doses_timeline.csv,"Johnson&Johnson, Moderna, Oxford/AstraZeneca, Pfizer/BioNTech"
2021-04-20,1884274,775140.0,2659260,41.0,Austria,https://info.gesundheitsministerium.gv.at/data/COVID19_vaccination_doses_timeline.csv,"Johnson&Johnson, Moderna, Oxford/AstraZeneca, Pfizer/BioNTech"
2021-04-21,1937530,786131.0,2723505,41.0,Austria,https://info.gesundheitsministerium.gv.at/data/COVID19_vaccination_doses_timeline.csv,"Johnson&Johnson, Moderna, Oxford/AstraZeneca, Pfizer/BioNTech"
2021-04-22,1998574,796970.0,2795389,42.0,Austria,https://info.gesundheitsministerium.gv.at/data/COVID19_vaccination_doses_timeline.csv,"Johnson&Johnson, Moderna, Oxford/AstraZeneca, Pfizer/BioNTech"
2021-04-23,2056218,808601.0,2864664,42.0,Austria,https://info.gesundheitsministerium.gv.at/data/COVID19_vaccination_doses_timeline.csv,"Johnson&Johnson, Moderna, Oxford/AstraZeneca, Pfizer/BioNTech"
2021-04-24,2091138,814555.0,2905533,42.0,Austria,https://info.gesundheitsministerium.gv.at/data/COVID19_vaccination_doses_timeline.csv,"Johnson&Johnson, Moderna, Oxford/AstraZeneca, Pfizer/BioNTech"
2021-04-25,2117486,816425.0,2933750,42.0,Austria,https://info.gesundheitsministerium.gv.at/data/COVID19_vaccination_doses_timeline.csv,"Johnson&Johnson, Moderna, Oxford/AstraZeneca, Pfizer/BioNTech"
2021-04-26,2145320,820062.0,2965218,42.0,Austria,https://info.gesundheitsministerium.gv.at/data/COVID19_vaccination_doses_timeline.csv,"Johnson&Johnson, Moderna, Oxford/AstraZeneca, Pfizer/BioNTech"
2021-04-27,2182707,831612.0,3014147,43.0,Austria,https://info.gesundheitsministerium.gv.at/data/COVID19_vaccination_doses_timeline.csv,"Johnson&Johnson, Moderna, Oxford/AstraZeneca, Pfizer/BioNTech"
2021-04-28,2227338,846246.0,3073410,43.0,Austria,https://info.gesundheitsministerium.gv.at/data/COVID19_vaccination_doses_timeline.csv,"Johnson&Johnson, Moderna, Oxford/AstraZeneca, Pfizer/BioNTech"
2021-04-29,2289056,861851.0,3150697,43.0,Austria,https://info.gesundheitsministerium.gv.at/data/COVID19_vaccination_doses_timeline.csv,"Johnson&Johnson, Moderna, Oxford/AstraZeneca, Pfizer/BioNTech"
2021-04-30,2357051,875822.0,3232637,44.0,Austria,https://info.gesundheitsministerium.gv.at/data/COVID19_vaccination_doses_timeline.csv,"Johnson&Johnson, Moderna, Oxford/AstraZeneca, Pfizer/BioNTech"
2021-05-01,2391484,884134.0,3275172,44.0,Austria,https://info.gesundheitsministerium.gv.at/data/COVID19_vaccination_doses_timeline.csv,"Johnson&Johnson, Moderna, Oxford/AstraZeneca, Pfizer/BioNTech"
2021-05-02,2406978,885582.0,3292104,44.0,Austria,https://info.gesundheitsministerium.gv.at/data/COVID19_vaccination_doses_timeline.csv,"Johnson&Johnson, Moderna, Oxford/AstraZeneca, Pfizer/BioNTech"
2021-05-03,2425358,898083.0,3322100,44.0,Austria,https://info.gesundheitsministerium.gv.at/data/COVID19_vaccination_doses_timeline.csv,"Johnson&Johnson, Moderna, Oxford/AstraZeneca, Pfizer/BioNTech"
2021-05-04,2467151,920262.0,3384429,70.0,Austria,https://info.gesundheitsministerium.gv.at/data/COVID19_vaccination_doses_timeline.csv,"Johnson&Johnson, Moderna, Oxford/AstraZeneca, Pfizer/BioNTech"
2021-05-05,2528467,938833.0,3463650,70.0,Austria,https://info.gesundheitsministerium.gv.at/data/COVID19_vaccination_doses_timeline.csv,"Johnson&Johnson, Moderna, Oxford/AstraZeneca, Pfizer/BioNTech"
2021-05-06,2607207,959933.0,3562418,70.0,Austria,https://info.gesundheitsministerium.gv.at/data/COVID19_vaccination_doses_timeline.csv,"Johnson&Johnson, Moderna, Oxford/AstraZeneca, Pfizer/BioNTech"
2021-05-07,2694954,983600.0,3672908,72.0,Austria,https://info.gesundheitsministerium.gv.at/data/COVID19_vaccination_doses_timeline.csv,"Johnson&Johnson, Moderna, Oxford/AstraZeneca, Pfizer/BioNTech"
2021-05-08,2729321,1003471.0,3726189,75.0,Austria,https://info.gesundheitsministerium.gv.at/data/COVID19_vaccination_doses_timeline.csv,"Johnson&Johnson, Moderna, Oxford/AstraZeneca, Pfizer/BioNTech"
2021-05-09,2742295,1009712.0,3745384,76.0,Austria,https://info.gesundheitsministerium.gv.at/data/COVID19_vaccination_doses_timeline.csv,"Johnson&Johnson, Moderna, Oxford/AstraZeneca, Pfizer/BioNTech"
2021-05-10,2775999,1021166.0,3789536,76.0,Austria,https://info.gesundheitsministerium.gv.at/data/COVID19_vaccination_doses_timeline.csv,"Johnson&Johnson, Moderna, Oxford/AstraZeneca, Pfizer/BioNTech"
2021-05-11,2825923,1039438.0,3856741,77.0,Austria,https://info.gesundheitsministerium.gv.at/data/COVID19_vaccination_doses_timeline.csv,"Johnson&Johnson, Moderna, Oxford/AstraZeneca, Pfizer/BioNTech"
2021-05-12,2904927,1064053.0,3958864,77.0,Austria,https://info.gesundheitsministerium.gv.at/data/COVID19_vaccination_doses_timeline.csv,"Johnson&Johnson, Moderna, Oxford/AstraZeneca, Pfizer/BioNTech"
2021-05-13,2931832,1072835.0,3993736,83.0,Austria,https://info.gesundheitsministerium.gv.at/data/COVID19_vaccination_doses_timeline.csv,"Johnson&Johnson, Moderna, Oxford/AstraZeneca, Pfizer/BioNTech"
2021-05-14,2999832,1097576.0,4085425,84.0,Austria,https://info.gesundheitsministerium.gv.at/data/COVID19_vaccination_doses_timeline.csv,"Johnson&Johnson, Moderna, Oxford/AstraZeneca, Pfizer/BioNTech"
2021-05-15,3044797,1114850.0,4146586,84.0,Austria,https://info.gesundheitsministerium.gv.at/data/COVID19_vaccination_doses_timeline.csv,"Johnson&Johnson, Moderna, Oxford/AstraZeneca, Pfizer/BioNTech"
2021-05-16,3062779,1122207.0,4171198,84.0,Austria,https://info.gesundheitsministerium.gv.at/data/COVID19_vaccination_doses_timeline.csv,"Johnson&Johnson, Moderna, Oxford/AstraZeneca, Pfizer/BioNTech"
2021-05-17,3093804,1141136.0,4219385,86.0,Austria,https://info.gesundheitsministerium.gv.at/data/COVID19_vaccination_doses_timeline.csv,"Johnson&Johnson, Moderna, Oxford/AstraZeneca, Pfizer/BioNTech"
2021-05-18,3138797,1169303.0,4290462,87.0,Austria,https://info.gesundheitsministerium.gv.at/data/COVID19_vaccination_doses_timeline.csv,"Johnson&Johnson, Moderna, Oxford/AstraZeneca, Pfizer/BioNTech"
2021-05-19,3214001,1203362.0,4397726,87.0,Austria,https://info.gesundheitsministerium.gv.at/data/COVID19_vaccination_doses_timeline.csv,"Johnson&Johnson, Moderna, Oxford/AstraZeneca, Pfizer/BioNTech"
2021-05-20,3291451,1240464.0,4510433,89.0,Austria,https://info.gesundheitsministerium.gv.at/data/COVID19_vaccination_doses_timeline.csv,"Johnson&Johnson, Moderna, Oxford/AstraZeneca, Pfizer/BioNTech"
2021-05-21,3365513,1282720.0,4623809,89.0,Austria,https://info.gesundheitsministerium.gv.at/data/COVID19_vaccination_doses_timeline.csv,"Johnson&Johnson, Moderna, Oxford/AstraZeneca, Pfizer/BioNTech"
2021-05-22,3405498,1303233.0,4683991,90.0,Austria,https://info.gesundheitsministerium.gv.at/data/COVID19_vaccination_doses_timeline.csv,"Johnson&Johnson, Moderna, Oxford/AstraZeneca, Pfizer/BioNTech"
2021-05-23,3425198,1314969.0,4713935,91.0,Austria,https://info.gesundheitsministerium.gv.at/data/COVID19_vaccination_doses_timeline.csv,"Johnson&Johnson, Moderna, Oxford/AstraZeneca, Pfizer/BioNTech"
2021-05-24,3437666,1328206.0,4739486,92.0,Austria,https://info.gesundheitsministerium.gv.at/data/COVID19_vaccination_doses_timeline.csv,"Johnson&Johnson, Moderna, Oxford/AstraZeneca, Pfizer/BioNTech"
2021-05-25,3476180,1347433.0,4795645,94.0,Austria,https://info.gesundheitsministerium.gv.at/data/COVID19_vaccination_doses_timeline.csv,"Johnson&Johnson, Moderna, Oxford/AstraZeneca, Pfizer/BioNTech"
2021-05-26,3525724,1393755.0,4889845,94.0,Austria,https://info.gesundheitsministerium.gv.at/data/COVID19_vaccination_doses_timeline.csv,"Johnson&Johnson, Moderna, Oxford/AstraZeneca, Pfizer/BioNTech"
2021-05-27,3581117,1441913.0,4990635,97.0,Austria,https://info.gesundheitsministerium.gv.at/data/COVID19_vaccination_doses_timeline.csv,"Johnson&Johnson, Moderna, Oxford/AstraZeneca, Pfizer/BioNTech"
2021-05-28,3641246,1499439.0,5102493,97.0,Austria,https://info.gesundheitsministerium.gv.at/data/COVID19_vaccination_doses_timeline.csv,"Johnson&Johnson, Moderna, Oxford/AstraZeneca, Pfizer/BioNTech"
2021-05-29,3666961,1537584.0,5165936,97.0,Austria,https://info.gesundheitsministerium.gv.at/data/COVID19_vaccination_doses_timeline.csv,"Johnson&Johnson, Moderna, Oxford/AstraZeneca, Pfizer/BioNTech"
2021-05-30,3681206,1562038.0,5204580,97.0,Austria,https://info.gesundheitsministerium.gv.at/data/COVID19_vaccination_doses_timeline.csv,"Johnson&Johnson, Moderna, Oxford/AstraZeneca, Pfizer/BioNTech"
2021-05-31,3703338,1587754.0,5249460,99.0,Austria,https://info.gesundheitsministerium.gv.at/data/COVID19_vaccination_doses_timeline.csv,"Johnson&Johnson, Moderna, Oxford/AstraZeneca, Pfizer/BioNTech"
2021-06-01,3760041,1629193.0,5341697,102.0,Austria,https://info.gesundheitsministerium.gv.at/data/COVID19_vaccination_doses_timeline.csv,"Johnson&Johnson, Moderna, Oxford/AstraZeneca, Pfizer/BioNTech"
2021-06-02,3838470,1702691.0,5486650,107.0,Austria,https://info.gesundheitsministerium.gv.at/data/COVID19_vaccination_doses_timeline.csv,"Johnson&Johnson, Moderna, Oxford/AstraZeneca, Pfizer/BioNTech"
2021-06-03,3869981,1741892.0,5556353,107.0,Austria,https://info.gesundheitsministerium.gv.at/data/COVID19_vaccination_doses_timeline.csv,"Johnson&Johnson, Moderna, Oxford/AstraZeneca, Pfizer/BioNTech"
2021-06-04,3933104,1792822.0,5667311,109.0,Austria,https://info.gesundheitsministerium.gv.at/data/COVID19_vaccination_doses_timeline.csv,"Johnson&Johnson, Moderna, Oxford/AstraZeneca, Pfizer/BioNTech"
2021-06-05,3967048,1823357.0,5731283,114.0,Austria,https://info.gesundheitsministerium.gv.at/data/COVID19_vaccination_doses_timeline.csv,"Johnson&Johnson, Moderna, Oxford/AstraZeneca, Pfizer/BioNTech"
2021-06-06,3991326,1853513.0,5785288,115.0,Austria,https://info.gesundheitsministerium.gv.at/data/COVID19_vaccination_doses_timeline.csv,"Johnson&Johnson, Moderna, Oxford/AstraZeneca, Pfizer/BioNTech"
2021-06-07,4017663,1888600.0,5843907,118.0,Austria,https://info.gesundheitsministerium.gv.at/data/COVID19_vaccination_doses_timeline.csv,"Johnson&Johnson, Moderna, Oxford/AstraZeneca, Pfizer/BioNTech"
2021-06-08,4068569,1935364.0,5936715,121.0,Austria,https://info.gesundheitsministerium.gv.at/data/COVID19_vaccination_doses_timeline.csv,"Johnson&Johnson, Moderna, Oxford/AstraZeneca, Pfizer/BioNTech"
2021-06-09,4131770,1995362.0,6055339,123.0,Austria,https://info.gesundheitsministerium.gv.at/data/COVID19_vaccination_doses_timeline.csv,"Johnson&Johnson, Moderna, Oxford/AstraZeneca, Pfizer/BioNTech"
2021-06-10,4184858,2069858.0,6178220,128.0,Austria,https://info.gesundheitsministerium.gv.at/data/COVID19_vaccination_doses_timeline.csv,"Johnson&Johnson, Moderna, Oxford/AstraZeneca, Pfizer/BioNTech"
2021-06-11,4240902,2150518.0,6310729,131.0,Austria,https://info.gesundheitsministerium.gv.at/data/COVID19_vaccination_doses_timeline.csv,"Johnson&Johnson, Moderna, Oxford/AstraZeneca, Pfizer/BioNTech"
2021-06-12,4269217,2193297.0,6381076,133.0,Austria,https://info.gesundheitsministerium.gv.at/data/COVID19_vaccination_doses_timeline.csv,"Johnson&Johnson, Moderna, Oxford/AstraZeneca, Pfizer/BioNTech"
2021-06-13,4286612,2214153.0,6419177,133.0,Austria,https://info.gesundheitsministerium.gv.at/data/COVID19_vaccination_doses_timeline.csv,"Johnson&Johnson, Moderna, Oxford/AstraZeneca, Pfizer/BioNTech"
2021-06-14,4306618,2245996.0,6468934,134.0,Austria,https://info.gesundheitsministerium.gv.at/data/COVID19_vaccination_doses_timeline.csv,"Johnson&Johnson, Moderna, Oxford/AstraZeneca, Pfizer/BioNTech"
2021-06-15,4354403,2288666.0,6556597,135.0,Austria,https://info.gesundheitsministerium.gv.at/data/COVID19_vaccination_doses_timeline.csv,"Johnson&Johnson, Moderna, Oxford/AstraZeneca, Pfizer/BioNTech"
2021-06-16,4404637,2362695.0,6678101,140.0,Austria,https://info.gesundheitsministerium.gv.at/data/COVID19_vaccination_doses_timeline.csv,"Johnson&Johnson, Moderna, Oxford/AstraZeneca, Pfizer/BioNTech"
2021-06-17,4447084,2439393.0,6794619,153.0,Austria,https://info.gesundheitsministerium.gv.at/data/COVID19_vaccination_doses_timeline.csv,"Johnson&Johnson, Moderna, Oxford/AstraZeneca, Pfizer/BioNTech"
2021-06-18,4489966,2515171.0,6908771,164.0,Austria,https://info.gesundheitsministerium.gv.at/data/COVID19_vaccination_doses_timeline.csv,"Johnson&Johnson, Moderna, Oxford/AstraZeneca, Pfizer/BioNTech"
2021-06-19,4520717,2552345.0,6976389,164.0,Austria,https://info.gesundheitsministerium.gv.at/data/COVID19_vaccination_doses_timeline.csv,"Johnson&Johnson, Moderna, Oxford/AstraZeneca, Pfizer/BioNTech"
2021-06-20,4540130,2570520.0,7013844,164.0,Austria,https://info.gesundheitsministerium.gv.at/data/COVID19_vaccination_doses_timeline.csv,"Johnson&Johnson, Moderna, Oxford/AstraZeneca, Pfizer/BioNTech"
2021-06-21,4561336,2604189.0,7067174,170.0,Austria,https://info.gesundheitsministerium.gv.at/data/COVID19_vaccination_doses_timeline.csv,"Johnson&Johnson, Moderna, Oxford/AstraZeneca, Pfizer/BioNTech"
2021-06-22,4597529,2662934.0,7160138,180.0,Austria,https://info.gesundheitsministerium.gv.at/data/COVID19_vaccination_doses_timeline.csv,"Johnson&Johnson, Moderna, Oxford/AstraZeneca, Pfizer/BioNTech"
2021-06-23,4633236,2741788.0,7273402,185.0,Austria,https://info.gesundheitsministerium.gv.at/data/COVID19_vaccination_doses_timeline.csv,"Johnson&Johnson, Moderna, Oxford/AstraZeneca, Pfizer/BioNTech"
2021-06-24,4666526,2820978.0,7384082,191.0,Austria,https://info.gesundheitsministerium.gv.at/data/COVID19_vaccination_doses_timeline.csv,"Johnson&Johnson, Moderna, Oxford/AstraZeneca, Pfizer/BioNTech"
2021-06-25,4701908,2910969.0,7507713,196.0,Austria,https://info.gesundheitsministerium.gv.at/data/COVID19_vaccination_doses_timeline.csv,"Johnson&Johnson, Moderna, Oxford/AstraZeneca, Pfizer/BioNTech"
2021-06-26,4728784,2962428.0,7585784,199.0,Austria,https://info.gesundheitsministerium.gv.at/data/COVID19_vaccination_doses_timeline.csv,"Johnson&Johnson, Moderna, Oxford/AstraZeneca, Pfizer/BioNTech"
2021-06-27,4750998,2982189.0,7627601,200.0,Austria,https://info.gesundheitsministerium.gv.at/data/COVID19_vaccination_doses_timeline.csv,"Johnson&Johnson, Moderna, Oxford/AstraZeneca, Pfizer/BioNTech"
2021-06-28,4767358,3020711.0,7679437,205.0,Austria,https://info.gesundheitsministerium.gv.at/data/COVID19_vaccination_doses_timeline.csv,"Johnson&Johnson, Moderna, Oxford/AstraZeneca, Pfizer/BioNTech"
2021-06-29,4799368,3085233.0,7772752,212.0,Austria,https://info.gesundheitsministerium.gv.at/data/COVID19_vaccination_doses_timeline.csv,"Johnson&Johnson, Moderna, Oxford/AstraZeneca, Pfizer/BioNTech"
2021-06-30,4833140,3170727.0,7888375,224.0,Austria,https://info.gesundheitsministerium.gv.at/data/COVID19_vaccination_doses_timeline.csv,"Johnson&Johnson, Moderna, Oxford/AstraZeneca, Pfizer/BioNTech"
2021-07-01,4864675,3261685.0,8007101,241.0,Austria,https://info.gesundheitsministerium.gv.at/data/COVID19_vaccination_doses_timeline.csv,"Johnson&Johnson, Moderna, Oxford/AstraZeneca, Pfizer/BioNTech"
2021-07-02,4893095,3351875.0,8122525,252.0,Austria,https://info.gesundheitsministerium.gv.at/data/COVID19_vaccination_doses_timeline.csv,"Johnson&Johnson, Moderna, Oxford/AstraZeneca, Pfizer/BioNTech"
2021-07-03,4915580,3403370.0,8193938,253.0,Austria,https://info.gesundheitsministerium.gv.at/data/COVID19_vaccination_doses_timeline.csv,"Johnson&Johnson, Moderna, Oxford/AstraZeneca, Pfizer/BioNTech"
2021-07-04,4949911,3430172.0,8248866,256.0,Austria,https://info.gesundheitsministerium.gv.at/data/COVID19_vaccination_doses_timeline.csv,"Johnson&Johnson, Moderna, Oxford/AstraZeneca, Pfizer/BioNTech"
2021-07-05,4968745,3462631.0,8295637,261.0,Austria,https://info.gesundheitsministerium.gv.at/data/COVID19_vaccination_doses_timeline.csv,"Johnson&Johnson, Moderna, Oxford/AstraZeneca, Pfizer/BioNTech"
2021-07-06,4997622,3521021.0,8378806,275.0,Austria,https://info.gesundheitsministerium.gv.at/data/COVID19_vaccination_doses_timeline.csv,"Johnson&Johnson, Moderna, Oxford/AstraZeneca, Pfizer/BioNTech"
2021-07-07,5023627,3592910.0,8474243,287.0,Austria,https://info.gesundheitsministerium.gv.at/data/COVID19_vaccination_doses_timeline.csv,"Johnson&Johnson, Moderna, Oxford/AstraZeneca, Pfizer/BioNTech"
2021-07-08,5049772,3667698.0,8572306,338.0,Austria,https://info.gesundheitsministerium.gv.at/data/COVID19_vaccination_doses_timeline.csv,"Johnson&Johnson, Moderna, Oxford/AstraZeneca, Pfizer/BioNTech"
2021-07-09,5074824,3738348.0,8663112,389.0,Austria,https://info.gesundheitsministerium.gv.at/data/COVID19_vaccination_doses_timeline.csv,"Johnson&Johnson, Moderna, Oxford/AstraZeneca, Pfizer/BioNTech"
2021-07-10,5087800,3779950.0,8715050,397.0,Austria,https://info.gesundheitsministerium.gv.at/data/COVID19_vaccination_doses_timeline.csv,"Johnson&Johnson, Moderna, Oxford/AstraZeneca, Pfizer/BioNTech"
2021-07-11,5100080,3801630.0,8746291,400.0,Austria,https://info.gesundheitsministerium.gv.at/data/COVID19_vaccination_doses_timeline.csv,"Johnson&Johnson, Moderna, Oxford/AstraZeneca, Pfizer/BioNTech"
2021-07-12,5109117,3831285.0,8783129,410.0,Austria,https://info.gesundheitsministerium.gv.at/data/COVID19_vaccination_doses_timeline.csv,"Johnson&Johnson, Moderna, Oxford/AstraZeneca, Pfizer/BioNTech"
2021-07-13,5130352,3887402.0,8858687,433.0,Austria,https://info.gesundheitsministerium.gv.at/data/COVID19_vaccination_doses_timeline.csv,"Johnson&Johnson, Moderna, Oxford/AstraZeneca, Pfizer/BioNTech"
2021-07-14,5147171,3954980.0,8940982,449.0,Austria,https://info.gesundheitsministerium.gv.at/data/COVID19_vaccination_doses_timeline.csv,"Johnson&Johnson, Moderna, Oxford/AstraZeneca, Pfizer/BioNTech"
2021-07-15,5165676,4004158.0,9005974,512.0,Austria,https://info.gesundheitsministerium.gv.at/data/COVID19_vaccination_doses_timeline.csv,"Johnson&Johnson, Moderna, Oxford/AstraZeneca, Pfizer/BioNTech"
2021-07-16,5184748,4070330.0,9088122,578.0,Austria,https://info.gesundheitsministerium.gv.at/data/COVID19_vaccination_doses_timeline.csv,"Johnson&Johnson, Moderna, Oxford/AstraZeneca, Pfizer/BioNTech"
2021-07-17,5202271,4110783.0,9139792,592.0,Austria,https://info.gesundheitsministerium.gv.at/data/COVID19_vaccination_doses_timeline.csv,"Johnson&Johnson, Moderna, Oxford/AstraZeneca, Pfizer/BioNTech"
2021-07-18,5209614,4133440.0,9168301,594.0,Austria,https://info.gesundheitsministerium.gv.at/data/COVID19_vaccination_doses_timeline.csv,"Johnson&Johnson, Moderna, Oxford/AstraZeneca, Pfizer/BioNTech"
2021-07-19,5221238,4155408.0,9200482,604.0,Austria,https://info.gesundheitsministerium.gv.at/data/COVID19_vaccination_doses_timeline.csv,"Johnson&Johnson, Moderna, Oxford/AstraZeneca, Pfizer/BioNTech"
2021-07-20,5234080,4192127.0,9248436,630.0,Austria,https://info.gesundheitsministerium.gv.at/data/COVID19_vaccination_doses_timeline.csv,"Johnson&Johnson, Moderna, Oxford/AstraZeneca, Pfizer/BioNTech"
2021-07-21,5246237,4250121.0,9316436,649.0,Austria,https://info.gesundheitsministerium.gv.at/data/COVID19_vaccination_doses_timeline.csv,"Johnson&Johnson, Moderna, Oxford/AstraZeneca, Pfizer/BioNTech"
2021-07-22,5264687,4305061.0,9386499,669.0,Austria,https://info.gesundheitsministerium.gv.at/data/COVID19_vaccination_doses_timeline.csv,"Johnson&Johnson, Moderna, Oxford/AstraZeneca, Pfizer/BioNTech"
2021-07-23,5281813,4362698.0,9458470,696.0,Austria,https://info.gesundheitsministerium.gv.at/data/COVID19_vaccination_doses_timeline.csv,"Johnson&Johnson, Moderna, Oxford/AstraZeneca, Pfizer/BioNTech"
2021-07-24,5293457,4406023.0,9509888,702.0,Austria,https://info.gesundheitsministerium.gv.at/data/COVID19_vaccination_doses_timeline.csv,"Johnson&Johnson, Moderna, Oxford/AstraZeneca, Pfizer/BioNTech"
2021-07-25,5300174,4429761.0,9538486,708.0,Austria,https://info.gesundheitsministerium.gv.at/data/COVID19_vaccination_doses_timeline.csv,"Johnson&Johnson, Moderna, Oxford/AstraZeneca, Pfizer/BioNTech"
2021-07-26,5309275,4453097.0,9569507,730.0,Austria,https://info.gesundheitsministerium.gv.at/data/COVID19_vaccination_doses_timeline.csv,"Johnson&Johnson, Moderna, Oxford/AstraZeneca, Pfizer/BioNTech"
2021-07-27,5317225,4500993.0,9623937,755.0,Austria,https://info.gesundheitsministerium.gv.at/data/COVID19_vaccination_doses_timeline.csv,"Johnson&Johnson, Moderna, Oxford/AstraZeneca, Pfizer/BioNTech"
2021-07-28,5325920,4550742.0,9680746,807.0,Austria,https://info.gesundheitsministerium.gv.at/data/COVID19_vaccination_doses_timeline.csv,"Johnson&Johnson, Moderna, Oxford/AstraZeneca, Pfizer/BioNTech"
2021-07-29,5335364,4588473.0,9725992,847.0,Austria,https://info.gesundheitsministerium.gv.at/data/COVID19_vaccination_doses_timeline.csv,"Johnson&Johnson, Moderna, Oxford/AstraZeneca, Pfizer/BioNTech"
2021-07-30,5347336,4636322.0,9782347,875.0,Austria,https://info.gesundheitsministerium.gv.at/data/COVID19_vaccination_doses_timeline.csv,"Johnson&Johnson, Moderna, Oxford/AstraZeneca, Pfizer/BioNTech"
2021-07-31,5353521,4667684.0,9818282,892.0,Austria,https://info.gesundheitsministerium.gv.at/data/COVID19_vaccination_doses_timeline.csv,"Johnson&Johnson, Moderna, Oxford/AstraZeneca, Pfizer/BioNTech"
2021-08-01,5356040,4693201.0,9845654,897.0,Austria,https://info.gesundheitsministerium.gv.at/data/COVID19_vaccination_doses_timeline.csv,"Johnson&Johnson, Moderna, Oxford/AstraZeneca, Pfizer/BioNTech"
2021-08-02,5361623,4717335.0,9873999,921.0,Austria,https://info.gesundheitsministerium.gv.at/data/COVID19_vaccination_doses_timeline.csv,"Johnson&Johnson, Moderna, Oxford/AstraZeneca, Pfizer/BioNTech"
2021-08-03,5370279,4757534.0,9920980,953.0,Austria,https://info.gesundheitsministerium.gv.at/data/COVID19_vaccination_doses_timeline.csv,"Johnson&Johnson, Moderna, Oxford/AstraZeneca, Pfizer/BioNTech"
2021-08-04,5380473,4795838.0,9967587,1028.0,Austria,https://info.gesundheitsministerium.gv.at/data/COVID19_vaccination_doses_timeline.csv,"Johnson&Johnson, Moderna, Oxford/AstraZeneca, Pfizer/BioNTech"
2021-08-05,5390145,4829498.0,10008257,1065.0,Austria,https://info.gesundheitsministerium.gv.at/data/COVID19_vaccination_doses_timeline.csv,"Johnson&Johnson, Moderna, Oxford/AstraZeneca, Pfizer/BioNTech"
2021-08-06,5400030,4869252.0,10054886,1117.0,Austria,https://info.gesundheitsministerium.gv.at/data/COVID19_vaccination_doses_timeline.csv,"Johnson&Johnson, Moderna, Oxford/AstraZeneca, Pfizer/BioNTech"
2021-08-07,5407560,4895113.0,10084779,1128.0,Austria,https://info.gesundheitsministerium.gv.at/data/COVID19_vaccination_doses_timeline.csv,"Johnson&Johnson, Moderna, Oxford/AstraZeneca, Pfizer/BioNTech"
2021-08-08,5411490,4917344.0,10110048,1138.0,Austria,https://info.gesundheitsministerium.gv.at/data/COVID19_vaccination_doses_timeline.csv,"Johnson&Johnson, Moderna, Oxford/AstraZeneca, Pfizer/BioNTech"
2021-08-09,5415641,4929816.0,10125455,1177.0,Austria,https://info.gesundheitsministerium.gv.at/data/COVID19_vaccination_doses_timeline.csv,"Johnson&Johnson, Moderna, Oxford/AstraZeneca, Pfizer/BioNTech"
2021-08-10,5421196,4965837.0,10165605,1269.0,Austria,https://info.gesundheitsministerium.gv.at/data/COVID19_vaccination_doses_timeline.csv,"Johnson&Johnson, Moderna, Oxford/AstraZeneca, Pfizer/BioNTech"
2021-08-11,5428289,5000087.0,10205445,1361.0,Austria,https://info.gesundheitsministerium.gv.at/data/COVID19_vaccination_doses_timeline.csv,"Johnson&Johnson, Moderna, Oxford/AstraZeneca, Pfizer/BioNTech"
2021-08-12,5435057,5025725.0,10236347,1416.0,Austria,https://info.gesundheitsministerium.gv.at/data/COVID19_vaccination_doses_timeline.csv,"Johnson&Johnson, Moderna, Oxford/AstraZeneca, Pfizer/BioNTech"
2021-08-13,5441616,5047886.0,10262855,1493.0,Austria,https://info.gesundheitsministerium.gv.at/data/COVID19_vaccination_doses_timeline.csv,"Johnson&Johnson, Moderna, Oxford/AstraZeneca, Pfizer/BioNTech"
2021-08-14,5447138,5062326.0,10281265,1506.0,Austria,https://info.gesundheitsministerium.gv.at/data/COVID19_vaccination_doses_timeline.csv,"Johnson&Johnson, Moderna, Oxford/AstraZeneca, Pfizer/BioNTech"
2021-08-15,5449129,5070250.0,10290476,1516.0,Austria,https://info.gesundheitsministerium.gv.at/data/COVID19_vaccination_doses_timeline.csv,"Johnson&Johnson, Moderna, Oxford/AstraZeneca, Pfizer/BioNTech"
2021-08-16,5453445,5090532.0,10313910,1548.0,Austria,https://info.gesundheitsministerium.gv.at/data/COVID19_vaccination_doses_timeline.csv,"Johnson&Johnson, Moderna, Oxford/AstraZeneca, Pfizer/BioNTech"
2021-08-17,5459903,5110966.0,10339083,1610.0,Austria,https://info.gesundheitsministerium.gv.at/data/COVID19_vaccination_doses_timeline.csv,"Johnson&Johnson, Moderna, Oxford/AstraZeneca, Pfizer/BioNTech"
2021-08-18,5467096,5131094.0,10364788,1728.0,Austria,https://info.gesundheitsministerium.gv.at/data/COVID19_vaccination_doses_timeline.csv,"Johnson&Johnson, Moderna, Oxford/AstraZeneca, Pfizer/BioNTech"
2021-08-19,5474592,5150930.0,10390129,1827.0,Austria,https://info.gesundheitsministerium.gv.at/data/COVID19_vaccination_doses_timeline.csv,"Johnson&Johnson, Moderna, Oxford/AstraZeneca, Pfizer/BioNTech"
2021-08-20,5483744,5170857.0,10416173,1932.0,Austria,https://info.gesundheitsministerium.gv.at/data/COVID19_vaccination_doses_timeline.csv,"Johnson&Johnson, Moderna, Oxford/AstraZeneca, Pfizer/BioNTech"
2021-08-21,5490516,5183627.0,10432882,1996.0,Austria,https://info.gesundheitsministerium.gv.at/data/COVID19_vaccination_doses_timeline.csv,"Johnson&Johnson, Moderna, Oxford/AstraZeneca, Pfizer/BioNTech"
2021-08-22,5493985,5188660.0,10440664,2017.0,Austria,https://info.gesundheitsministerium.gv.at/data/COVID19_vaccination_doses_timeline.csv,"Johnson&Johnson, Moderna, Oxford/AstraZeneca, Pfizer/BioNTech"
2021-08-23,5497502,5194980.0,10449581,2133.0,Austria,https://info.gesundheitsministerium.gv.at/data/COVID19_vaccination_doses_timeline.csv,"Johnson&Johnson, Moderna, Oxford/AstraZeneca, Pfizer/BioNTech"
2021-08-24,5508616,5206696.0,10469179,2298.0,Austria,https://info.gesundheitsministerium.gv.at/data/COVID19_vaccination_doses_timeline.csv,"Johnson&Johnson, Moderna, Oxford/AstraZeneca, Pfizer/BioNTech"
2021-08-25,5515761,5216560.0,10484515,2458.0,Austria,https://info.gesundheitsministerium.gv.at/data/COVID19_vaccination_doses_timeline.csv,"Johnson&Johnson, Moderna, Oxford/AstraZeneca, Pfizer/BioNTech"
2021-08-26,5524385,5231875.0,10506019,2665.0,Austria,https://info.gesundheitsministerium.gv.at/data/COVID19_vaccination_doses_timeline.csv,"Johnson&Johnson, Moderna, Oxford/AstraZeneca, Pfizer/BioNTech"
2021-08-27,5533647,5244100.0,10524999,2869.0,Austria,https://info.gesundheitsministerium.gv.at/data/COVID19_vaccination_doses_timeline.csv,"Johnson&Johnson, Moderna, Oxford/AstraZeneca, Pfizer/BioNTech"
2021-08-28,5539324,5249381.0,10534279,2910.0,Austria,https://info.gesundheitsministerium.gv.at/data/COVID19_vaccination_doses_timeline.csv,"Johnson&Johnson, Moderna, Oxford/AstraZeneca, Pfizer/BioNTech"
2021-08-29,5540992,5251691.0,10537717,2937.0,Austria,https://info.gesundheitsministerium.gv.at/data/COVID19_vaccination_doses_timeline.csv,"Johnson&Johnson, Moderna, Oxford/AstraZeneca, Pfizer/BioNTech"
2021-08-30,5545542,5257582.0,10547014,3045.0,Austria,https://info.gesundheitsministerium.gv.at/data/COVID19_vaccination_doses_timeline.csv,"Johnson&Johnson, Moderna, Oxford/AstraZeneca, Pfizer/BioNTech"
2021-08-31,5556065,5267239.0,10564630,3268.0,Austria,https://info.gesundheitsministerium.gv.at/data/COVID19_vaccination_doses_timeline.csv,"Johnson&Johnson, Moderna, Oxford/AstraZeneca, Pfizer/BioNTech"
2021-09-01,5563869,5275379.0,10579040,3667.0,Austria,https://info.gesundheitsministerium.gv.at/data/COVID19_vaccination_doses_timeline.csv,"Johnson&Johnson, Moderna, Oxford/AstraZeneca, Pfizer/BioNTech"
2021-09-02,5571239,5284624.0,10594750,4367.0,Austria,https://info.gesundheitsministerium.gv.at/data/COVID19_vaccination_doses_timeline.csv,"Johnson&Johnson, Moderna, Oxford/AstraZeneca, Pfizer/BioNTech"
2021-09-03,5580429,5293508.0,10611054,5380.0,Austria,https://info.gesundheitsministerium.gv.at/data/COVID19_vaccination_doses_timeline.csv,"Johnson&Johnson, Moderna, Oxford/AstraZeneca, Pfizer/BioNTech"
2021-09-04,5587873,5301781.0,10625258,6152.0,Austria,https://info.gesundheitsministerium.gv.at/data/COVID19_vaccination_doses_timeline.csv,"Johnson&Johnson, Moderna, Oxford/AstraZeneca, Pfizer/BioNTech"
2021-09-05,5589094,5303179.0,10627491,6197.0,Austria,https://info.gesundheitsministerium.gv.at/data/COVID19_vaccination_doses_timeline.csv,"Johnson&Johnson, Moderna, Oxford/AstraZeneca, Pfizer/BioNTech"
2021-09-06,5592731,5307134.0,10634840,6778.0,Austria,https://info.gesundheitsministerium.gv.at/data/COVID19_vaccination_doses_timeline.csv,"Johnson&Johnson, Moderna, Oxford/AstraZeneca, Pfizer/BioNTech"
2021-09-07,5602116,5314320.0,10650599,7863.0,Austria,https://info.gesundheitsministerium.gv.at/data/COVID19_vaccination_doses_timeline.csv,"Johnson&Johnson, Moderna, Oxford/AstraZeneca, Pfizer/BioNTech"
2021-09-08,5610486,5321846.0,10665528,8836.0,Austria,https://info.gesundheitsministerium.gv.at/data/COVID19_vaccination_doses_timeline.csv,"Johnson&Johnson, Moderna, Oxford/AstraZeneca, Pfizer/BioNTech"
2021-09-09,5619439,5330176.0,10681925,10068.0,Austria,https://info.gesundheitsministerium.gv.at/data/COVID19_vaccination_doses_timeline.csv,"Johnson&Johnson, Moderna, Oxford/AstraZeneca, Pfizer/BioNTech"
2021-09-10,5630799,5339617.0,10701222,11280.0,Austria,https://info.gesundheitsministerium.gv.at/data/COVID19_vaccination_doses_timeline.csv,"Johnson&Johnson, Moderna, Oxford/AstraZeneca, Pfizer/BioNTech"
2021-09-11,5640330,5347344.0,10715003,11774.0,Austria,https://info.gesundheitsministerium.gv.at/data/COVID19_vaccination_doses_timeline.csv,"Johnson&Johnson, Moderna, Oxford/AstraZeneca, Pfizer/BioNTech"
2021-09-12,5642100,5349226.0,10718134,11879.0,Austria,https://info.gesundheitsministerium.gv.at/data/COVID19_vaccination_doses_timeline.csv,"Johnson&Johnson, Moderna, Oxford/AstraZeneca, Pfizer/BioNTech"
2021-09-13,5646653,5353755.0,10727292,13050.0,Austria,https://info.gesundheitsministerium.gv.at/data/COVID19_vaccination_doses_timeline.csv,"Johnson&Johnson, Moderna, Oxford/AstraZeneca, Pfizer/BioNTech"
2021-09-14,5657023,5362452.0,10747080,15084.0,Austria,https://info.gesundheitsministerium.gv.at/data/COVID19_vaccination_doses_timeline.csv,"Johnson&Johnson, Moderna, Oxford/AstraZeneca, Pfizer/BioNTech"
2021-09-15,5666131,5369845.0,10764451,17776.0,Austria,https://info.gesundheitsministerium.gv.at/data/COVID19_vaccination_doses_timeline.csv,"Johnson&Johnson, Moderna, Oxford/AstraZeneca, Pfizer/BioNTech"
2021-09-16,5676165,5378012.0,10783554,20795.0,Austria,https://info.gesundheitsministerium.gv.at/data/COVID19_vaccination_doses_timeline.csv,"Johnson&Johnson, Moderna, Oxford/AstraZeneca, Pfizer/BioNTech"
2021-09-17,5690563,5387856.0,10808156,23727.0,Austria,https://info.gesundheitsministerium.gv.at/data/COVID19_vaccination_doses_timeline.csv,"Johnson&Johnson, Moderna, Oxford/AstraZeneca, Pfizer/BioNTech"
2021-09-18,5698376,5394219.0,10820993,24469.0,Austria,https://info.gesundheitsministerium.gv.at/data/COVID19_vaccination_doses_timeline.csv,"Johnson&Johnson, Moderna, Oxford/AstraZeneca, Pfizer/BioNTech"
2021-09-19,5699955,5396698.0,10824774,24680.0,Austria,https://info.gesundheitsministerium.gv.at/data/COVID19_vaccination_doses_timeline.csv,"Johnson&Johnson, Moderna, Oxford/AstraZeneca, Pfizer/BioNTech"
2021-09-20,5704769,5401305.0,10835181,26905.0,Austria,https://info.gesundheitsministerium.gv.at/data/COVID19_vaccination_doses_timeline.csv,"Johnson&Johnson, Moderna, Oxford/AstraZeneca, Pfizer/BioNTech"
2021-09-21,5714562,5410774.0,10856427,31377.0,Austria,https://info.gesundheitsministerium.gv.at/data/COVID19_vaccination_doses_timeline.csv,"Johnson&Johnson, Moderna, Oxford/AstraZeneca, Pfizer/BioNTech"
2021-09-22,5724187,5418546.0,10878091,37410.0,Austria,https://info.gesundheitsministerium.gv.at/data/COVID19_vaccination_doses_timeline.csv,"Johnson&Johnson, Moderna, Oxford/AstraZeneca, Pfizer/BioNTech"
2021-09-23,5733367,5426023.0,10896822,41464.0,Austria,https://info.gesundheitsministerium.gv.at/data/COVID19_vaccination_doses_timeline.csv,"Johnson&Johnson, Moderna, Oxford/AstraZeneca, Pfizer/BioNTech"
2021-09-24,5748017,5436811.0,10921657,45065.0,Austria,https://info.gesundheitsministerium.gv.at/data/COVID19_vaccination_doses_timeline.csv,"Johnson&Johnson, Moderna, Oxford/AstraZeneca, Pfizer/BioNTech"
2021-09-25,5753780,5442522.0,10933278,46964.0,Austria,https://info.gesundheitsministerium.gv.at/data/COVID19_vaccination_doses_timeline.csv,"Johnson&Johnson, Moderna, Oxford/AstraZeneca, Pfizer/BioNTech"
2021-09-26,5755090,5443816.0,10935878,47418.0,Austria,https://info.gesundheitsministerium.gv.at/data/COVID19_vaccination_doses_timeline.csv,"Johnson&Johnson, Moderna, Oxford/AstraZeneca, Pfizer/BioNTech"
2021-09-27,5759989,5448098.0,10946805,50120.0,Austria,https://info.gesundheitsministerium.gv.at/data/COVID19_vaccination_doses_timeline.csv,"Johnson&Johnson, Moderna, Oxford/AstraZeneca, Pfizer/BioNTech"
2021-09-28,5767717,5456459.0,10965855,54901.0,Austria,https://info.gesundheitsministerium.gv.at/data/COVID19_vaccination_doses_timeline.csv,"Johnson&Johnson, Moderna, Oxford/AstraZeneca, Pfizer/BioNTech"
2021-09-29,5775457,5463569.0,10987278,62708.0,Austria,https://info.gesundheitsministerium.gv.at/data/COVID19_vaccination_doses_timeline.csv,"Johnson&Johnson, Moderna, Oxford/AstraZeneca, Pfizer/BioNTech"
2021-09-30,5782695,5470854.0,11008801,70768.0,Austria,https://info.gesundheitsministerium.gv.at/data/COVID19_vaccination_doses_timeline.csv,"Johnson&Johnson, Moderna, Oxford/AstraZeneca, Pfizer/BioNTech"
2021-10-01,5792479,5481186.0,11033310,76646.0,Austria,https://info.gesundheitsministerium.gv.at/data/COVID19_vaccination_doses_timeline.csv,"Johnson&Johnson, Moderna, Oxford/AstraZeneca, Pfizer/BioNTech"
2021-10-02,5797458,5486585.0,11045398,79164.0,Austria,https://info.gesundheitsministerium.gv.at/data/COVID19_vaccination_doses_timeline.csv,"Johnson&Johnson, Moderna, Oxford/AstraZeneca, Pfizer/BioNTech"
2021-10-03,5798426,5487747.0,11047674,79467.0,Austria,https://info.gesundheitsministerium.gv.at/data/COVID19_vaccination_doses_timeline.csv,"Johnson&Johnson, Moderna, Oxford/AstraZeneca, Pfizer/BioNTech"
2021-10-04,5802189,5492726.0,11060975,84693.0,Austria,https://info.gesundheitsministerium.gv.at/data/COVID19_vaccination_doses_timeline.csv,"Johnson&Johnson, Moderna, Oxford/AstraZeneca, Pfizer/BioNTech"
2021-10-05,5808677,5501409.0,11084784,94309.0,Austria,https://info.gesundheitsministerium.gv.at/data/COVID19_vaccination_doses_timeline.csv,"Johnson&Johnson, Moderna, Oxford/AstraZeneca, Pfizer/BioNTech"
2021-10-06,5815062,5509548.0,11112966,108730.0,Austria,https://info.gesundheitsministerium.gv.at/data/COVID19_vaccination_doses_timeline.csv,"Johnson&Johnson, Moderna, Oxford/AstraZeneca, Pfizer/BioNTech"
2021-10-07,5820620,5516983.0,11137359,120605.0,Austria,https://info.gesundheitsministerium.gv.at/data/COVID19_vaccination_doses_timeline.csv,"Johnson&Johnson, Moderna, Oxford/AstraZeneca, Pfizer/BioNTech"
2021-10-08,5828565,5529597.0,11170122,133503.0,Austria,https://info.gesundheitsministerium.gv.at/data/COVID19_vaccination_doses_timeline.csv,"Johnson&Johnson, Moderna, Oxford/AstraZeneca, Pfizer/BioNTech"
2021-10-09,5832570,5534464.0,11183715,138644.0,Austria,https://info.gesundheitsministerium.gv.at/data/COVID19_vaccination_doses_timeline.csv,"Johnson&Johnson, Moderna, Oxford/AstraZeneca, Pfizer/BioNTech"
2021-10-10,5833280,5535569.0,11185996,139225.0,Austria,https://info.gesundheitsministerium.gv.at/data/COVID19_vaccination_doses_timeline.csv,"Johnson&Johnson, Moderna, Oxford/AstraZeneca, Pfizer/BioNTech"
2021-10-11,5836307,5540582.0,11200049,145620.0,Austria,https://info.gesundheitsministerium.gv.at/data/COVID19_vaccination_doses_timeline.csv,"Johnson&Johnson, Moderna, Oxford/AstraZeneca, Pfizer/BioNTech"
2021-10-12,5841194,5548203.0,11222263,155797.0,Austria,https://info.gesundheitsministerium.gv.at/data/COVID19_vaccination_doses_timeline.csv,"Johnson&Johnson, Moderna, Oxford/AstraZeneca, Pfizer/BioNTech"
2021-10-13,5846512,5556528.0,11249554,169806.0,Austria,https://info.gesundheitsministerium.gv.at/data/COVID19_vaccination_doses_timeline.csv,"Johnson&Johnson, Moderna, Oxford/AstraZeneca, Pfizer/BioNTech"
2021-10-14,5851835,5564662.0,11275851,183095.0,Austria,https://info.gesundheitsministerium.gv.at/data/COVID19_vaccination_doses_timeline.csv,"Johnson&Johnson, Moderna, Oxford/AstraZeneca, Pfizer/BioNTech"
2021-10-15,5858372,5576017.0,11305112,195084.0,Austria,https://info.gesundheitsministerium.gv.at/data/COVID19_vaccination_doses_timeline.csv,"Johnson&Johnson, Moderna, Oxford/AstraZeneca, Pfizer/BioNTech"
2021-10-16,5861720,5581001.0,11316540,198502.0,Austria,https://info.gesundheitsministerium.gv.at/data/COVID19_vaccination_doses_timeline.csv,"Johnson&Johnson, Moderna, Oxford/AstraZeneca, Pfizer/BioNTech"
2021-10-17,5862330,5581925.0,11318519,199027.0,Austria,https://info.gesundheitsministerium.gv.at/data/COVID19_vaccination_doses_timeline.csv,"Johnson&Johnson, Moderna, Oxford/AstraZeneca, Pfizer/BioNTech"
2021-10-18,5864929,5587014.0,11335102,208149.0,Austria,https://info.gesundheitsministerium.gv.at/data/COVID19_vaccination_doses_timeline.csv,"Johnson&Johnson, Moderna, Oxford/AstraZeneca, Pfizer/BioNTech"
2021-10-19,5869528,5594264.0,11359205,220782.0,Austria,https://info.gesundheitsministerium.gv.at/data/COVID19_vaccination_doses_timeline.csv,"Johnson&Johnson, Moderna, Oxford/AstraZeneca, Pfizer/BioNTech"
2021-10-20,5874443,5602894.0,11389494,237896.0,Austria,https://info.gesundheitsministerium.gv.at/data/COVID19_vaccination_doses_timeline.csv,"Johnson&Johnson, Moderna, Oxford/AstraZeneca, Pfizer/BioNTech"
2021-10-21,5880296,5611520.0,11419231,253526.0,Austria,https://info.gesundheitsministerium.gv.at/data/COVID19_vaccination_doses_timeline.csv,"Johnson&Johnson, Moderna, Oxford/AstraZeneca, Pfizer/BioNTech"
2021-10-22,5890362,5622513.0,11454189,268431.0,Austria,https://info.gesundheitsministerium.gv.at/data/COVID19_vaccination_doses_timeline.csv,"Johnson&Johnson, Moderna, Oxford/AstraZeneca, Pfizer/BioNTech"
2021-10-23,5897032,5627905.0,11470376,273231.0,Austria,https://info.gesundheitsministerium.gv.at/data/COVID19_vaccination_doses_timeline.csv,"Johnson&Johnson, Moderna, Oxford/AstraZeneca, Pfizer/BioNTech"
2021-10-24,5898482,5629072.0,11473549,273956.0,Austria,https://info.gesundheitsministerium.gv.at/data/COVID19_vaccination_doses_timeline.csv,"Johnson&Johnson, Moderna, Oxford/AstraZeneca, Pfizer/BioNTech"
2021-10-25,5903549,5634634.0,11489672,280067.0,Austria,https://info.gesundheitsministerium.gv.at/data/COVID19_vaccination_doses_timeline.csv,"Johnson&Johnson, Moderna, Oxford/AstraZeneca, Pfizer/BioNTech"
2021-10-26,5907960,5636974.0,11497495,281701.0,Austria,https://info.gesundheitsministerium.gv.at/data/COVID19_vaccination_doses_timeline.csv,"Johnson&Johnson, Moderna, Oxford/AstraZeneca, Pfizer/BioNTech"
2021-10-27,5917109,5646360.0,11529586,295949.0,Austria,https://info.gesundheitsministerium.gv.at/data/COVID19_vaccination_doses_timeline.csv,"Johnson&Johnson, Moderna, Oxford/AstraZeneca, Pfizer/BioNTech"
2021-10-28,5925608,5654422.0,11558884,309303.0,Austria,https://info.gesundheitsministerium.gv.at/data/COVID19_vaccination_doses_timeline.csv,"Johnson&Johnson, Moderna, Oxford/AstraZeneca, Pfizer/BioNTech"
2021-10-29,5940210,5664567.0,11595091,322446.0,Austria,https://info.gesundheitsministerium.gv.at/data/COVID19_vaccination_doses_timeline.csv,"Johnson&Johnson, Moderna, Oxford/AstraZeneca, Pfizer/BioNTech"
2021-10-30,5949172,5669406.0,11613391,327847.0,Austria,https://info.gesundheitsministerium.gv.at/data/COVID19_vaccination_doses_timeline.csv,"Johnson&Johnson, Moderna, Oxford/AstraZeneca, Pfizer/BioNTech"
2021-10-31,5951115,5670536.0,11617432,328992.0,Austria,https://info.gesundheitsministerium.gv.at/data/COVID19_vaccination_doses_timeline.csv,"Johnson&Johnson, Moderna, Oxford/AstraZeneca, Pfizer/BioNTech"
2021-11-01,5952758,5671576.0,11621254,330318.0,Austria,https://info.gesundheitsministerium.gv.at/data/COVID19_vaccination_doses_timeline.csv,"Johnson&Johnson, Moderna, Oxford/AstraZeneca, Pfizer/BioNTech"
2021-11-02,5964511,5679102.0,11653322,344105.0,Austria,https://info.gesundheitsministerium.gv.at/data/COVID19_vaccination_doses_timeline.csv,"Johnson&Johnson, Moderna, Oxford/AstraZeneca, Pfizer/BioNTech"
2021-11-03,5976205,5688754.0,11699212,369330.0,Austria,https://info.gesundheitsministerium.gv.at/data/COVID19_vaccination_doses_timeline.csv,"Johnson&Johnson, Moderna, Oxford/AstraZeneca, Pfizer/BioNTech"
2021-11-04,5988581,5698146.0,11749078,397996.0,Austria,https://info.gesundheitsministerium.gv.at/data/COVID19_vaccination_doses_timeline.csv,"Johnson&Johnson, Moderna, Oxford/AstraZeneca, Pfizer/BioNTech"
2021-11-05,6008122,5709943.0,11815623,434592.0,Austria,https://info.gesundheitsministerium.gv.at/data/COVID19_vaccination_doses_timeline.csv,"Johnson&Johnson, Moderna, Oxford/AstraZeneca, Pfizer/BioNTech"
2021-11-06,6022633,5715986.0,11857012,456005.0,Austria,https://info.gesundheitsministerium.gv.at/data/COVID19_vaccination_doses_timeline.csv,"Johnson&Johnson, Moderna, Oxford/AstraZeneca, Pfizer/BioNTech"
2021-11-07,6029922,5718406.0,11877678,467158.0,Austria,https://info.gesundheitsministerium.gv.at/data/COVID19_vaccination_doses_timeline.csv,"Johnson&Johnson, Moderna, Oxford/AstraZeneca, Pfizer/BioNTech"
2021-11-08,6043197,5725208.0,11926137,496039.0,Austria,https://info.gesundheitsministerium.gv.at/data/COVID19_vaccination_doses_timeline.csv,"Johnson&Johnson, Moderna, Oxford/AstraZeneca, Pfizer/BioNTech"
2021-11-09,6066694,5734720.0,11996817,534521.0,Austria,https://info.gesundheitsministerium.gv.at/data/COVID19_vaccination_doses_timeline.csv,"Johnson&Johnson, Moderna, Oxford/AstraZeneca, Pfizer/BioNTech"
2021-11-10,6085427,5744776.0,12072183,581651.0,Austria,https://info.gesundheitsministerium.gv.at/data/COVID19_vaccination_doses_timeline.csv,"Johnson&Johnson, Moderna, Oxford/AstraZeneca, Pfizer/BioNTech"
2021-11-11,6108077,5757158.0,12159728,634772.0,Austria,https://info.gesundheitsministerium.gv.at/data/COVID19_vaccination_doses_timeline.csv,"Johnson&Johnson, Moderna, Oxford/AstraZeneca, Pfizer/BioNTech"
2021-11-12,6135481,5772201.0,12264098,697320.0,Austria,https://info.gesundheitsministerium.gv.at/data/COVID19_vaccination_doses_timeline.csv,"Johnson&Johnson, Moderna, Oxford/AstraZeneca, Pfizer/BioNTech"
2021-11-13,6154559,5781829.0,12330192,735008.0,Austria,https://info.gesundheitsministerium.gv.at/data/COVID19_vaccination_doses_timeline.csv,"Johnson&Johnson, Moderna, Oxford/AstraZeneca, Pfizer/BioNTech"
2021-11-14,6166337,5786713.0,12371853,760198.0,Austria,https://info.gesundheitsministerium.gv.at/data/COVID19_vaccination_doses_timeline.csv,"Johnson&Johnson, Moderna, Oxford/AstraZeneca, Pfizer/BioNTech"
2021-11-15,6181990,5796292.0,12443248,806669.0,Austria,https://info.gesundheitsministerium.gv.at/data/COVID19_vaccination_doses_timeline.csv,"Johnson&Johnson, Moderna, Oxford/AstraZeneca, Pfizer/BioNTech"
2021-11-16,6200731,5807902.0,12536503,869911.0,Austria,https://info.gesundheitsministerium.gv.at/data/COVID19_vaccination_doses_timeline.csv,"Johnson&Johnson, Moderna, Oxford/AstraZeneca, Pfizer/BioNTech"
2021-11-17,6218871,5821218.0,12645850,948132.0,Austria,https://info.gesundheitsministerium.gv.at/data/COVID19_vaccination_doses_timeline.csv,"Johnson&Johnson, Moderna, Oxford/AstraZeneca, Pfizer/BioNTech"
2021-11-18,6236182,5836494.0,12767309,1037227.0,Austria,https://info.gesundheitsministerium.gv.at/data/COVID19_vaccination_doses_timeline.csv,"Johnson&Johnson, Moderna, Oxford/AstraZeneca, Pfizer/BioNTech"
2021-11-19,6257119,5856129.0,12910548,1140177.0,Austria,https://info.gesundheitsministerium.gv.at/data/COVID19_vaccination_doses_timeline.csv,"Johnson&Johnson, Moderna, Oxford/AstraZeneca, Pfizer/BioNTech"
2021-11-20,6271799,5868537.0,13000443,1203124.0,Austria,https://info.gesundheitsministerium.gv.at/data/COVID19_vaccination_doses_timeline.csv,"Johnson&Johnson, Moderna, Oxford/AstraZeneca, Pfizer/BioNTech"
2021-11-21,6279153,5874060.0,13057577,1247462.0,Austria,https://info.gesundheitsministerium.gv.at/data/COVID19_vaccination_doses_timeline.csv,"Johnson&Johnson, Moderna, Oxford/AstraZeneca, Pfizer/BioNTech"
2021-11-22,6289419,5883163.0,13146934,1317583.0,Austria,https://info.gesundheitsministerium.gv.at/data/COVID19_vaccination_doses_timeline.csv,"Johnson&Johnson, Moderna, Oxford/AstraZeneca, Pfizer/BioNTech"
2021-11-23,6301933,5896890.0,13261008,1405565.0,Austria,https://info.gesundheitsministerium.gv.at/data/COVID19_vaccination_doses_timeline.csv,"Johnson&Johnson, Moderna, Oxford/AstraZeneca, Pfizer/BioNTech"
2021-11-24,6315349,5911632.0,13393159,1509681.0,Austria,https://info.gesundheitsministerium.gv.at/data/COVID19_vaccination_doses_timeline.csv,"Johnson&Johnson, Moderna, Oxford/AstraZeneca, Pfizer/BioNTech"
2021-11-25,6328212,5927849.0,13526241,1613791.0,Austria,https://info.gesundheitsministerium.gv.at/data/COVID19_vaccination_doses_timeline.csv,"Johnson&Johnson, Moderna, Oxford/AstraZeneca, Pfizer/BioNTech"
2021-11-26,6346828,5949369.0,13686099,1733625.0,Austria,https://info.gesundheitsministerium.gv.at/data/COVID19_vaccination_doses_timeline.csv,"Johnson&Johnson, Moderna, Oxford/AstraZeneca, Pfizer/BioNTech"
2021-11-27,6359780,5962240.0,13788493,1810255.0,Austria,https://info.gesundheitsministerium.gv.at/data/COVID19_vaccination_doses_timeline.csv,"Johnson&Johnson, Moderna, Oxford/AstraZeneca, Pfizer/BioNTech"
2021-11-28,6366532,5968797.0,13842453,1850950.0,Austria,https://info.gesundheitsministerium.gv.at/data/COVID19_vaccination_doses_timeline.csv,"Johnson&Johnson, Moderna, Oxford/AstraZeneca, Pfizer/BioNTech"
2021-11-29,6375886,5980316.0,13932046,1919722.0,Austria,https://info.gesundheitsministerium.gv.at/data/COVID19_vaccination_doses_timeline.csv,"Johnson&Johnson, Moderna, Oxford/AstraZeneca, Pfizer/BioNTech"
2021-11-30,6387991,5997469.0,14042185,2000664.0,Austria,https://info.gesundheitsministerium.gv.at/data/COVID19_vaccination_doses_timeline.csv,"Johnson&Johnson, Moderna, Oxford/AstraZeneca, Pfizer/BioNTech"
2021-12-01,6400865,6015498.0,14171027,2098663.0,Austria,https://info.gesundheitsministerium.gv.at/data/COVID19_vaccination_doses_timeline.csv,"Johnson&Johnson, Moderna, Oxford/AstraZeneca, Pfizer/BioNTech"
2021-12-02,6412036,6035912.0,14303616,2199725.0,Austria,https://info.gesundheitsministerium.gv.at/data/COVID19_vaccination_doses_timeline.csv,"Johnson&Johnson, Moderna, Oxford/AstraZeneca, Pfizer/BioNTech"
2021-12-03,6426338,6062584.0,14460641,2315852.0,Austria,https://info.gesundheitsministerium.gv.at/data/COVID19_vaccination_doses_timeline.csv,"Johnson&Johnson, Moderna, Oxford/AstraZeneca, Pfizer/BioNTech"
2021-12-04,6437485,6080189.0,14556003,2382496.0,Austria,https://info.gesundheitsministerium.gv.at/data/COVID19_vaccination_doses_timeline.csv,"Johnson&Johnson, Moderna, Oxford/AstraZeneca, Pfizer/BioNTech"
2021-12-05,6442234,6088952.0,14599905,2412910.0,Austria,https://info.gesundheitsministerium.gv.at/data/COVID19_vaccination_doses_timeline.csv,"Johnson&Johnson, Moderna, Oxford/AstraZeneca, Pfizer/BioNTech"
2021-12-06,6449893,6105548.0,14689108,2477909.0,Austria,https://info.gesundheitsministerium.gv.at/data/COVID19_vaccination_doses_timeline.csv,"Johnson&Johnson, Moderna, Oxford/AstraZeneca, Pfizer/BioNTech"
2021-12-07,6460959,6127435.0,14811773,2567684.0,Austria,https://info.gesundheitsministerium.gv.at/data/COVID19_vaccination_doses_timeline.csv,"Johnson&Johnson, Moderna, Oxford/AstraZeneca, Pfizer/BioNTech"
2021-12-08,6466990,6137031.0,14868919,2609235.0,Austria,https://info.gesundheitsministerium.gv.at/data/COVID19_vaccination_doses_timeline.csv,"Johnson&Johnson, Moderna, Oxford/AstraZeneca, Pfizer/BioNTech"
2021-12-09,6476220,6158387.0,14988078,2697853.0,Austria,https://info.gesundheitsministerium.gv.at/data/COVID19_vaccination_doses_timeline.csv,"Johnson&Johnson, Moderna, Oxford/AstraZeneca, Pfizer/BioNTech"
2021-12-10,6490089,6188773.0,15141163,2806750.0,Austria,https://info.gesundheitsministerium.gv.at/data/COVID19_vaccination_doses_timeline.csv,"Johnson&Johnson, Moderna, Oxford/AstraZeneca, Pfizer/BioNTech"
2021-12-11,6501424,6206514.0,15227830,2864386.0,Austria,https://info.gesundheitsministerium.gv.at/data/COVID19_vaccination_doses_timeline.csv,"Johnson&Johnson, Moderna, Oxford/AstraZeneca, Pfizer/BioNTech"
2021-12-12,6505557,6215304.0,15266454,2890118.0,Austria,https://info.gesundheitsministerium.gv.at/data/COVID19_vaccination_doses_timeline.csv,"Johnson&Johnson, Moderna, Oxford/AstraZeneca, Pfizer/BioNTech"
2021-12-13,6513407,6231832.0,15347563,2946928.0,Austria,https://info.gesundheitsministerium.gv.at/data/COVID19_vaccination_doses_timeline.csv,"Johnson&Johnson, Moderna, Oxford/AstraZeneca, Pfizer/BioNTech"
2021-12-14,6523953,6251111.0,15449575,3019172.0,Austria,https://info.gesundheitsministerium.gv.at/data/COVID19_vaccination_doses_timeline.csv,"Johnson&Johnson, Moderna, Oxford/AstraZeneca, Pfizer/BioNTech"
2021-12-15,6535023,6272531.0,15567656,3104824.0,Austria,https://info.gesundheitsministerium.gv.at/data/COVID19_vaccination_doses_timeline.csv,"Johnson&Johnson, Moderna, Oxford/AstraZeneca, Pfizer/BioNTech"
2021-12-16,6546117,6293291.0,15687128,3192547.0,Austria,https://info.gesundheitsministerium.gv.at/data/COVID19_vaccination_doses_timeline.csv,"Johnson&Johnson, Moderna, Oxford/AstraZeneca, Pfizer/BioNTech"
2021-12-17,6558953,6320670.0,15817926,3283224.0,Austria,https://info.gesundheitsministerium.gv.at/data/COVID19_vaccination_doses_timeline.csv,"Johnson&Johnson, Moderna, Oxford/AstraZeneca, Pfizer/BioNTech"
2021-12-18,6568479,6338120.0,15895214,3333566.0,Austria,https://info.gesundheitsministerium.gv.at/data/COVID19_vaccination_doses_timeline.csv,"Johnson&Johnson, Moderna, Oxford/AstraZeneca, Pfizer/BioNTech"
2021-12-19,6573374,6348045.0,15938336,3361890.0,Austria,https://info.gesundheitsministerium.gv.at/data/COVID19_vaccination_doses_timeline.csv,"Johnson&Johnson, Moderna, Oxford/AstraZeneca, Pfizer/BioNTech"
2021-12-20,6581175,6365288.0,16019517,3418067.0,Austria,https://info.gesundheitsministerium.gv.at/data/COVID19_vaccination_doses_timeline.csv,"Johnson&Johnson, Moderna, Oxford/AstraZeneca, Pfizer/BioNTech"
2021-12-21,6590265,6385662.0,16104207,3473324.0,Austria,https://info.gesundheitsministerium.gv.at/data/COVID19_vaccination_doses_timeline.csv,"Johnson&Johnson, Moderna, Oxford/AstraZeneca, Pfizer/BioNTech"
2021-12-22,6597959,6404836.0,16182877,3525164.0,Austria,https://info.gesundheitsministerium.gv.at/data/COVID19_vaccination_doses_timeline.csv,"Johnson&Johnson, Moderna, Oxford/AstraZeneca, Pfizer/BioNTech"
2021-12-23,6602531,6417374.0,16228507,3553715.0,Austria,https://info.gesundheitsministerium.gv.at/data/COVID19_vaccination_doses_timeline.csv,"Johnson&Johnson, Moderna, Oxford/AstraZeneca, Pfizer/BioNTech"
2021-12-24,6603148,6419317.0,16234668,3557319.0,Austria,https://info.gesundheitsministerium.gv.at/data/COVID19_vaccination_doses_timeline.csv,"Johnson&Johnson, Moderna, Oxford/AstraZeneca, Pfizer/BioNTech"
2021-12-25,6603583,6420699.0,16238674,3559509.0,Austria,https://info.gesundheitsministerium.gv.at/data/COVID19_vaccination_doses_timeline.csv,"Johnson&Johnson, Moderna, Oxford/AstraZeneca, Pfizer/BioNTech"
2021-12-26,6605254,6425582.0,16254217,3568503.0,Austria,https://info.gesundheitsministerium.gv.at/data/COVID19_vaccination_doses_timeline.csv,"Johnson&Johnson, Moderna, Oxford/AstraZeneca, Pfizer/BioNTech"
2021-12-27,6610592,6441831.0,16309031,3601748.0,Austria,https://info.gesundheitsministerium.gv.at/data/COVID19_vaccination_doses_timeline.csv,"Johnson&Johnson, Moderna, Oxford/AstraZeneca, Pfizer/BioNTech"
2021-12-28,6616306,6458621.0,16363072,3633303.0,Austria,https://info.gesundheitsministerium.gv.at/data/COVID19_vaccination_doses_timeline.csv,"Johnson&Johnson, Moderna, Oxford/AstraZeneca, Pfizer/BioNTech"
2021-12-29,6621344,6473186.0,16414387,3665029.0,Austria,https://info.gesundheitsministerium.gv.at/data/COVID19_vaccination_doses_timeline.csv,"Johnson&Johnson, Moderna, Oxford/AstraZeneca, Pfizer/BioNTech"
2021-12-30,6625050,6484905.0,16451082,3686320.0,Austria,https://info.gesundheitsministerium.gv.at/data/COVID19_vaccination_doses_timeline.csv,"Johnson&Johnson, Moderna, Oxford/AstraZeneca, Pfizer/BioNTech"
2021-12-31,6625708,6487734.0,16459853,3691609.0,Austria,https://info.gesundheitsministerium.gv.at/data/COVID19_vaccination_doses_timeline.csv,"Johnson&Johnson, Moderna, Oxford/AstraZeneca, Pfizer/BioNTech"
2022-01-01,6625997,6489044.0,16463056,3693213.0,Austria,https://info.gesundheitsministerium.gv.at/data/COVID19_vaccination_doses_timeline.csv,"Johnson&Johnson, Moderna, Oxford/AstraZeneca, Pfizer/BioNTech"
2022-01-02,6627669,6496982.0,16481813,3702375.0,Austria,https://info.gesundheitsministerium.gv.at/data/COVID19_vaccination_doses_timeline.csv,"Johnson&Johnson, Moderna, Oxford/AstraZeneca, Pfizer/BioNTech"
2022-01-03,6631827,6513168.0,16524973,3725204.0,Austria,https://info.gesundheitsministerium.gv.at/data/COVID19_vaccination_doses_timeline.csv,"Johnson&Johnson, Moderna, Oxford/AstraZeneca, Pfizer/BioNTech"
2022-01-04,6637137,6528993.0,16573431,3752553.0,Austria,https://info.gesundheitsministerium.gv.at/data/COVID19_vaccination_doses_timeline.csv,"Johnson&Johnson, Moderna, Oxford/AstraZeneca, Pfizer/BioNTech"
2022-01-05,6642636,6544135.0,16627420,3785934.0,Austria,https://info.gesundheitsministerium.gv.at/data/COVID19_vaccination_doses_timeline.csv,"Johnson&Johnson, Moderna, Oxford/AstraZeneca, Pfizer/BioNTech"
2022-01-06,6644401,6548416.0,16646105,3798583.0,Austria,https://info.gesundheitsministerium.gv.at/data/COVID19_vaccination_doses_timeline.csv,"Johnson&Johnson, Moderna, Oxford/AstraZeneca, Pfizer/BioNTech"
2022-01-07,6650549,6564930.0,16711478,3841314.0,Austria,https://info.gesundheitsministerium.gv.at/data/COVID19_vaccination_doses_timeline.csv,"Johnson&Johnson, Moderna, Oxford/AstraZeneca, Pfizer/BioNTech"
2022-01-08,6654618,6575498.0,16753843,3869048.0,Austria,https://info.gesundheitsministerium.gv.at/data/COVID19_vaccination_doses_timeline.csv,"Johnson&Johnson, Moderna, Oxford/AstraZeneca, Pfizer/BioNTech"
2022-01-09,6656660,6580929.0,16772214,3879947.0,Austria,https://info.gesundheitsministerium.gv.at/data/COVID19_vaccination_doses_timeline.csv,"Johnson&Johnson, Moderna, Oxford/AstraZeneca, Pfizer/BioNTech"
2022-01-10,6660524,6591323.0,16814972,3908463.0,Austria,https://info.gesundheitsministerium.gv.at/data/COVID19_vaccination_doses_timeline.csv,"Johnson&Johnson, Moderna, Oxford/AstraZeneca, Pfizer/BioNTech"
2022-01-11,6665762,6604490.0,16868337,3943449.0,Austria,https://info.gesundheitsministerium.gv.at/data/COVID19_vaccination_doses_timeline.csv,"Johnson&Johnson, Moderna, Oxford/AstraZeneca, Pfizer/BioNTech"
2022-01-12,6670990,6616727.0,16924682,3982341.0,Austria,https://info.gesundheitsministerium.gv.at/data/COVID19_vaccination_doses_timeline.csv,"Johnson&Johnson, Moderna, Oxford/AstraZeneca, Pfizer/BioNTech"
2022-01-13,6677107,6628828.0,16981922,4021378.0,Austria,https://info.gesundheitsministerium.gv.at/data/COVID19_vaccination_doses_timeline.csv,"Johnson&Johnson, Moderna, Oxford/AstraZeneca, Pfizer/BioNTech"
2022-01-14,6683430,6641054.0,17044367,4065291.0,Austria,https://info.gesundheitsministerium.gv.at/data/COVID19_vaccination_doses_timeline.csv,"Johnson&Johnson, Moderna, Oxford/AstraZeneca, Pfizer/BioNTech"
