date,vaccine,people_vaccinated,people_fully_vaccinated,total_vaccinations,total_boosters,location,source_url
2020-12-27,Pfizer/BioNTech,1277,0,1277,0,Czechia,https://onemocneni-aktualne.mzcr.cz/covid-19
2020-12-28,Pfizer/BioNTech,3581,0,3581,0,Czechia,https://onemocneni-aktualne.mzcr.cz/covid-19
2020-12-29,Pfizer/BioNTech,7042,0,7042,0,Czechia,https://onemocneni-aktualne.mzcr.cz/covid-19
2020-12-30,Pfizer/BioNTech,10549,0,10549,0,Czechia,https://onemocneni-aktualne.mzcr.cz/covid-19
2020-12-31,Pfizer/BioNTech,11850,0,11850,0,Czechia,https://onemocneni-aktualne.mzcr.cz/covid-19
2021-01-01,"Moderna, Pfizer/BioNTech",12117,0,12117,0,Czechia,https://onemocneni-aktualne.mzcr.cz/covid-19
2021-01-02,Pfizer/BioNTech,13396,0,13396,0,Czechia,https://onemocneni-aktualne.mzcr.cz/covid-19
2021-01-03,Pfizer/BioNTech,14317,0,14317,0,Czechia,https://onemocneni-aktualne.mzcr.cz/covid-19
2021-01-04,"Moderna, Pfizer/BioNTech",17921,0,17921,0,Czechia,https://onemocneni-aktualne.mzcr.cz/covid-19
2021-01-05,"Moderna, Pfizer/BioNTech",22428,0,22428,0,Czechia,https://onemocneni-aktualne.mzcr.cz/covid-19
2021-01-06,Pfizer/BioNTech,28263,1,28264,0,Czechia,https://onemocneni-aktualne.mzcr.cz/covid-19
2021-01-07,"Moderna, Pfizer/BioNTech",36242,1,36243,0,Czechia,https://onemocneni-aktualne.mzcr.cz/covid-19
2021-01-08,Pfizer/BioNTech,46277,1,46278,0,Czechia,https://onemocneni-aktualne.mzcr.cz/covid-19
2021-01-09,"Moderna, Pfizer/BioNTech",48300,2,48302,0,Czechia,https://onemocneni-aktualne.mzcr.cz/covid-19
2021-01-10,Pfizer/BioNTech,50064,4,50068,0,Czechia,https://onemocneni-aktualne.mzcr.cz/covid-19
2021-01-11,Pfizer/BioNTech,59909,6,59915,0,Czechia,https://onemocneni-aktualne.mzcr.cz/covid-19
2021-01-12,"Moderna, Pfizer/BioNTech",73305,8,73313,0,Czechia,https://onemocneni-aktualne.mzcr.cz/covid-19
2021-01-13,Pfizer/BioNTech,86826,8,86834,0,Czechia,https://onemocneni-aktualne.mzcr.cz/covid-19
2021-01-14,"Moderna, Pfizer/BioNTech",102041,10,102051,0,Czechia,https://onemocneni-aktualne.mzcr.cz/covid-19
2021-01-15,"Moderna, Pfizer/BioNTech",116034,10,116044,0,Czechia,https://onemocneni-aktualne.mzcr.cz/covid-19
2021-01-16,"Moderna, Pfizer/BioNTech",119421,13,119434,0,Czechia,https://onemocneni-aktualne.mzcr.cz/covid-19
2021-01-17,"Moderna, Pfizer/BioNTech",122028,651,122679,0,Czechia,https://onemocneni-aktualne.mzcr.cz/covid-19
2021-01-18,"Moderna, Pfizer/BioNTech",134502,2473,136975,0,Czechia,https://onemocneni-aktualne.mzcr.cz/covid-19
2021-01-19,"Moderna, Pfizer/BioNTech",147077,5194,152271,0,Czechia,https://onemocneni-aktualne.mzcr.cz/covid-19
2021-01-20,"Moderna, Pfizer/BioNTech",160737,7843,168580,0,Czechia,https://onemocneni-aktualne.mzcr.cz/covid-19
2021-01-21,"Moderna, Pfizer/BioNTech",176368,9575,185943,0,Czechia,https://onemocneni-aktualne.mzcr.cz/covid-19
2021-01-22,"Moderna, Pfizer/BioNTech",191218,10619,201837,0,Czechia,https://onemocneni-aktualne.mzcr.cz/covid-19
2021-01-23,"Moderna, Pfizer/BioNTech",194531,11497,206028,0,Czechia,https://onemocneni-aktualne.mzcr.cz/covid-19
2021-01-24,"Moderna, Pfizer/BioNTech",196784,12367,209151,0,Czechia,https://onemocneni-aktualne.mzcr.cz/covid-19
2021-01-25,"Moderna, Pfizer/BioNTech",206418,15338,221756,0,Czechia,https://onemocneni-aktualne.mzcr.cz/covid-19
2021-01-26,"Moderna, Pfizer/BioNTech",216952,19317,236269,0,Czechia,https://onemocneni-aktualne.mzcr.cz/covid-19
2021-01-27,"Moderna, Pfizer/BioNTech",225976,23842,249818,0,Czechia,https://onemocneni-aktualne.mzcr.cz/covid-19
2021-01-28,"Moderna, Pfizer/BioNTech",233063,29964,263027,0,Czechia,https://onemocneni-aktualne.mzcr.cz/covid-19
2021-01-29,"Moderna, Pfizer/BioNTech",239260,37860,277120,0,Czechia,https://onemocneni-aktualne.mzcr.cz/covid-19
2021-01-30,"Moderna, Pfizer/BioNTech",239990,38948,278938,0,Czechia,https://onemocneni-aktualne.mzcr.cz/covid-19
2021-01-31,"Moderna, Pfizer/BioNTech",240701,40129,280830,0,Czechia,https://onemocneni-aktualne.mzcr.cz/covid-19
2021-02-01,"Moderna, Pfizer/BioNTech",244671,48074,292745,0,Czechia,https://onemocneni-aktualne.mzcr.cz/covid-19
2021-02-02,"Moderna, Pfizer/BioNTech",248798,58300,307098,0,Czechia,https://onemocneni-aktualne.mzcr.cz/covid-19
2021-02-03,"Moderna, Pfizer/BioNTech",253209,69295,322504,0,Czechia,https://onemocneni-aktualne.mzcr.cz/covid-19
2021-02-04,"Moderna, Pfizer/BioNTech",258103,82258,340361,0,Czechia,https://onemocneni-aktualne.mzcr.cz/covid-19
2021-02-05,"Moderna, Pfizer/BioNTech",263556,92918,356474,0,Czechia,https://onemocneni-aktualne.mzcr.cz/covid-19
2021-02-06,"Moderna, Oxford/AstraZeneca, Pfizer/BioNTech",264400,95270,359670,0,Czechia,https://onemocneni-aktualne.mzcr.cz/covid-19
2021-02-07,"Moderna, Pfizer/BioNTech",265247,97761,363008,0,Czechia,https://onemocneni-aktualne.mzcr.cz/covid-19
2021-02-08,"Moderna, Oxford/AstraZeneca, Pfizer/BioNTech",269313,109148,378461,0,Czechia,https://onemocneni-aktualne.mzcr.cz/covid-19
2021-02-09,"Moderna, Oxford/AstraZeneca, Pfizer/BioNTech",274398,121073,395471,0,Czechia,https://onemocneni-aktualne.mzcr.cz/covid-19
2021-02-10,"Moderna, Pfizer/BioNTech",279894,134298,414192,0,Czechia,https://onemocneni-aktualne.mzcr.cz/covid-19
2021-02-11,"Moderna, Oxford/AstraZeneca, Pfizer/BioNTech",286207,150497,436704,0,Czechia,https://onemocneni-aktualne.mzcr.cz/covid-19
2021-02-12,"Moderna, Oxford/AstraZeneca, Pfizer/BioNTech",292957,165197,458154,0,Czechia,https://onemocneni-aktualne.mzcr.cz/covid-19
2021-02-13,"Moderna, Oxford/AstraZeneca, Pfizer/BioNTech",294559,168178,462737,0,Czechia,https://onemocneni-aktualne.mzcr.cz/covid-19
2021-02-14,"Moderna, Oxford/AstraZeneca, Pfizer/BioNTech",295558,169557,465115,0,Czechia,https://onemocneni-aktualne.mzcr.cz/covid-19
2021-02-15,"Moderna, Oxford/AstraZeneca, Pfizer/BioNTech",301949,178897,480846,0,Czechia,https://onemocneni-aktualne.mzcr.cz/covid-19
2021-02-16,"Moderna, Oxford/AstraZeneca, Pfizer/BioNTech",310660,187956,498616,0,Czechia,https://onemocneni-aktualne.mzcr.cz/covid-19
2021-02-17,"Moderna, Oxford/AstraZeneca, Pfizer/BioNTech",320352,196250,516602,0,Czechia,https://onemocneni-aktualne.mzcr.cz/covid-19
2021-02-18,"Moderna, Oxford/AstraZeneca, Pfizer/BioNTech",332662,204307,536969,0,Czechia,https://onemocneni-aktualne.mzcr.cz/covid-19
2021-02-19,"Moderna, Oxford/AstraZeneca, Pfizer/BioNTech",344507,211637,556144,0,Czechia,https://onemocneni-aktualne.mzcr.cz/covid-19
2021-02-20,"Moderna, Oxford/AstraZeneca, Pfizer/BioNTech",346493,212814,559307,0,Czechia,https://onemocneni-aktualne.mzcr.cz/covid-19
2021-02-21,"Moderna, Oxford/AstraZeneca, Pfizer/BioNTech",347611,213832,561443,0,Czechia,https://onemocneni-aktualne.mzcr.cz/covid-19
2021-02-22,"Moderna, Oxford/AstraZeneca, Pfizer/BioNTech",357728,219849,577577,0,Czechia,https://onemocneni-aktualne.mzcr.cz/covid-19
2021-02-23,"Moderna, Oxford/AstraZeneca, Pfizer/BioNTech",370660,226812,597472,0,Czechia,https://onemocneni-aktualne.mzcr.cz/covid-19
2021-02-24,"Moderna, Oxford/AstraZeneca, Pfizer/BioNTech",384525,232838,617363,0,Czechia,https://onemocneni-aktualne.mzcr.cz/covid-19
2021-02-25,"Moderna, Oxford/AstraZeneca, Pfizer/BioNTech",402479,238375,640854,0,Czechia,https://onemocneni-aktualne.mzcr.cz/covid-19
2021-02-26,"Moderna, Oxford/AstraZeneca, Pfizer/BioNTech",418630,243707,662337,0,Czechia,https://onemocneni-aktualne.mzcr.cz/covid-19
2021-02-27,"Moderna, Oxford/AstraZeneca, Pfizer/BioNTech",421633,244257,665890,0,Czechia,https://onemocneni-aktualne.mzcr.cz/covid-19
2021-02-28,"Moderna, Oxford/AstraZeneca, Pfizer/BioNTech",423973,244801,668774,0,Czechia,https://onemocneni-aktualne.mzcr.cz/covid-19
2021-03-01,"Moderna, Oxford/AstraZeneca, Pfizer/BioNTech",443527,248231,691758,0,Czechia,https://onemocneni-aktualne.mzcr.cz/covid-19
2021-03-02,"Moderna, Oxford/AstraZeneca, Pfizer/BioNTech",470733,251767,722500,0,Czechia,https://onemocneni-aktualne.mzcr.cz/covid-19
2021-03-03,"Moderna, Oxford/AstraZeneca, Pfizer/BioNTech",501576,256257,757833,0,Czechia,https://onemocneni-aktualne.mzcr.cz/covid-19
2021-03-04,"Moderna, Oxford/AstraZeneca, Pfizer/BioNTech",534801,260929,795730,0,Czechia,https://onemocneni-aktualne.mzcr.cz/covid-19
2021-03-05,"Johnson&Johnson, Moderna, Oxford/AstraZeneca, Pfizer/BioNTech",563603,266327,829929,0,Czechia,https://onemocneni-aktualne.mzcr.cz/covid-19
2021-03-06,"Johnson&Johnson, Moderna, Oxford/AstraZeneca, Pfizer/BioNTech",575733,267179,842906,0,Czechia,https://onemocneni-aktualne.mzcr.cz/covid-19
2021-03-07,"Johnson&Johnson, Moderna, Oxford/AstraZeneca, Pfizer/BioNTech",587255,268015,855262,0,Czechia,https://onemocneni-aktualne.mzcr.cz/covid-19
2021-03-08,"Johnson&Johnson, Moderna, Oxford/AstraZeneca, Pfizer/BioNTech",616950,272851,889792,0,Czechia,https://onemocneni-aktualne.mzcr.cz/covid-19
2021-03-09,"Johnson&Johnson, Moderna, Oxford/AstraZeneca, Pfizer/BioNTech",653278,279216,932484,0,Czechia,https://onemocneni-aktualne.mzcr.cz/covid-19
2021-03-10,"Moderna, Oxford/AstraZeneca, Pfizer/BioNTech",694546,286157,980693,0,Czechia,https://onemocneni-aktualne.mzcr.cz/covid-19
2021-03-11,"Johnson&Johnson, Moderna, Oxford/AstraZeneca, Pfizer/BioNTech",739334,294517,1033840,0,Czechia,https://onemocneni-aktualne.mzcr.cz/covid-19
2021-03-12,"Johnson&Johnson, Moderna, Oxford/AstraZeneca, Pfizer/BioNTech",778110,302967,1081065,0,Czechia,https://onemocneni-aktualne.mzcr.cz/covid-19
2021-03-13,"Moderna, Oxford/AstraZeneca, Pfizer/BioNTech",795164,304265,1099417,0,Czechia,https://onemocneni-aktualne.mzcr.cz/covid-19
2021-03-14,"Moderna, Oxford/AstraZeneca, Pfizer/BioNTech",807260,305405,1112653,0,Czechia,https://onemocneni-aktualne.mzcr.cz/covid-19
2021-03-15,"Moderna, Oxford/AstraZeneca, Pfizer/BioNTech",835619,314172,1149779,0,Czechia,https://onemocneni-aktualne.mzcr.cz/covid-19
2021-03-16,"Johnson&Johnson, Moderna, Oxford/AstraZeneca, Pfizer/BioNTech",874487,324693,1199164,0,Czechia,https://onemocneni-aktualne.mzcr.cz/covid-19
2021-03-17,"Moderna, Oxford/AstraZeneca, Pfizer/BioNTech",911937,335184,1247105,0,Czechia,https://onemocneni-aktualne.mzcr.cz/covid-19
2021-03-18,"Johnson&Johnson, Moderna, Oxford/AstraZeneca, Pfizer/BioNTech",949872,347581,1297434,0,Czechia,https://onemocneni-aktualne.mzcr.cz/covid-19
2021-03-19,"Moderna, Oxford/AstraZeneca, Pfizer/BioNTech",984315,361172,1345468,0,Czechia,https://onemocneni-aktualne.mzcr.cz/covid-19
2021-03-20,"Johnson&Johnson, Moderna, Oxford/AstraZeneca, Pfizer/BioNTech",999433,363184,1362596,0,Czechia,https://onemocneni-aktualne.mzcr.cz/covid-19
2021-03-21,"Johnson&Johnson, Moderna, Oxford/AstraZeneca, Pfizer/BioNTech",1006827,364729,1371533,0,Czechia,https://onemocneni-aktualne.mzcr.cz/covid-19
2021-03-22,"Johnson&Johnson, Moderna, Oxford/AstraZeneca, Pfizer/BioNTech",1031345,377219,1408540,0,Czechia,https://onemocneni-aktualne.mzcr.cz/covid-19
2021-03-23,"Johnson&Johnson, Moderna, Oxford/AstraZeneca, Pfizer/BioNTech",1057946,390553,1448473,0,Czechia,https://onemocneni-aktualne.mzcr.cz/covid-19
2021-03-24,"Johnson&Johnson, Moderna, Oxford/AstraZeneca, Pfizer/BioNTech",1084772,406267,1491012,0,Czechia,https://onemocneni-aktualne.mzcr.cz/covid-19
2021-03-25,"Moderna, Oxford/AstraZeneca, Pfizer/BioNTech",1111068,424095,1535136,0,Czechia,https://onemocneni-aktualne.mzcr.cz/covid-19
2021-03-26,"Moderna, Oxford/AstraZeneca, Pfizer/BioNTech",1135848,441578,1577399,0,Czechia,https://onemocneni-aktualne.mzcr.cz/covid-19
2021-03-27,"Johnson&Johnson, Moderna, Oxford/AstraZeneca, Pfizer/BioNTech",1144264,446416,1590651,0,Czechia,https://onemocneni-aktualne.mzcr.cz/covid-19
2021-03-28,"Moderna, Oxford/AstraZeneca, Pfizer/BioNTech",1149791,450551,1600313,0,Czechia,https://onemocneni-aktualne.mzcr.cz/covid-19
2021-03-29,"Johnson&Johnson, Moderna, Oxford/AstraZeneca, Pfizer/BioNTech",1168890,471249,1640107,0,Czechia,https://onemocneni-aktualne.mzcr.cz/covid-19
2021-03-30,"Johnson&Johnson, Moderna, Oxford/AstraZeneca, Pfizer/BioNTech",1193566,493409,1686940,0,Czechia,https://onemocneni-aktualne.mzcr.cz/covid-19
2021-03-31,"Johnson&Johnson, Moderna, Oxford/AstraZeneca, Pfizer/BioNTech",1216636,520446,1737042,0,Czechia,https://onemocneni-aktualne.mzcr.cz/covid-19
2021-04-01,"Johnson&Johnson, Moderna, Oxford/AstraZeneca, Pfizer/BioNTech",1242212,552475,1794640,0,Czechia,https://onemocneni-aktualne.mzcr.cz/covid-19
2021-04-02,"Johnson&Johnson, Moderna, Oxford/AstraZeneca, Pfizer/BioNTech",1249107,565258,1814307,0,Czechia,https://onemocneni-aktualne.mzcr.cz/covid-19
2021-04-03,"Johnson&Johnson, Moderna, Oxford/AstraZeneca, Pfizer/BioNTech",1252706,576163,1828810,0,Czechia,https://onemocneni-aktualne.mzcr.cz/covid-19
2021-04-04,"Johnson&Johnson, Moderna, Oxford/AstraZeneca, Pfizer/BioNTech",1255196,585064,1840199,0,Czechia,https://onemocneni-aktualne.mzcr.cz/covid-19
2021-04-05,"Johnson&Johnson, Moderna, Oxford/AstraZeneca, Pfizer/BioNTech",1257570,592236,1849741,0,Czechia,https://onemocneni-aktualne.mzcr.cz/covid-19
2021-04-06,"Johnson&Johnson, Moderna, Oxford/AstraZeneca, Pfizer/BioNTech",1273664,621458,1895049,0,Czechia,https://onemocneni-aktualne.mzcr.cz/covid-19
2021-04-07,"Johnson&Johnson, Moderna, Oxford/AstraZeneca, Pfizer/BioNTech",1297039,643666,1940627,0,Czechia,https://onemocneni-aktualne.mzcr.cz/covid-19
2021-04-08,"Johnson&Johnson, Moderna, Oxford/AstraZeneca, Pfizer/BioNTech",1335681,674658,2010252,0,Czechia,https://onemocneni-aktualne.mzcr.cz/covid-19
2021-04-09,"Johnson&Johnson, Moderna, Oxford/AstraZeneca, Pfizer/BioNTech",1375164,704824,2079894,0,Czechia,https://onemocneni-aktualne.mzcr.cz/covid-19
2021-04-10,"Johnson&Johnson, Moderna, Oxford/AstraZeneca, Pfizer/BioNTech",1390614,720100,2110608,0,Czechia,https://onemocneni-aktualne.mzcr.cz/covid-19
2021-04-11,"Johnson&Johnson, Moderna, Oxford/AstraZeneca, Pfizer/BioNTech",1400366,730119,2130373,0,Czechia,https://onemocneni-aktualne.mzcr.cz/covid-19
2021-04-12,"Johnson&Johnson, Moderna, Oxford/AstraZeneca, Pfizer/BioNTech",1438585,755220,2193688,0,Czechia,https://onemocneni-aktualne.mzcr.cz/covid-19
2021-04-13,"Moderna, Oxford/AstraZeneca, Pfizer/BioNTech",1474793,781241,2255917,0,Czechia,https://onemocneni-aktualne.mzcr.cz/covid-19
2021-04-14,"Moderna, Oxford/AstraZeneca, Pfizer/BioNTech",1513561,808569,2322013,0,Czechia,https://onemocneni-aktualne.mzcr.cz/covid-19
2021-04-15,"Moderna, Oxford/AstraZeneca, Pfizer/BioNTech",1561312,834258,2395453,0,Czechia,https://onemocneni-aktualne.mzcr.cz/covid-19
2021-04-16,"Moderna, Oxford/AstraZeneca, Pfizer/BioNTech",1605931,859872,2465686,0,Czechia,https://onemocneni-aktualne.mzcr.cz/covid-19
2021-04-17,"Moderna, Oxford/AstraZeneca, Pfizer/BioNTech",1622593,868886,2491362,0,Czechia,https://onemocneni-aktualne.mzcr.cz/covid-19
2021-04-18,"Moderna, Oxford/AstraZeneca, Pfizer/BioNTech",1635556,873864,2509303,0,Czechia,https://onemocneni-aktualne.mzcr.cz/covid-19
2021-04-19,"Moderna, Oxford/AstraZeneca, Pfizer/BioNTech",1679528,889307,2568718,0,Czechia,https://onemocneni-aktualne.mzcr.cz/covid-19
2021-04-20,"Johnson&Johnson, Moderna, Oxford/AstraZeneca, Pfizer/BioNTech",1722046,905151,2627079,0,Czechia,https://onemocneni-aktualne.mzcr.cz/covid-19
2021-04-21,"Moderna, Oxford/AstraZeneca, Pfizer/BioNTech",1769741,919475,2689098,0,Czechia,https://onemocneni-aktualne.mzcr.cz/covid-19
2021-04-22,"Johnson&Johnson, Moderna, Oxford/AstraZeneca, Pfizer/BioNTech",1824202,936835,2760890,0,Czechia,https://onemocneni-aktualne.mzcr.cz/covid-19
2021-04-23,"Johnson&Johnson, Moderna, Oxford/AstraZeneca, Pfizer/BioNTech",1874121,948864,2822618,0,Czechia,https://onemocneni-aktualne.mzcr.cz/covid-19
2021-04-24,"Johnson&Johnson, Moderna, Oxford/AstraZeneca, Pfizer/BioNTech",1891932,954094,2845647,0,Czechia,https://onemocneni-aktualne.mzcr.cz/covid-19
2021-04-25,"Johnson&Johnson, Moderna, Oxford/AstraZeneca, Pfizer/BioNTech",1906602,958076,2864283,0,Czechia,https://onemocneni-aktualne.mzcr.cz/covid-19
2021-04-26,"Johnson&Johnson, Moderna, Oxford/AstraZeneca, Pfizer/BioNTech",1956164,965616,2920843,0,Czechia,https://onemocneni-aktualne.mzcr.cz/covid-19
2021-04-27,"Johnson&Johnson, Moderna, Oxford/AstraZeneca, Pfizer/BioNTech",2005125,977820,2981070,0,Czechia,https://onemocneni-aktualne.mzcr.cz/covid-19
2021-04-28,"Johnson&Johnson, Moderna, Oxford/AstraZeneca, Pfizer/BioNTech",2063849,991787,3052309,0,Czechia,https://onemocneni-aktualne.mzcr.cz/covid-19
2021-04-29,"Johnson&Johnson, Moderna, Oxford/AstraZeneca, Pfizer/BioNTech",2129380,1007633,3132077,0,Czechia,https://onemocneni-aktualne.mzcr.cz/covid-19
2021-04-30,"Johnson&Johnson, Moderna, Oxford/AstraZeneca, Pfizer/BioNTech",2191571,1017563,3202734,0,Czechia,https://onemocneni-aktualne.mzcr.cz/covid-19
2021-05-01,"Johnson&Johnson, Moderna, Oxford/AstraZeneca, Pfizer/BioNTech",2210863,1020981,3225340,0,Czechia,https://onemocneni-aktualne.mzcr.cz/covid-19
2021-05-02,"Johnson&Johnson, Moderna, Oxford/AstraZeneca, Pfizer/BioNTech",2229758,1023232,3246457,0,Czechia,https://onemocneni-aktualne.mzcr.cz/covid-19
2021-05-03,"Johnson&Johnson, Moderna, Oxford/AstraZeneca, Pfizer/BioNTech",2296978,1028277,3317594,0,Czechia,https://onemocneni-aktualne.mzcr.cz/covid-19
2021-05-04,"Johnson&Johnson, Moderna, Oxford/AstraZeneca, Pfizer/BioNTech",2363454,1036579,3390799,0,Czechia,https://onemocneni-aktualne.mzcr.cz/covid-19
2021-05-05,"Johnson&Johnson, Moderna, Oxford/AstraZeneca, Pfizer/BioNTech",2436579,1045945,3471318,0,Czechia,https://onemocneni-aktualne.mzcr.cz/covid-19
2021-05-06,"Johnson&Johnson, Moderna, Oxford/AstraZeneca, Pfizer/BioNTech",2516941,1056621,3560385,0,Czechia,https://onemocneni-aktualne.mzcr.cz/covid-19
2021-05-07,"Johnson&Johnson, Moderna, Oxford/AstraZeneca, Pfizer/BioNTech",2594207,1066679,3645775,0,Czechia,https://onemocneni-aktualne.mzcr.cz/covid-19
2021-05-08,"Johnson&Johnson, Moderna, Oxford/AstraZeneca, Pfizer/BioNTech",2623606,1068419,3676765,0,Czechia,https://onemocneni-aktualne.mzcr.cz/covid-19
2021-05-09,"Johnson&Johnson, Moderna, Oxford/AstraZeneca, Pfizer/BioNTech",2647776,1069606,3702113,0,Czechia,https://onemocneni-aktualne.mzcr.cz/covid-19
2021-05-10,"Johnson&Johnson, Moderna, Oxford/AstraZeneca, Pfizer/BioNTech",2720507,1076797,3780348,0,Czechia,https://onemocneni-aktualne.mzcr.cz/covid-19
2021-05-11,"Johnson&Johnson, Moderna, Oxford/AstraZeneca, Pfizer/BioNTech",2796574,1085568,3863366,0,Czechia,https://onemocneni-aktualne.mzcr.cz/covid-19
2021-05-12,"Johnson&Johnson, Moderna, Oxford/AstraZeneca, Pfizer/BioNTech",2876395,1094615,3950647,0,Czechia,https://onemocneni-aktualne.mzcr.cz/covid-19
2021-05-13,"Johnson&Johnson, Moderna, Oxford/AstraZeneca, Pfizer/BioNTech",2960383,1103744,4042255,0,Czechia,https://onemocneni-aktualne.mzcr.cz/covid-19
2021-05-14,"Johnson&Johnson, Moderna, Oxford/AstraZeneca, Pfizer/BioNTech",3039782,1111472,4128286,0,Czechia,https://onemocneni-aktualne.mzcr.cz/covid-19
2021-05-15,"Johnson&Johnson, Moderna, Oxford/AstraZeneca, Pfizer/BioNTech",3071622,1113663,4162253,0,Czechia,https://onemocneni-aktualne.mzcr.cz/covid-19
2021-05-16,"Johnson&Johnson, Moderna, Oxford/AstraZeneca, Pfizer/BioNTech",3097366,1114903,4189227,0,Czechia,https://onemocneni-aktualne.mzcr.cz/covid-19
2021-05-17,"Johnson&Johnson, Moderna, Oxford/AstraZeneca, Pfizer/BioNTech",3169842,1121584,4267504,0,Czechia,https://onemocneni-aktualne.mzcr.cz/covid-19
2021-05-18,"Johnson&Johnson, Moderna, Oxford/AstraZeneca, Pfizer/BioNTech",3241745,1134573,4351398,0,Czechia,https://onemocneni-aktualne.mzcr.cz/covid-19
2021-05-19,"Johnson&Johnson, Moderna, Oxford/AstraZeneca, Pfizer/BioNTech",3319177,1149667,4442696,0,Czechia,https://onemocneni-aktualne.mzcr.cz/covid-19
2021-05-20,"Johnson&Johnson, Moderna, Oxford/AstraZeneca, Pfizer/BioNTech",3394575,1176631,4543432,0,Czechia,https://onemocneni-aktualne.mzcr.cz/covid-19
2021-05-21,"Johnson&Johnson, Moderna, Oxford/AstraZeneca, Pfizer/BioNTech",3463312,1204312,4638424,0,Czechia,https://onemocneni-aktualne.mzcr.cz/covid-19
2021-05-22,"Johnson&Johnson, Moderna, Oxford/AstraZeneca, Pfizer/BioNTech",3495646,1215448,4681721,0,Czechia,https://onemocneni-aktualne.mzcr.cz/covid-19
2021-05-23,"Johnson&Johnson, Moderna, Oxford/AstraZeneca, Pfizer/BioNTech",3517961,1224455,4713034,0,Czechia,https://onemocneni-aktualne.mzcr.cz/covid-19
2021-05-24,"Johnson&Johnson, Moderna, Oxford/AstraZeneca, Pfizer/BioNTech",3565072,1258057,4792470,0,Czechia,https://onemocneni-aktualne.mzcr.cz/covid-19
2021-05-25,"Johnson&Johnson, Moderna, Oxford/AstraZeneca, Pfizer/BioNTech",3616905,1293804,4878264,0,Czechia,https://onemocneni-aktualne.mzcr.cz/covid-19
2021-05-26,"Johnson&Johnson, Moderna, Oxford/AstraZeneca, Pfizer/BioNTech",3684630,1331279,4981556,0,Czechia,https://onemocneni-aktualne.mzcr.cz/covid-19
2021-05-27,"Johnson&Johnson, Moderna, Oxford/AstraZeneca, Pfizer/BioNTech",3745990,1378541,5088068,0,Czechia,https://onemocneni-aktualne.mzcr.cz/covid-19
2021-05-28,"Johnson&Johnson, Moderna, Oxford/AstraZeneca, Pfizer/BioNTech",3807654,1425036,5194128,0,Czechia,https://onemocneni-aktualne.mzcr.cz/covid-19
2021-05-29,"Johnson&Johnson, Moderna, Oxford/AstraZeneca, Pfizer/BioNTech",3836804,1442106,5240209,0,Czechia,https://onemocneni-aktualne.mzcr.cz/covid-19
2021-05-30,"Johnson&Johnson, Moderna, Oxford/AstraZeneca, Pfizer/BioNTech",3859144,1456513,5276949,0,Czechia,https://onemocneni-aktualne.mzcr.cz/covid-19
2021-05-31,"Johnson&Johnson, Moderna, Oxford/AstraZeneca, Pfizer/BioNTech",3914861,1504017,5378321,0,Czechia,https://onemocneni-aktualne.mzcr.cz/covid-19
2021-06-01,"Johnson&Johnson, Moderna, Oxford/AstraZeneca, Pfizer/BioNTech",3973877,1552788,5483826,0,Czechia,https://onemocneni-aktualne.mzcr.cz/covid-19
2021-06-02,"Johnson&Johnson, Moderna, Oxford/AstraZeneca, Pfizer/BioNTech",4036743,1606685,5598127,0,Czechia,https://onemocneni-aktualne.mzcr.cz/covid-19
2021-06-03,"Johnson&Johnson, Moderna, Oxford/AstraZeneca, Pfizer/BioNTech",4094954,1666834,5713677,0,Czechia,https://onemocneni-aktualne.mzcr.cz/covid-19
2021-06-04,"Johnson&Johnson, Moderna, Oxford/AstraZeneca, Pfizer/BioNTech",4158025,1724144,5830806,0,Czechia,https://onemocneni-aktualne.mzcr.cz/covid-19
2021-06-05,"Johnson&Johnson, Moderna, Oxford/AstraZeneca, Pfizer/BioNTech",4192151,1742919,5883583,0,Czechia,https://onemocneni-aktualne.mzcr.cz/covid-19
2021-06-06,"Johnson&Johnson, Moderna, Oxford/AstraZeneca, Pfizer/BioNTech",4219052,1758011,5925504,0,Czechia,https://onemocneni-aktualne.mzcr.cz/covid-19
2021-06-07,"Johnson&Johnson, Moderna, Oxford/AstraZeneca, Pfizer/BioNTech",4282714,1813576,6041602,0,Czechia,https://onemocneni-aktualne.mzcr.cz/covid-19
2021-06-08,"Johnson&Johnson, Moderna, Oxford/AstraZeneca, Pfizer/BioNTech",4346673,1868480,6157408,0,Czechia,https://onemocneni-aktualne.mzcr.cz/covid-19
2021-06-09,"Johnson&Johnson, Moderna, Oxford/AstraZeneca, Pfizer/BioNTech",4405852,1932828,6277302,0,Czechia,https://onemocneni-aktualne.mzcr.cz/covid-19
2021-06-10,"Johnson&Johnson, Moderna, Oxford/AstraZeneca, Pfizer/BioNTech",4459726,2003840,6399063,0,Czechia,https://onemocneni-aktualne.mzcr.cz/covid-19
2021-06-11,"Johnson&Johnson, Moderna, Oxford/AstraZeneca, Pfizer/BioNTech",4511808,2073475,6517642,0,Czechia,https://onemocneni-aktualne.mzcr.cz/covid-19
2021-06-12,"Johnson&Johnson, Moderna, Oxford/AstraZeneca, Pfizer/BioNTech",4543786,2094201,6570249,0,Czechia,https://onemocneni-aktualne.mzcr.cz/covid-19
2021-06-13,"Johnson&Johnson, Moderna, Oxford/AstraZeneca, Pfizer/BioNTech",4567786,2112556,6612551,0,Czechia,https://onemocneni-aktualne.mzcr.cz/covid-19
2021-06-14,"Johnson&Johnson, Moderna, Oxford/AstraZeneca, Pfizer/BioNTech",4610847,2186847,6727515,0,Czechia,https://onemocneni-aktualne.mzcr.cz/covid-19
2021-06-15,"Johnson&Johnson, Moderna, Oxford/AstraZeneca, Pfizer/BioNTech",4655474,2259091,6842213,0,Czechia,https://onemocneni-aktualne.mzcr.cz/covid-19
2021-06-16,"Johnson&Johnson, Moderna, Oxford/AstraZeneca, Pfizer/BioNTech",4698194,2337212,6960519,0,Czechia,https://onemocneni-aktualne.mzcr.cz/covid-19
2021-06-17,"Johnson&Johnson, Moderna, Oxford/AstraZeneca, Pfizer/BioNTech",4737559,2420176,7080664,0,Czechia,https://onemocneni-aktualne.mzcr.cz/covid-19
2021-06-18,"Johnson&Johnson, Moderna, Oxford/AstraZeneca, Pfizer/BioNTech",4779937,2500579,7201401,0,Czechia,https://onemocneni-aktualne.mzcr.cz/covid-19
2021-06-19,"Johnson&Johnson, Moderna, Oxford/AstraZeneca, Pfizer/BioNTech",4801670,2529793,7252326,0,Czechia,https://onemocneni-aktualne.mzcr.cz/covid-19
2021-06-20,"Johnson&Johnson, Moderna, Oxford/AstraZeneca, Pfizer/BioNTech",4819023,2553553,7293401,0,Czechia,https://onemocneni-aktualne.mzcr.cz/covid-19
2021-06-21,"Johnson&Johnson, Moderna, Oxford/AstraZeneca, Pfizer/BioNTech",4851521,2632021,7402928,0,Czechia,https://onemocneni-aktualne.mzcr.cz/covid-19
2021-06-22,"Johnson&Johnson, Moderna, Oxford/AstraZeneca, Pfizer/BioNTech",4884475,2714177,7516424,0,Czechia,https://onemocneni-aktualne.mzcr.cz/covid-19
2021-06-23,"Johnson&Johnson, Moderna, Oxford/AstraZeneca, Pfizer/BioNTech",4916115,2799294,7631378,0,Czechia,https://onemocneni-aktualne.mzcr.cz/covid-19
2021-06-24,"Johnson&Johnson, Moderna, Oxford/AstraZeneca, Pfizer/BioNTech",4945940,2889222,7749306,0,Czechia,https://onemocneni-aktualne.mzcr.cz/covid-19
2021-06-25,"Johnson&Johnson, Moderna, Oxford/AstraZeneca, Pfizer/BioNTech",4976976,2975248,7864653,0,Czechia,https://onemocneni-aktualne.mzcr.cz/covid-19
2021-06-26,"Johnson&Johnson, Moderna, Oxford/AstraZeneca, Pfizer/BioNTech",4992824,3009982,7915206,0,Czechia,https://onemocneni-aktualne.mzcr.cz/covid-19
2021-06-27,"Johnson&Johnson, Moderna, Oxford/AstraZeneca, Pfizer/BioNTech",5006759,3036572,7955724,0,Czechia,https://onemocneni-aktualne.mzcr.cz/covid-19
2021-06-28,"Johnson&Johnson, Moderna, Oxford/AstraZeneca, Pfizer/BioNTech",5035167,3121654,8067958,0,Czechia,https://onemocneni-aktualne.mzcr.cz/covid-19
2021-06-29,"Johnson&Johnson, Moderna, Oxford/AstraZeneca, Pfizer/BioNTech",5064423,3208025,8182133,0,Czechia,https://onemocneni-aktualne.mzcr.cz/covid-19
2021-06-30,"Johnson&Johnson, Moderna, Oxford/AstraZeneca, Pfizer/BioNTech",5091909,3298872,8299109,0,Czechia,https://onemocneni-aktualne.mzcr.cz/covid-19
2021-07-01,"Johnson&Johnson, Moderna, Oxford/AstraZeneca, Pfizer/BioNTech",5115879,3388796,8411229,0,Czechia,https://onemocneni-aktualne.mzcr.cz/covid-19
2021-07-02,"Johnson&Johnson, Moderna, Oxford/AstraZeneca, Pfizer/BioNTech",5142581,3474513,8521935,0,Czechia,https://onemocneni-aktualne.mzcr.cz/covid-19
2021-07-03,"Johnson&Johnson, Moderna, Oxford/AstraZeneca, Pfizer/BioNTech",5149645,3505965,8560436,0,Czechia,https://onemocneni-aktualne.mzcr.cz/covid-19
2021-07-04,"Johnson&Johnson, Moderna, Oxford/AstraZeneca, Pfizer/BioNTech",5157187,3527725,8589729,0,Czechia,https://onemocneni-aktualne.mzcr.cz/covid-19
2021-07-05,"Johnson&Johnson, Moderna, Oxford/AstraZeneca, Pfizer/BioNTech",5164531,3553039,8622373,0,Czechia,https://onemocneni-aktualne.mzcr.cz/covid-19
2021-07-06,"Johnson&Johnson, Moderna, Oxford/AstraZeneca, Pfizer/BioNTech",5169924,3580606,8655313,0,Czechia,https://onemocneni-aktualne.mzcr.cz/covid-19
2021-07-07,"Johnson&Johnson, Moderna, Oxford/AstraZeneca, Pfizer/BioNTech",5195699,3659470,8758971,0,Czechia,https://onemocneni-aktualne.mzcr.cz/covid-19
2021-07-08,"Johnson&Johnson, Moderna, Oxford/AstraZeneca, Pfizer/BioNTech",5222282,3729687,8854454,0,Czechia,https://onemocneni-aktualne.mzcr.cz/covid-19
2021-07-09,"Johnson&Johnson, Moderna, Oxford/AstraZeneca, Pfizer/BioNTech",5250178,3798851,8950092,0,Czechia,https://onemocneni-aktualne.mzcr.cz/covid-19
2021-07-10,"Johnson&Johnson, Moderna, Oxford/AstraZeneca, Pfizer/BioNTech",5259513,3827413,8987971,0,Czechia,https://onemocneni-aktualne.mzcr.cz/covid-19
2021-07-11,"Johnson&Johnson, Moderna, Oxford/AstraZeneca, Pfizer/BioNTech",5268029,3850262,9019305,0,Czechia,https://onemocneni-aktualne.mzcr.cz/covid-19
2021-07-12,"Johnson&Johnson, Moderna, Oxford/AstraZeneca, Pfizer/BioNTech",5295552,3919279,9114531,0,Czechia,https://onemocneni-aktualne.mzcr.cz/covid-19
2021-07-13,"Johnson&Johnson, Moderna, Oxford/AstraZeneca, Pfizer/BioNTech",5321734,3989061,9208649,0,Czechia,https://onemocneni-aktualne.mzcr.cz/covid-19
2021-07-14,"Johnson&Johnson, Moderna, Oxford/AstraZeneca, Pfizer/BioNTech",5347550,4060953,9304365,0,Czechia,https://onemocneni-aktualne.mzcr.cz/covid-19
2021-07-15,"Johnson&Johnson, Moderna, Oxford/AstraZeneca, Pfizer/BioNTech",5376725,4126863,9397107,0,Czechia,https://onemocneni-aktualne.mzcr.cz/covid-19
2021-07-16,"Johnson&Johnson, Moderna, Oxford/AstraZeneca, Pfizer/BioNTech",5404642,4199467,9495156,0,Czechia,https://onemocneni-aktualne.mzcr.cz/covid-19
2021-07-17,"Johnson&Johnson, Moderna, Oxford/AstraZeneca, Pfizer/BioNTech",5413392,4230846,9534795,0,Czechia,https://onemocneni-aktualne.mzcr.cz/covid-19
2021-07-18,"Johnson&Johnson, Moderna, Oxford/AstraZeneca, Pfizer/BioNTech",5421825,4256805,9568642,0,Czechia,https://onemocneni-aktualne.mzcr.cz/covid-19
2021-07-19,"Johnson&Johnson, Moderna, Oxford/AstraZeneca, Pfizer/BioNTech",5445153,4323746,9657442,0,Czechia,https://onemocneni-aktualne.mzcr.cz/covid-19
2021-07-20,"Johnson&Johnson, Moderna, Oxford/AstraZeneca, Pfizer/BioNTech",5466529,4390690,9743851,0,Czechia,https://onemocneni-aktualne.mzcr.cz/covid-19
2021-07-21,"Johnson&Johnson, Moderna, Oxford/AstraZeneca, Pfizer/BioNTech",5489966,4454044,9827810,0,Czechia,https://onemocneni-aktualne.mzcr.cz/covid-19
2021-07-22,"Johnson&Johnson, Moderna, Oxford/AstraZeneca, Pfizer/BioNTech",5512303,4512574,9905635,0,Czechia,https://onemocneni-aktualne.mzcr.cz/covid-19
2021-07-23,"Johnson&Johnson, Moderna, Oxford/AstraZeneca, Pfizer/BioNTech",5535468,4567206,9980341,0,Czechia,https://onemocneni-aktualne.mzcr.cz/covid-19
2021-07-24,"Johnson&Johnson, Moderna, Oxford/AstraZeneca, Pfizer/BioNTech",5542768,4594807,10014062,0,Czechia,https://onemocneni-aktualne.mzcr.cz/covid-19
2021-07-25,"Johnson&Johnson, Moderna, Oxford/AstraZeneca, Pfizer/BioNTech",5549367,4616888,10041597,0,Czechia,https://onemocneni-aktualne.mzcr.cz/covid-19
2021-07-26,"Johnson&Johnson, Moderna, Oxford/AstraZeneca, Pfizer/BioNTech",5572868,4665444,10111013,0,Czechia,https://onemocneni-aktualne.mzcr.cz/covid-19
2021-07-27,"Johnson&Johnson, Moderna, Oxford/AstraZeneca, Pfizer/BioNTech",5595580,4711975,10176963,0,Czechia,https://onemocneni-aktualne.mzcr.cz/covid-19
2021-07-28,"Johnson&Johnson, Moderna, Oxford/AstraZeneca, Pfizer/BioNTech",5616799,4757850,10240310,0,Czechia,https://onemocneni-aktualne.mzcr.cz/covid-19
2021-07-29,"Johnson&Johnson, Moderna, Oxford/AstraZeneca, Pfizer/BioNTech",5638090,4799699,10300146,0,Czechia,https://onemocneni-aktualne.mzcr.cz/covid-19
2021-07-30,"Johnson&Johnson, Moderna, Oxford/AstraZeneca, Pfizer/BioNTech",5661348,4842151,10362543,0,Czechia,https://onemocneni-aktualne.mzcr.cz/covid-19
2021-07-31,"Johnson&Johnson, Moderna, Oxford/AstraZeneca, Pfizer/BioNTech",5670262,4861636,10389385,0,Czechia,https://onemocneni-aktualne.mzcr.cz/covid-19
2021-08-01,"Johnson&Johnson, Moderna, Oxford/AstraZeneca, Pfizer/BioNTech",5676969,4877761,10410891,0,Czechia,https://onemocneni-aktualne.mzcr.cz/covid-19
2021-08-02,"Johnson&Johnson, Moderna, Oxford/AstraZeneca, Pfizer/BioNTech",5695568,4915227,10464510,0,Czechia,https://onemocneni-aktualne.mzcr.cz/covid-19
2021-08-03,"Johnson&Johnson, Moderna, Oxford/AstraZeneca, Pfizer/BioNTech",5713181,4953243,10516922,0,Czechia,https://onemocneni-aktualne.mzcr.cz/covid-19
2021-08-04,"Johnson&Johnson, Moderna, Oxford/AstraZeneca, Pfizer/BioNTech",5729247,4989883,10566650,0,Czechia,https://onemocneni-aktualne.mzcr.cz/covid-19
2021-08-05,"Johnson&Johnson, Moderna, Oxford/AstraZeneca, Pfizer/BioNTech",5745248,5030257,10619986,0,Czechia,https://onemocneni-aktualne.mzcr.cz/covid-19
2021-08-06,"Johnson&Johnson, Moderna, Oxford/AstraZeneca, Pfizer/BioNTech",5762015,5073443,10676856,0,Czechia,https://onemocneni-aktualne.mzcr.cz/covid-19
2021-08-07,"Johnson&Johnson, Moderna, Oxford/AstraZeneca, Pfizer/BioNTech",5767587,5091562,10699134,0,Czechia,https://onemocneni-aktualne.mzcr.cz/covid-19
2021-08-08,"Johnson&Johnson, Moderna, Oxford/AstraZeneca, Pfizer/BioNTech",5771934,5107282,10718115,0,Czechia,https://onemocneni-aktualne.mzcr.cz/covid-19
2021-08-09,"Johnson&Johnson, Moderna, Oxford/AstraZeneca, Pfizer/BioNTech",5784561,5152262,10773503,0,Czechia,https://onemocneni-aktualne.mzcr.cz/covid-19
2021-08-10,"Johnson&Johnson, Moderna, Oxford/AstraZeneca, Pfizer/BioNTech",5796372,5191758,10822609,0,Czechia,https://onemocneni-aktualne.mzcr.cz/covid-19
2021-08-11,"Johnson&Johnson, Moderna, Oxford/AstraZeneca, Pfizer/BioNTech",5807716,5234824,10874790,0,Czechia,https://onemocneni-aktualne.mzcr.cz/covid-19
2021-08-12,"Johnson&Johnson, Moderna, Oxford/AstraZeneca, Pfizer/BioNTech",5819109,5271876,10920749,0,Czechia,https://onemocneni-aktualne.mzcr.cz/covid-19
2021-08-13,"Johnson&Johnson, Moderna, Oxford/AstraZeneca, Pfizer/BioNTech",5829787,5312119,10969483,0,Czechia,https://onemocneni-aktualne.mzcr.cz/covid-19
2021-08-14,"Johnson&Johnson, Moderna, Oxford/AstraZeneca, Pfizer/BioNTech",5833119,5322788,10982426,0,Czechia,https://onemocneni-aktualne.mzcr.cz/covid-19
2021-08-15,"Johnson&Johnson, Moderna, Oxford/AstraZeneca, Pfizer/BioNTech",5835693,5333138,10994726,0,Czechia,https://onemocneni-aktualne.mzcr.cz/covid-19
2021-08-16,"Johnson&Johnson, Moderna, Oxford/AstraZeneca, Pfizer/BioNTech",5845459,5367139,11036601,0,Czechia,https://onemocneni-aktualne.mzcr.cz/covid-19
2021-08-17,"Johnson&Johnson, Moderna, Oxford/AstraZeneca, Pfizer/BioNTech",5855032,5394179,11071247,0,Czechia,https://onemocneni-aktualne.mzcr.cz/covid-19
2021-08-18,"Johnson&Johnson, Moderna, Oxford/AstraZeneca, Pfizer/BioNTech",5864392,5432985,11117287,0,Czechia,https://onemocneni-aktualne.mzcr.cz/covid-19
2021-08-19,"Johnson&Johnson, Moderna, Oxford/AstraZeneca, Pfizer/BioNTech",5874047,5471280,11162776,0,Czechia,https://onemocneni-aktualne.mzcr.cz/covid-19
2021-08-20,"Johnson&Johnson, Moderna, Oxford/AstraZeneca, Pfizer/BioNTech",5885379,5511406,11211614,0,Czechia,https://onemocneni-aktualne.mzcr.cz/covid-19
2021-08-21,"Johnson&Johnson, Moderna, Oxford/AstraZeneca, Pfizer/BioNTech",5888085,5524134,11226142,0,Czechia,https://onemocneni-aktualne.mzcr.cz/covid-19
2021-08-22,"Johnson&Johnson, Moderna, Oxford/AstraZeneca, Pfizer/BioNTech",5890416,5536081,11239627,0,Czechia,https://onemocneni-aktualne.mzcr.cz/covid-19
2021-08-23,"Johnson&Johnson, Moderna, Oxford/AstraZeneca, Pfizer/BioNTech",5900929,5575266,11286814,0,Czechia,https://onemocneni-aktualne.mzcr.cz/covid-19
2021-08-24,"Johnson&Johnson, Moderna, Oxford/AstraZeneca, Pfizer/BioNTech",5910782,5608458,11327610,0,Czechia,https://onemocneni-aktualne.mzcr.cz/covid-19
2021-08-25,"Johnson&Johnson, Moderna, Oxford/AstraZeneca, Pfizer/BioNTech",5919625,5636761,11362594,0,Czechia,https://onemocneni-aktualne.mzcr.cz/covid-19
2021-08-26,"Johnson&Johnson, Moderna, Oxford/AstraZeneca, Pfizer/BioNTech",5928050,5662827,11395287,0,Czechia,https://onemocneni-aktualne.mzcr.cz/covid-19
2021-08-27,"Johnson&Johnson, Moderna, Oxford/AstraZeneca, Pfizer/BioNTech",5938351,5688723,11429276,0,Czechia,https://onemocneni-aktualne.mzcr.cz/covid-19
2021-08-28,"Johnson&Johnson, Moderna, Oxford/AstraZeneca, Pfizer/BioNTech",5941063,5695735,11438285,0,Czechia,https://onemocneni-aktualne.mzcr.cz/covid-19
2021-08-29,"Johnson&Johnson, Moderna, Oxford/AstraZeneca, Pfizer/BioNTech",5943464,5702343,11446570,0,Czechia,https://onemocneni-aktualne.mzcr.cz/covid-19
2021-08-30,"Johnson&Johnson, Moderna, Oxford/AstraZeneca, Pfizer/BioNTech",5951965,5724155,11475197,0,Czechia,https://onemocneni-aktualne.mzcr.cz/covid-19
2021-08-31,"Johnson&Johnson, Moderna, Oxford/AstraZeneca, Pfizer/BioNTech",5959612,5742188,11499119,0,Czechia,https://onemocneni-aktualne.mzcr.cz/covid-19
2021-09-01,"Johnson&Johnson, Moderna, Oxford/AstraZeneca, Pfizer/BioNTech",5965476,5756142,11517612,0,Czechia,https://onemocneni-aktualne.mzcr.cz/covid-19
2021-09-02,"Johnson&Johnson, Moderna, Oxford/AstraZeneca, Pfizer/BioNTech",5972265,5770478,11536895,0,Czechia,https://onemocneni-aktualne.mzcr.cz/covid-19
2021-09-03,"Johnson&Johnson, Moderna, Oxford/AstraZeneca, Pfizer/BioNTech",5981757,5786116,11560073,0,Czechia,https://onemocneni-aktualne.mzcr.cz/covid-19
2021-09-04,"Johnson&Johnson, Moderna, Oxford/AstraZeneca, Pfizer/BioNTech",5983806,5789647,11565033,0,Czechia,https://onemocneni-aktualne.mzcr.cz/covid-19
2021-09-05,"Johnson&Johnson, Moderna, Oxford/AstraZeneca, Pfizer/BioNTech",5985834,5792473,11569359,0,Czechia,https://onemocneni-aktualne.mzcr.cz/covid-19
2021-09-06,"Johnson&Johnson, Moderna, Oxford/AstraZeneca, Pfizer/BioNTech",5992000,5804952,11586589,0,Czechia,https://onemocneni-aktualne.mzcr.cz/covid-19
2021-09-07,"Johnson&Johnson, Moderna, Oxford/AstraZeneca, Pfizer/BioNTech",5996348,5816014,11600501,0,Czechia,https://onemocneni-aktualne.mzcr.cz/covid-19
2021-09-08,"Johnson&Johnson, Moderna, Oxford/AstraZeneca, Pfizer/BioNTech",6001980,5825829,11614693,0,Czechia,https://onemocneni-aktualne.mzcr.cz/covid-19
2021-09-09,"Johnson&Johnson, Moderna, Oxford/AstraZeneca, Pfizer/BioNTech",6008617,5835868,11629797,0,Czechia,https://onemocneni-aktualne.mzcr.cz/covid-19
2021-09-10,"Johnson&Johnson, Moderna, Oxford/AstraZeneca, Pfizer/BioNTech",6016253,5848012,11648034,0,Czechia,https://onemocneni-aktualne.mzcr.cz/covid-19
2021-09-11,"Johnson&Johnson, Moderna, Pfizer/BioNTech",6018105,5850475,11651732,0,Czechia,https://onemocneni-aktualne.mzcr.cz/covid-19
2021-09-12,"Johnson&Johnson, Moderna, Oxford/AstraZeneca, Pfizer/BioNTech",6019215,5852093,11654015,0,Czechia,https://onemocneni-aktualne.mzcr.cz/covid-19
2021-09-13,"Johnson&Johnson, Moderna, Oxford/AstraZeneca, Pfizer/BioNTech",6024623,5862336,11668188,0,Czechia,https://onemocneni-aktualne.mzcr.cz/covid-19
2021-09-14,"Johnson&Johnson, Moderna, Oxford/AstraZeneca, Pfizer/BioNTech",6029977,5871320,11681105,0,Czechia,https://onemocneni-aktualne.mzcr.cz/covid-19
2021-09-15,"Johnson&Johnson, Moderna, Oxford/AstraZeneca, Pfizer/BioNTech",6035149,5879819,11693462,0,Czechia,https://onemocneni-aktualne.mzcr.cz/covid-19
2021-09-16,"Johnson&Johnson, Moderna, Oxford/AstraZeneca, Pfizer/BioNTech",6040413,5888063,11705414,0,Czechia,https://onemocneni-aktualne.mzcr.cz/covid-19
2021-09-17,"Johnson&Johnson, Moderna, Oxford/AstraZeneca, Pfizer/BioNTech",6046944,5898248,11720362,0,Czechia,https://onemocneni-aktualne.mzcr.cz/covid-19
2021-09-18,"Johnson&Johnson, Moderna, Pfizer/BioNTech",6048663,5900586,11723865,1,Czechia,https://onemocneni-aktualne.mzcr.cz/covid-19
2021-09-19,"Johnson&Johnson, Moderna, Oxford/AstraZeneca, Pfizer/BioNTech",6049599,5902146,11725965,2,Czechia,https://onemocneni-aktualne.mzcr.cz/covid-19
2021-09-20,"Johnson&Johnson, Moderna, Oxford/AstraZeneca, Pfizer/BioNTech",6053541,5910312,11737429,432,Czechia,https://onemocneni-aktualne.mzcr.cz/covid-19
2021-09-21,"Johnson&Johnson, Moderna, Oxford/AstraZeneca, Pfizer/BioNTech",6057594,5917814,11748301,879,Czechia,https://onemocneni-aktualne.mzcr.cz/covid-19
2021-09-22,"Johnson&Johnson, Moderna, Oxford/AstraZeneca, Pfizer/BioNTech",6061711,5923312,11757246,1314,Czechia,https://onemocneni-aktualne.mzcr.cz/covid-19
2021-09-23,"Johnson&Johnson, Moderna, Oxford/AstraZeneca, Pfizer/BioNTech",6066647,5929698,11768184,2308,Czechia,https://onemocneni-aktualne.mzcr.cz/covid-19
2021-09-24,"Johnson&Johnson, Moderna, Oxford/AstraZeneca, Pfizer/BioNTech",6072347,5939286,11782370,2791,Czechia,https://onemocneni-aktualne.mzcr.cz/covid-19
2021-09-25,"Johnson&Johnson, Moderna, Pfizer/BioNTech",6073826,5941260,11785371,2870,Czechia,https://onemocneni-aktualne.mzcr.cz/covid-19
2021-09-26,"Johnson&Johnson, Moderna, Pfizer/BioNTech",6074561,5942879,11787503,2943,Czechia,https://onemocneni-aktualne.mzcr.cz/covid-19
2021-09-27,"Johnson&Johnson, Moderna, Oxford/AstraZeneca, Pfizer/BioNTech",6078353,5949339,11797428,3679,Czechia,https://onemocneni-aktualne.mzcr.cz/covid-19
2021-09-28,"Johnson&Johnson, Moderna, Pfizer/BioNTech",6078680,5949932,11798221,3733,Czechia,https://onemocneni-aktualne.mzcr.cz/covid-19
2021-09-29,"Johnson&Johnson, Moderna, Oxford/AstraZeneca, Pfizer/BioNTech",6082396,5957337,11809303,4740,Czechia,https://onemocneni-aktualne.mzcr.cz/covid-19
2021-09-30,"Johnson&Johnson, Moderna, Oxford/AstraZeneca, Pfizer/BioNTech",6086762,5964984,11821337,5895,Czechia,https://onemocneni-aktualne.mzcr.cz/covid-19
2021-10-01,"Johnson&Johnson, Moderna, Oxford/AstraZeneca, Pfizer/BioNTech",6090894,5972871,11834146,7743,Czechia,https://onemocneni-aktualne.mzcr.cz/covid-19
2021-10-02,"Johnson&Johnson, Moderna, Pfizer/BioNTech",6091932,5974396,11836470,7841,Czechia,https://onemocneni-aktualne.mzcr.cz/covid-19
2021-10-03,"Johnson&Johnson, Moderna, Pfizer/BioNTech",6092632,5975257,11837815,7923,Czechia,https://onemocneni-aktualne.mzcr.cz/covid-19
2021-10-04,"Johnson&Johnson, Moderna, Oxford/AstraZeneca, Pfizer/BioNTech",6095598,5980797,11847225,9646,Czechia,https://onemocneni-aktualne.mzcr.cz/covid-19
2021-10-05,"Johnson&Johnson, Moderna, Oxford/AstraZeneca, Pfizer/BioNTech",6098624,5985836,11856442,11765,Czechia,https://onemocneni-aktualne.mzcr.cz/covid-19
2021-10-06,"Johnson&Johnson, Moderna, Oxford/AstraZeneca, Pfizer/BioNTech",6102047,5990965,11866677,14381,Czechia,https://onemocneni-aktualne.mzcr.cz/covid-19
2021-10-07,"Johnson&Johnson, Moderna, Oxford/AstraZeneca, Pfizer/BioNTech",6105176,5996145,11876424,16769,Czechia,https://onemocneni-aktualne.mzcr.cz/covid-19
2021-10-08,"Johnson&Johnson, Moderna, Oxford/AstraZeneca, Pfizer/BioNTech",6109855,6002709,11890337,20678,Czechia,https://onemocneni-aktualne.mzcr.cz/covid-19
2021-10-09,"Johnson&Johnson, Moderna, Pfizer/BioNTech",6111082,6004348,11893283,21137,Czechia,https://onemocneni-aktualne.mzcr.cz/covid-19
2021-10-10,"Johnson&Johnson, Moderna, Pfizer/BioNTech",6111998,6005176,11895009,21373,Czechia,https://onemocneni-aktualne.mzcr.cz/covid-19
2021-10-11,"Johnson&Johnson, Moderna, Oxford/AstraZeneca, Pfizer/BioNTech",6114839,6009524,11904130,24015,Czechia,https://onemocneni-aktualne.mzcr.cz/covid-19
2021-10-12,"Johnson&Johnson, Moderna, Oxford/AstraZeneca, Pfizer/BioNTech",6117460,6013322,11913299,27415,Czechia,https://onemocneni-aktualne.mzcr.cz/covid-19
2021-10-13,"Johnson&Johnson, Moderna, Oxford/AstraZeneca, Pfizer/BioNTech",6120773,6017357,11924193,31782,Czechia,https://onemocneni-aktualne.mzcr.cz/covid-19
2021-10-14,"Johnson&Johnson, Moderna, Oxford/AstraZeneca, Pfizer/BioNTech",6124272,6022234,11936233,36527,Czechia,https://onemocneni-aktualne.mzcr.cz/covid-19
2021-10-15,"Johnson&Johnson, Moderna, Oxford/AstraZeneca, Pfizer/BioNTech",6129240,6028240,11950983,41566,Czechia,https://onemocneni-aktualne.mzcr.cz/covid-19
2021-10-16,"Johnson&Johnson, Moderna, Pfizer/BioNTech",6130599,6029746,11954447,42644,Czechia,https://onemocneni-aktualne.mzcr.cz/covid-19
2021-10-17,"Johnson&Johnson, Moderna, Pfizer/BioNTech",6131909,6030794,11956819,43202,Czechia,https://onemocneni-aktualne.mzcr.cz/covid-19
2021-10-18,"Johnson&Johnson, Moderna, Oxford/AstraZeneca, Pfizer/BioNTech",6135793,6034744,11970640,50208,Czechia,https://onemocneni-aktualne.mzcr.cz/covid-19
2021-10-19,"Johnson&Johnson, Moderna, Oxford/AstraZeneca, Pfizer/BioNTech",6139196,6036743,11985820,60933,Czechia,https://onemocneni-aktualne.mzcr.cz/covid-19
2021-10-20,"Johnson&Johnson, Moderna, Oxford/AstraZeneca, Pfizer/BioNTech",6143871,6041047,12008295,75733,Czechia,https://onemocneni-aktualne.mzcr.cz/covid-19
2021-10-21,"Johnson&Johnson, Moderna, Oxford/AstraZeneca, Pfizer/BioNTech",6151399,6046492,12036308,92980,Czechia,https://onemocneni-aktualne.mzcr.cz/covid-19
2021-10-22,"Johnson&Johnson, Moderna, Oxford/AstraZeneca, Pfizer/BioNTech",6161539,6052834,12068671,111546,Czechia,https://onemocneni-aktualne.mzcr.cz/covid-19
2021-10-23,"Johnson&Johnson, Moderna, Pfizer/BioNTech",6165148,6054998,12076759,115188,Czechia,https://onemocneni-aktualne.mzcr.cz/covid-19
2021-10-24,"Johnson&Johnson, Moderna, Pfizer/BioNTech",6167723,6056668,12082326,117666,Czechia,https://onemocneni-aktualne.mzcr.cz/covid-19
2021-10-25,"Johnson&Johnson, Moderna, Oxford/AstraZeneca, Pfizer/BioNTech",6177509,6061966,12114163,137126,Czechia,https://onemocneni-aktualne.mzcr.cz/covid-19
2021-10-26,"Johnson&Johnson, Moderna, Oxford/AstraZeneca, Pfizer/BioNTech",6188688,6068043,12149351,158798,Czechia,https://onemocneni-aktualne.mzcr.cz/covid-19
2021-10-27,"Johnson&Johnson, Moderna, Oxford/AstraZeneca, Pfizer/BioNTech",6202205,6074801,12191413,184322,Czechia,https://onemocneni-aktualne.mzcr.cz/covid-19
2021-10-28,"Johnson&Johnson, Moderna, Pfizer/BioNTech",6205474,6076373,12199319,188533,Czechia,https://onemocneni-aktualne.mzcr.cz/covid-19
2021-10-29,"Johnson&Johnson, Moderna, Oxford/AstraZeneca, Pfizer/BioNTech",6219035,6083676,12234896,206911,Czechia,https://onemocneni-aktualne.mzcr.cz/covid-19
2021-10-30,"Johnson&Johnson, Moderna, Pfizer/BioNTech",6222787,6085884,12243317,210709,Czechia,https://onemocneni-aktualne.mzcr.cz/covid-19
2021-10-31,"Johnson&Johnson, Moderna, Oxford/AstraZeneca, Pfizer/BioNTech",6225772,6087722,12250591,214240,Czechia,https://onemocneni-aktualne.mzcr.cz/covid-19
