date,people_fully_vaccinated,people_vaccinated,total_vaccinations,vaccine,location,source_url
2020-12-01,,1,1.0,Pfizer/BioNTech,Denmark,https://covid19.ssi.dk/overvagningsdata/download-fil-med-vaccinationsdata
2020-12-16,,2,2.0,Pfizer/BioNTech,Denmark,https://covid19.ssi.dk/overvagningsdata/download-fil-med-vaccinationsdata
2020-12-17,,3,3.0,Pfizer/BioNTech,Denmark,https://covid19.ssi.dk/overvagningsdata/download-fil-med-vaccinationsdata
2020-12-18,,4,4.0,Pfizer/BioNTech,Denmark,https://covid19.ssi.dk/overvagningsdata/download-fil-med-vaccinationsdata
2020-12-19,,5,5.0,Pfizer/BioNTech,Denmark,https://covid19.ssi.dk/overvagningsdata/download-fil-med-vaccinationsdata
2020-12-21,,8,8.0,Pfizer/BioNTech,Denmark,https://covid19.ssi.dk/overvagningsdata/download-fil-med-vaccinationsdata
2020-12-22,,11,11.0,Pfizer/BioNTech,Denmark,https://covid19.ssi.dk/overvagningsdata/download-fil-med-vaccinationsdata
2020-12-23,,15,15.0,Pfizer/BioNTech,Denmark,https://covid19.ssi.dk/overvagningsdata/download-fil-med-vaccinationsdata
2020-12-24,,19,19.0,Pfizer/BioNTech,Denmark,https://covid19.ssi.dk/overvagningsdata/download-fil-med-vaccinationsdata
2020-12-26,,23,23.0,Pfizer/BioNTech,Denmark,https://covid19.ssi.dk/overvagningsdata/download-fil-med-vaccinationsdata
2020-12-27,,5997,5997.0,Pfizer/BioNTech,Denmark,https://covid19.ssi.dk/overvagningsdata/download-fil-med-vaccinationsdata
2020-12-28,,7943,7943.0,Pfizer/BioNTech,Denmark,https://covid19.ssi.dk/overvagningsdata/download-fil-med-vaccinationsdata
2020-12-29,,16356,16356.0,Pfizer/BioNTech,Denmark,https://covid19.ssi.dk/overvagningsdata/download-fil-med-vaccinationsdata
2020-12-30,,27099,27099.0,Pfizer/BioNTech,Denmark,https://covid19.ssi.dk/overvagningsdata/download-fil-med-vaccinationsdata
2020-12-31,,32765,32765.0,Pfizer/BioNTech,Denmark,https://covid19.ssi.dk/overvagningsdata/download-fil-med-vaccinationsdata
2021-01-01,1.0,34912,34913.0,Pfizer/BioNTech,Denmark,https://covid19.ssi.dk/overvagningsdata/download-fil-med-vaccinationsdata
2021-01-02,1.0,43002,43003.0,Pfizer/BioNTech,Denmark,https://covid19.ssi.dk/overvagningsdata/download-fil-med-vaccinationsdata
2021-01-03,1.0,48391,48392.0,Pfizer/BioNTech,Denmark,https://covid19.ssi.dk/overvagningsdata/download-fil-med-vaccinationsdata
2021-01-04,2.0,50748,50750.0,Pfizer/BioNTech,Denmark,https://covid19.ssi.dk/overvagningsdata/download-fil-med-vaccinationsdata
2021-01-05,2.0,63327,63329.0,Pfizer/BioNTech,Denmark,https://covid19.ssi.dk/overvagningsdata/download-fil-med-vaccinationsdata
2021-01-06,2.0,81546,81548.0,Pfizer/BioNTech,Denmark,https://covid19.ssi.dk/overvagningsdata/download-fil-med-vaccinationsdata
2021-01-07,3.0,97689,97692.0,Pfizer/BioNTech,Denmark,https://covid19.ssi.dk/overvagningsdata/download-fil-med-vaccinationsdata
2021-01-08,4.0,105514,105518.0,Pfizer/BioNTech,Denmark,https://covid19.ssi.dk/overvagningsdata/download-fil-med-vaccinationsdata
2021-01-09,6.0,107366,107372.0,Pfizer/BioNTech,Denmark,https://covid19.ssi.dk/overvagningsdata/download-fil-med-vaccinationsdata
2021-01-10,6.0,108186,108192.0,Pfizer/BioNTech,Denmark,https://covid19.ssi.dk/overvagningsdata/download-fil-med-vaccinationsdata
2021-01-11,6.0,108848,108854.0,Pfizer/BioNTech,Denmark,https://covid19.ssi.dk/overvagningsdata/download-fil-med-vaccinationsdata
2021-01-12,8.0,109311,109319.0,Pfizer/BioNTech,Denmark,https://covid19.ssi.dk/overvagningsdata/download-fil-med-vaccinationsdata
2021-01-13,11.0,121539,121550.0,"Moderna, Pfizer/BioNTech",Denmark,https://covid19.ssi.dk/overvagningsdata/download-fil-med-vaccinationsdata
2021-01-14,12.0,138581,138593.0,"Moderna, Pfizer/BioNTech",Denmark,https://covid19.ssi.dk/overvagningsdata/download-fil-med-vaccinationsdata
2021-01-15,17.0,152960,152977.0,"Moderna, Pfizer/BioNTech",Denmark,https://covid19.ssi.dk/overvagningsdata/download-fil-med-vaccinationsdata
2021-01-16,26.0,157328,157354.0,"Moderna, Pfizer/BioNTech",Denmark,https://covid19.ssi.dk/overvagningsdata/download-fil-med-vaccinationsdata
2021-01-17,670.0,159654,160324.0,"Moderna, Pfizer/BioNTech",Denmark,https://covid19.ssi.dk/overvagningsdata/download-fil-med-vaccinationsdata
2021-01-18,2646.0,163308,165954.0,"Moderna, Pfizer/BioNTech",Denmark,https://covid19.ssi.dk/overvagningsdata/download-fil-med-vaccinationsdata
2021-01-19,4573.0,165657,170230.0,"Moderna, Pfizer/BioNTech",Denmark,https://covid19.ssi.dk/overvagningsdata/download-fil-med-vaccinationsdata
2021-01-20,6312.0,167096,173408.0,"Moderna, Pfizer/BioNTech",Denmark,https://covid19.ssi.dk/overvagningsdata/download-fil-med-vaccinationsdata
2021-01-21,8507.0,168571,177078.0,"Moderna, Pfizer/BioNTech",Denmark,https://covid19.ssi.dk/overvagningsdata/download-fil-med-vaccinationsdata
2021-01-22,13859.0,169212,183071.0,"Moderna, Pfizer/BioNTech",Denmark,https://covid19.ssi.dk/overvagningsdata/download-fil-med-vaccinationsdata
2021-01-23,20445.0,169903,190348.0,"Moderna, Pfizer/BioNTech",Denmark,https://covid19.ssi.dk/overvagningsdata/download-fil-med-vaccinationsdata
2021-01-24,26390.0,170471,196861.0,"Moderna, Pfizer/BioNTech",Denmark,https://covid19.ssi.dk/overvagningsdata/download-fil-med-vaccinationsdata
2021-01-25,28708.0,170747,199455.0,"Moderna, Pfizer/BioNTech",Denmark,https://covid19.ssi.dk/overvagningsdata/download-fil-med-vaccinationsdata
2021-01-26,30342.0,170959,201301.0,"Moderna, Pfizer/BioNTech",Denmark,https://covid19.ssi.dk/overvagningsdata/download-fil-med-vaccinationsdata
2021-01-27,34480.0,171162,205642.0,"Moderna, Pfizer/BioNTech",Denmark,https://covid19.ssi.dk/overvagningsdata/download-fil-med-vaccinationsdata
2021-01-28,42334.0,171392,213726.0,"Moderna, Pfizer/BioNTech",Denmark,https://covid19.ssi.dk/overvagningsdata/download-fil-med-vaccinationsdata
2021-01-29,59691.0,172446,232137.0,"Moderna, Pfizer/BioNTech",Denmark,https://covid19.ssi.dk/overvagningsdata/download-fil-med-vaccinationsdata
2021-01-30,71761.0,173575,245336.0,"Moderna, Pfizer/BioNTech",Denmark,https://covid19.ssi.dk/overvagningsdata/download-fil-med-vaccinationsdata
2021-01-31,83133.0,174720,257853.0,"Moderna, Pfizer/BioNTech",Denmark,https://covid19.ssi.dk/overvagningsdata/download-fil-med-vaccinationsdata
2021-02-01,90697.0,175452,266149.0,"Moderna, Pfizer/BioNTech",Denmark,https://covid19.ssi.dk/overvagningsdata/download-fil-med-vaccinationsdata
2021-02-02,93591.0,177350,270941.0,"Moderna, Pfizer/BioNTech",Denmark,https://covid19.ssi.dk/overvagningsdata/download-fil-med-vaccinationsdata
2021-02-03,99578.0,178775,278353.0,"Moderna, Pfizer/BioNTech",Denmark,https://covid19.ssi.dk/overvagningsdata/download-fil-med-vaccinationsdata
2021-02-04,110113.0,180129,290242.0,"Moderna, Pfizer/BioNTech",Denmark,https://covid19.ssi.dk/overvagningsdata/download-fil-med-vaccinationsdata
2021-02-05,122971.0,181659,304630.0,"Moderna, Pfizer/BioNTech",Denmark,https://covid19.ssi.dk/overvagningsdata/download-fil-med-vaccinationsdata
2021-02-06,129452.0,182631,312083.0,"Moderna, Pfizer/BioNTech",Denmark,https://covid19.ssi.dk/overvagningsdata/download-fil-med-vaccinationsdata
2021-02-07,132934.0,184417,317351.0,"Moderna, Pfizer/BioNTech",Denmark,https://covid19.ssi.dk/overvagningsdata/download-fil-med-vaccinationsdata
2021-02-08,139728.0,186822,326550.0,"Moderna, Oxford/AstraZeneca, Pfizer/BioNTech",Denmark,https://covid19.ssi.dk/overvagningsdata/download-fil-med-vaccinationsdata
2021-02-09,144428.0,190243,334671.0,"Moderna, Oxford/AstraZeneca, Pfizer/BioNTech",Denmark,https://covid19.ssi.dk/overvagningsdata/download-fil-med-vaccinationsdata
2021-02-10,148205.0,193454,341659.0,"Moderna, Oxford/AstraZeneca, Pfizer/BioNTech",Denmark,https://covid19.ssi.dk/overvagningsdata/download-fil-med-vaccinationsdata
2021-02-11,150608.0,199079,349687.0,"Moderna, Oxford/AstraZeneca, Pfizer/BioNTech",Denmark,https://covid19.ssi.dk/overvagningsdata/download-fil-med-vaccinationsdata
2021-02-12,158142.0,210988,369130.0,"Moderna, Oxford/AstraZeneca, Pfizer/BioNTech",Denmark,https://covid19.ssi.dk/overvagningsdata/download-fil-med-vaccinationsdata
2021-02-13,159072.0,217375,376447.0,"Moderna, Oxford/AstraZeneca, Pfizer/BioNTech",Denmark,https://covid19.ssi.dk/overvagningsdata/download-fil-med-vaccinationsdata
2021-02-14,159679.0,223454,383133.0,"Moderna, Oxford/AstraZeneca, Pfizer/BioNTech",Denmark,https://covid19.ssi.dk/overvagningsdata/download-fil-med-vaccinationsdata
2021-02-15,162774.0,236861,399635.0,"Moderna, Oxford/AstraZeneca, Pfizer/BioNTech",Denmark,https://covid19.ssi.dk/overvagningsdata/download-fil-med-vaccinationsdata
2021-02-16,164084.0,249735,413819.0,"Moderna, Oxford/AstraZeneca, Pfizer/BioNTech",Denmark,https://covid19.ssi.dk/overvagningsdata/download-fil-med-vaccinationsdata
2021-02-17,164501.0,259909,424410.0,"Moderna, Oxford/AstraZeneca, Pfizer/BioNTech",Denmark,https://covid19.ssi.dk/overvagningsdata/download-fil-med-vaccinationsdata
2021-02-18,164815.0,271182,435997.0,"Moderna, Oxford/AstraZeneca, Pfizer/BioNTech",Denmark,https://covid19.ssi.dk/overvagningsdata/download-fil-med-vaccinationsdata
2021-02-19,165760.0,284792,450552.0,"Moderna, Oxford/AstraZeneca, Pfizer/BioNTech",Denmark,https://covid19.ssi.dk/overvagningsdata/download-fil-med-vaccinationsdata
2021-02-20,166321.0,294986,461307.0,"Moderna, Oxford/AstraZeneca, Pfizer/BioNTech",Denmark,https://covid19.ssi.dk/overvagningsdata/download-fil-med-vaccinationsdata
2021-02-21,166673.0,305502,472175.0,"Moderna, Oxford/AstraZeneca, Pfizer/BioNTech",Denmark,https://covid19.ssi.dk/overvagningsdata/download-fil-med-vaccinationsdata
2021-02-22,167757.0,318738,486495.0,"Moderna, Oxford/AstraZeneca, Pfizer/BioNTech",Denmark,https://covid19.ssi.dk/overvagningsdata/download-fil-med-vaccinationsdata
2021-02-23,169647.0,332857,502504.0,"Moderna, Oxford/AstraZeneca, Pfizer/BioNTech",Denmark,https://covid19.ssi.dk/overvagningsdata/download-fil-med-vaccinationsdata
2021-02-24,171515.0,346303,517818.0,"Moderna, Oxford/AstraZeneca, Pfizer/BioNTech",Denmark,https://covid19.ssi.dk/overvagningsdata/download-fil-med-vaccinationsdata
2021-02-25,172125.0,360693,532818.0,"Moderna, Oxford/AstraZeneca, Pfizer/BioNTech",Denmark,https://covid19.ssi.dk/overvagningsdata/download-fil-med-vaccinationsdata
2021-02-26,173124.0,396249,569373.0,"Moderna, Oxford/AstraZeneca, Pfizer/BioNTech",Denmark,https://covid19.ssi.dk/overvagningsdata/download-fil-med-vaccinationsdata
2021-02-27,174501.0,402777,577278.0,"Moderna, Oxford/AstraZeneca, Pfizer/BioNTech",Denmark,https://covid19.ssi.dk/overvagningsdata/download-fil-med-vaccinationsdata
2021-02-28,175833.0,413477,589310.0,"Moderna, Oxford/AstraZeneca, Pfizer/BioNTech",Denmark,https://covid19.ssi.dk/overvagningsdata/download-fil-med-vaccinationsdata
2021-03-01,176880.0,432849,609729.0,"Moderna, Oxford/AstraZeneca, Pfizer/BioNTech",Denmark,https://covid19.ssi.dk/overvagningsdata/download-fil-med-vaccinationsdata
2021-03-02,178141.0,449352,627493.0,"Moderna, Oxford/AstraZeneca, Pfizer/BioNTech",Denmark,https://covid19.ssi.dk/overvagningsdata/download-fil-med-vaccinationsdata
2021-03-03,179143.0,462238,641381.0,"Moderna, Oxford/AstraZeneca, Pfizer/BioNTech",Denmark,https://covid19.ssi.dk/overvagningsdata/download-fil-med-vaccinationsdata
2021-03-04,180922.0,479544,660466.0,"Moderna, Oxford/AstraZeneca, Pfizer/BioNTech",Denmark,https://covid19.ssi.dk/overvagningsdata/download-fil-med-vaccinationsdata
2021-03-05,186520.0,495916,682436.0,"Moderna, Oxford/AstraZeneca, Pfizer/BioNTech",Denmark,https://covid19.ssi.dk/overvagningsdata/download-fil-med-vaccinationsdata
2021-03-06,190379.0,510347,700726.0,"Moderna, Oxford/AstraZeneca, Pfizer/BioNTech",Denmark,https://covid19.ssi.dk/overvagningsdata/download-fil-med-vaccinationsdata
2021-03-07,194580.0,522148,716728.0,"Moderna, Oxford/AstraZeneca, Pfizer/BioNTech",Denmark,https://covid19.ssi.dk/overvagningsdata/download-fil-med-vaccinationsdata
2021-03-08,200884.0,531595,732479.0,"Moderna, Oxford/AstraZeneca, Pfizer/BioNTech",Denmark,https://covid19.ssi.dk/overvagningsdata/download-fil-med-vaccinationsdata
2021-03-09,207889.0,542360,750249.0,"Moderna, Oxford/AstraZeneca, Pfizer/BioNTech",Denmark,https://covid19.ssi.dk/overvagningsdata/download-fil-med-vaccinationsdata
2021-03-10,214931.0,554277,769208.0,"Moderna, Oxford/AstraZeneca, Pfizer/BioNTech",Denmark,https://covid19.ssi.dk/overvagningsdata/download-fil-med-vaccinationsdata
2021-03-11,222720.0,558739,781459.0,"Moderna, Oxford/AstraZeneca, Pfizer/BioNTech",Denmark,https://covid19.ssi.dk/overvagningsdata/download-fil-med-vaccinationsdata
2021-03-12,233031.0,562008,795039.0,"Moderna, Oxford/AstraZeneca, Pfizer/BioNTech",Denmark,https://covid19.ssi.dk/overvagningsdata/download-fil-med-vaccinationsdata
2021-03-13,238780.0,566479,805259.0,"Moderna, Oxford/AstraZeneca, Pfizer/BioNTech",Denmark,https://covid19.ssi.dk/overvagningsdata/download-fil-med-vaccinationsdata
2021-03-14,247961.0,567694,815655.0,"Moderna, Oxford/AstraZeneca, Pfizer/BioNTech",Denmark,https://covid19.ssi.dk/overvagningsdata/download-fil-med-vaccinationsdata
2021-03-15,257620.0,570462,828082.0,"Moderna, Oxford/AstraZeneca, Pfizer/BioNTech",Denmark,https://covid19.ssi.dk/overvagningsdata/download-fil-med-vaccinationsdata
2021-03-16,266879.0,577159,844038.0,"Moderna, Oxford/AstraZeneca, Pfizer/BioNTech",Denmark,https://covid19.ssi.dk/overvagningsdata/download-fil-med-vaccinationsdata
2021-03-17,275836.0,587771,863607.0,"Moderna, Oxford/AstraZeneca, Pfizer/BioNTech",Denmark,https://covid19.ssi.dk/overvagningsdata/download-fil-med-vaccinationsdata
2021-03-18,282956.0,602268,885224.0,"Moderna, Oxford/AstraZeneca, Pfizer/BioNTech",Denmark,https://covid19.ssi.dk/overvagningsdata/download-fil-med-vaccinationsdata
2021-03-19,294495.0,610025,904520.0,"Moderna, Oxford/AstraZeneca, Pfizer/BioNTech",Denmark,https://covid19.ssi.dk/overvagningsdata/download-fil-med-vaccinationsdata
2021-03-20,299228.0,612979,912207.0,"Moderna, Oxford/AstraZeneca, Pfizer/BioNTech",Denmark,https://covid19.ssi.dk/overvagningsdata/download-fil-med-vaccinationsdata
2021-03-21,303818.0,617912,921730.0,"Moderna, Oxford/AstraZeneca, Pfizer/BioNTech",Denmark,https://covid19.ssi.dk/overvagningsdata/download-fil-med-vaccinationsdata
2021-03-22,311456.0,621981,933437.0,"Moderna, Oxford/AstraZeneca, Pfizer/BioNTech",Denmark,https://covid19.ssi.dk/overvagningsdata/download-fil-med-vaccinationsdata
2021-03-23,318923.0,628027,946950.0,"Moderna, Oxford/AstraZeneca, Pfizer/BioNTech",Denmark,https://covid19.ssi.dk/overvagningsdata/download-fil-med-vaccinationsdata
2021-03-24,332155.0,637791,969946.0,"Moderna, Oxford/AstraZeneca, Pfizer/BioNTech",Denmark,https://covid19.ssi.dk/overvagningsdata/download-fil-med-vaccinationsdata
2021-03-25,340442.0,645461,985903.0,"Moderna, Oxford/AstraZeneca, Pfizer/BioNTech",Denmark,https://covid19.ssi.dk/overvagningsdata/download-fil-med-vaccinationsdata
2021-03-26,348162.0,651589,999751.0,"Moderna, Oxford/AstraZeneca, Pfizer/BioNTech",Denmark,https://covid19.ssi.dk/overvagningsdata/download-fil-med-vaccinationsdata
2021-03-27,351223.0,661486,1012709.0,"Moderna, Oxford/AstraZeneca, Pfizer/BioNTech",Denmark,https://covid19.ssi.dk/overvagningsdata/download-fil-med-vaccinationsdata
2021-03-28,353996.0,672180,1026176.0,"Moderna, Oxford/AstraZeneca, Pfizer/BioNTech",Denmark,https://covid19.ssi.dk/overvagningsdata/download-fil-med-vaccinationsdata
2021-03-29,360099.0,690024,1050123.0,"Moderna, Oxford/AstraZeneca, Pfizer/BioNTech",Denmark,https://covid19.ssi.dk/overvagningsdata/download-fil-med-vaccinationsdata
2021-03-30,366082.0,711494,1077576.0,"Moderna, Oxford/AstraZeneca, Pfizer/BioNTech",Denmark,https://covid19.ssi.dk/overvagningsdata/download-fil-med-vaccinationsdata
2021-03-31,375673.0,724490,1100163.0,"Moderna, Oxford/AstraZeneca, Pfizer/BioNTech",Denmark,https://covid19.ssi.dk/overvagningsdata/download-fil-med-vaccinationsdata
2021-04-01,382506.0,728703,1111209.0,"Moderna, Oxford/AstraZeneca, Pfizer/BioNTech",Denmark,https://covid19.ssi.dk/overvagningsdata/download-fil-med-vaccinationsdata
2021-04-02,389407.0,733595,1123002.0,"Moderna, Oxford/AstraZeneca, Pfizer/BioNTech",Denmark,https://covid19.ssi.dk/overvagningsdata/download-fil-med-vaccinationsdata
2021-04-03,391583.0,745642,1137225.0,"Moderna, Oxford/AstraZeneca, Pfizer/BioNTech",Denmark,https://covid19.ssi.dk/overvagningsdata/download-fil-med-vaccinationsdata
2021-04-04,393350.0,757254,1150604.0,"Moderna, Oxford/AstraZeneca, Pfizer/BioNTech",Denmark,https://covid19.ssi.dk/overvagningsdata/download-fil-med-vaccinationsdata
2021-04-05,394666.0,769513,1164179.0,"Moderna, Oxford/AstraZeneca, Pfizer/BioNTech",Denmark,https://covid19.ssi.dk/overvagningsdata/download-fil-med-vaccinationsdata
2021-04-06,400682.0,785456,1186138.0,"Moderna, Oxford/AstraZeneca, Pfizer/BioNTech",Denmark,https://covid19.ssi.dk/overvagningsdata/download-fil-med-vaccinationsdata
2021-04-07,408816.0,802023,1210839.0,"Moderna, Oxford/AstraZeneca, Pfizer/BioNTech",Denmark,https://covid19.ssi.dk/overvagningsdata/download-fil-med-vaccinationsdata
2021-04-08,417283.0,815734,1233017.0,"Moderna, Oxford/AstraZeneca, Pfizer/BioNTech",Denmark,https://covid19.ssi.dk/overvagningsdata/download-fil-med-vaccinationsdata
2021-04-09,425888.0,832146,1258034.0,"Moderna, Oxford/AstraZeneca, Pfizer/BioNTech",Denmark,https://covid19.ssi.dk/overvagningsdata/download-fil-med-vaccinationsdata
2021-04-10,431300.0,848853,1280153.0,"Moderna, Oxford/AstraZeneca, Pfizer/BioNTech",Denmark,https://covid19.ssi.dk/overvagningsdata/download-fil-med-vaccinationsdata
2021-04-11,435186.0,863713,1298899.0,"Moderna, Oxford/AstraZeneca, Pfizer/BioNTech",Denmark,https://covid19.ssi.dk/overvagningsdata/download-fil-med-vaccinationsdata
2021-04-12,446640.0,957436,1404076.0,"Moderna, Oxford/AstraZeneca, Pfizer/BioNTech",Denmark,https://covid19.ssi.dk/overvagningsdata/download-fil-med-vaccinationsdata
2021-04-13,452827.0,975920,1428747.0,"Moderna, Oxford/AstraZeneca, Pfizer/BioNTech",Denmark,https://covid19.ssi.dk/overvagningsdata/download-fil-med-vaccinationsdata
2021-04-14,463912.0,987348,1451260.0,"Moderna, Pfizer/BioNTech",Denmark,https://covid19.ssi.dk/overvagningsdata/download-fil-med-vaccinationsdata
2021-04-15,472957.0,1002620,1475577.0,"Moderna, Pfizer/BioNTech",Denmark,https://covid19.ssi.dk/overvagningsdata/download-fil-med-vaccinationsdata
2021-04-16,481075.0,1019988,1501063.0,"Moderna, Pfizer/BioNTech",Denmark,https://covid19.ssi.dk/overvagningsdata/download-fil-med-vaccinationsdata
2021-04-17,483798.0,1038733,1522531.0,"Moderna, Pfizer/BioNTech",Denmark,https://covid19.ssi.dk/overvagningsdata/download-fil-med-vaccinationsdata
2021-04-18,488911.0,1053209,1542120.0,"Moderna, Pfizer/BioNTech",Denmark,https://covid19.ssi.dk/overvagningsdata/download-fil-med-vaccinationsdata
2021-04-19,503220.0,1077994,1581214.0,"Moderna, Pfizer/BioNTech",Denmark,https://covid19.ssi.dk/overvagningsdata/download-fil-med-vaccinationsdata
2021-04-20,520063.0,1099977,1620040.0,"Moderna, Pfizer/BioNTech",Denmark,https://covid19.ssi.dk/overvagningsdata/download-fil-med-vaccinationsdata
2021-04-21,532730.0,1122465,1655195.0,"Moderna, Pfizer/BioNTech",Denmark,https://covid19.ssi.dk/overvagningsdata/download-fil-med-vaccinationsdata
2021-04-22,538098.0,1150663,1688761.0,"Moderna, Pfizer/BioNTech",Denmark,https://covid19.ssi.dk/overvagningsdata/download-fil-med-vaccinationsdata
2021-04-23,549274.0,1172803,1722077.0,"Moderna, Pfizer/BioNTech",Denmark,https://covid19.ssi.dk/overvagningsdata/download-fil-med-vaccinationsdata
2021-04-24,556842.0,1187683,1744525.0,"Moderna, Pfizer/BioNTech",Denmark,https://covid19.ssi.dk/overvagningsdata/download-fil-med-vaccinationsdata
2021-04-25,562115.0,1202866,1764981.0,"Moderna, Pfizer/BioNTech",Denmark,https://covid19.ssi.dk/overvagningsdata/download-fil-med-vaccinationsdata
2021-04-26,569962.0,1234301,1804263.0,"Moderna, Pfizer/BioNTech",Denmark,https://covid19.ssi.dk/overvagningsdata/download-fil-med-vaccinationsdata
2021-04-27,590792.0,1260812,1851604.0,"Moderna, Pfizer/BioNTech",Denmark,https://covid19.ssi.dk/overvagningsdata/download-fil-med-vaccinationsdata
2021-04-28,611281.0,1284871,1896152.0,"Moderna, Pfizer/BioNTech",Denmark,https://covid19.ssi.dk/overvagningsdata/download-fil-med-vaccinationsdata
2021-04-29,629151.0,1310743,1939894.0,"Moderna, Pfizer/BioNTech",Denmark,https://covid19.ssi.dk/overvagningsdata/download-fil-med-vaccinationsdata
2021-04-30,633099.0,1324164,1957263.0,"Moderna, Pfizer/BioNTech",Denmark,https://covid19.ssi.dk/overvagningsdata/download-fil-med-vaccinationsdata
2021-05-01,639209.0,1331475,1970684.0,"Moderna, Pfizer/BioNTech",Denmark,https://covid19.ssi.dk/overvagningsdata/download-fil-med-vaccinationsdata
2021-05-02,652966.0,1348113,2001079.0,"Moderna, Pfizer/BioNTech",Denmark,https://covid19.ssi.dk/overvagningsdata/download-fil-med-vaccinationsdata
2021-05-03,698556.0,1368539,2067095.0,"Moderna, Pfizer/BioNTech",Denmark,https://covid19.ssi.dk/overvagningsdata/download-fil-med-vaccinationsdata
2021-05-04,723276.0,1396158,2119434.0,"Moderna, Pfizer/BioNTech",Denmark,https://covid19.ssi.dk/overvagningsdata/download-fil-med-vaccinationsdata
2021-05-05,752474.0,1422942,2175416.0,"Moderna, Pfizer/BioNTech",Denmark,https://covid19.ssi.dk/overvagningsdata/download-fil-med-vaccinationsdata
2021-05-06,777989.0,1444462,2222451.0,"Moderna, Pfizer/BioNTech",Denmark,https://covid19.ssi.dk/overvagningsdata/download-fil-med-vaccinationsdata
2021-05-07,802540.0,1460937,2263477.0,"Moderna, Pfizer/BioNTech",Denmark,https://covid19.ssi.dk/overvagningsdata/download-fil-med-vaccinationsdata
2021-05-08,833314.0,1470402,2303716.0,"Moderna, Pfizer/BioNTech",Denmark,https://covid19.ssi.dk/overvagningsdata/download-fil-med-vaccinationsdata
2021-05-09,849981.0,1486314,2372171.0,"Moderna, Pfizer/BioNTech",Denmark,https://covid19.ssi.dk/overvagningsdata/download-fil-med-vaccinationsdata
2021-05-10,886058.0,1512854,2434266.0,"Moderna, Pfizer/BioNTech",Denmark,https://covid19.ssi.dk/overvagningsdata/download-fil-med-vaccinationsdata
2021-05-11,912271.0,1542531,2490079.0,"Moderna, Pfizer/BioNTech",Denmark,https://covid19.ssi.dk/overvagningsdata/download-fil-med-vaccinationsdata
2021-05-12,939236.0,1568692,2543360.0,"Moderna, Pfizer/BioNTech",Denmark,https://covid19.ssi.dk/overvagningsdata/download-fil-med-vaccinationsdata
2021-05-13,958908.0,1588384,2582660.0,"Moderna, Pfizer/BioNTech",Denmark,https://covid19.ssi.dk/overvagningsdata/download-fil-med-vaccinationsdata
2021-05-14,989657.0,1608966,2633926.0,"Moderna, Pfizer/BioNTech",Denmark,https://covid19.ssi.dk/overvagningsdata/download-fil-med-vaccinationsdata
2021-05-15,1009069.0,1624380,2668751.0,"Moderna, Pfizer/BioNTech",Denmark,https://covid19.ssi.dk/overvagningsdata/download-fil-med-vaccinationsdata
2021-05-16,1023131.0,1644337,2702838.0,"Moderna, Pfizer/BioNTech",Denmark,https://covid19.ssi.dk/overvagningsdata/download-fil-med-vaccinationsdata
2021-05-17,1053231.0,1675366,2763332.0,"Moderna, Pfizer/BioNTech",Denmark,https://covid19.ssi.dk/overvagningsdata/download-fil-med-vaccinationsdata
2021-05-18,1083977.0,1704940,2823828.0,"Moderna, Pfizer/BioNTech",Denmark,https://covid19.ssi.dk/overvagningsdata/download-fil-med-vaccinationsdata
2021-05-19,1106567.0,1736668,2878240.0,"Moderna, Pfizer/BioNTech",Denmark,https://covid19.ssi.dk/overvagningsdata/download-fil-med-vaccinationsdata
2021-05-20,1128891.0,1769102,2897993.0,"Moderna, Pfizer/BioNTech",Denmark,https://covid19.ssi.dk/overvagningsdata/download-fil-med-vaccinationsdata
2021-05-21,1148150.0,1804364,2936637.0,"Moderna, Pfizer/BioNTech",Denmark,https://covid19.ssi.dk/overvagningsdata/download-fil-med-vaccinationsdata
2021-05-22,1160038.0,1830295,3025072.0,"Moderna, Pfizer/BioNTech",Denmark,https://covid19.ssi.dk/overvagningsdata/download-fil-med-vaccinationsdata
2021-05-23,1166234.0,1852859,3053754.0,"Moderna, Pfizer/BioNTech",Denmark,https://covid19.ssi.dk/overvagningsdata/download-fil-med-vaccinationsdata
2021-05-24,1175954.0,1876277,3086841.0,"Moderna, Pfizer/BioNTech",Denmark,https://covid19.ssi.dk/overvagningsdata/download-fil-med-vaccinationsdata
2021-05-25,1188844.0,1919715,3142500.0,"Moderna, Pfizer/BioNTech",Denmark,https://covid19.ssi.dk/overvagningsdata/download-fil-med-vaccinationsdata
2021-05-26,1200975.0,1967095,3202272.0,"Moderna, Pfizer/BioNTech",Denmark,https://covid19.ssi.dk/overvagningsdata/download-fil-med-vaccinationsdata
2021-05-27,1213384.0,2016402,3263722.0,"Johnson&Johnson, Moderna, Pfizer/BioNTech",Denmark,https://covid19.ssi.dk/overvagningsdata/download-fil-med-vaccinationsdata
2021-05-28,1223125.0,2057401,3314281.0,"Johnson&Johnson, Moderna, Pfizer/BioNTech",Denmark,https://covid19.ssi.dk/overvagningsdata/download-fil-med-vaccinationsdata
2021-05-29,1228369.0,2087207,,"Johnson&Johnson, Moderna, Pfizer/BioNTech",Denmark,https://covid19.ssi.dk/overvagningsdata/download-fil-med-vaccinationsdata
2021-05-30,1235337.0,2113019,3348871.0,"Johnson&Johnson, Moderna, Pfizer/BioNTech",Denmark,https://covid19.ssi.dk/overvagningsdata/download-fil-med-vaccinationsdata
2021-05-31,1256818.0,2149137,3438466.0,"Johnson&Johnson, Moderna, Pfizer/BioNTech",Denmark,https://covid19.ssi.dk/overvagningsdata/download-fil-med-vaccinationsdata
2021-06-01,1274482.0,2188866,3495075.0,"Johnson&Johnson, Moderna, Pfizer/BioNTech",Denmark,https://covid19.ssi.dk/overvagningsdata/download-fil-med-vaccinationsdata
2021-06-02,1291848.0,2231484,3554231.0,"Johnson&Johnson, Moderna, Pfizer/BioNTech",Denmark,https://covid19.ssi.dk/overvagningsdata/download-fil-med-vaccinationsdata
2021-06-03,1315541.0,2267680,3612098.0,"Johnson&Johnson, Moderna, Pfizer/BioNTech",Denmark,https://covid19.ssi.dk/overvagningsdata/download-fil-med-vaccinationsdata
2021-06-04,1329808.0,2309037,,"Johnson&Johnson, Moderna, Pfizer/BioNTech",Denmark,https://covid19.ssi.dk/overvagningsdata/download-fil-med-vaccinationsdata
2021-06-05,1337303.0,2343973,3665526.0,"Johnson&Johnson, Moderna, Pfizer/BioNTech",Denmark,https://covid19.ssi.dk/overvagningsdata/download-fil-med-vaccinationsdata
2021-06-06,1352415.0,2373921,3749225.0,"Johnson&Johnson, Moderna, Pfizer/BioNTech",Denmark,https://covid19.ssi.dk/overvagningsdata/download-fil-med-vaccinationsdata
2021-06-07,1374225.0,2427480,3820991.0,"Johnson&Johnson, Moderna, Pfizer/BioNTech",Denmark,https://covid19.ssi.dk/overvagningsdata/download-fil-med-vaccinationsdata
2021-06-08,1398857.0,2480959,3896573.0,"Johnson&Johnson, Moderna, Pfizer/BioNTech",Denmark,https://covid19.ssi.dk/overvagningsdata/download-fil-med-vaccinationsdata
2021-06-09,1423065.0,2533714,3972034.0,"Johnson&Johnson, Moderna, Pfizer/BioNTech",Denmark,https://covid19.ssi.dk/overvagningsdata/download-fil-med-vaccinationsdata
2021-06-10,1440550.0,2592531,4045284.0,"Johnson&Johnson, Moderna, Pfizer/BioNTech",Denmark,https://covid19.ssi.dk/overvagningsdata/download-fil-med-vaccinationsdata
2021-06-11,1458848.0,2640944,4109035.0,"Johnson&Johnson, Moderna, Pfizer/BioNTech",Denmark,https://covid19.ssi.dk/overvagningsdata/download-fil-med-vaccinationsdata
2021-06-12,1471707.0,2674437,,"Johnson&Johnson, Moderna, Pfizer/BioNTech",Denmark,https://covid19.ssi.dk/overvagningsdata/download-fil-med-vaccinationsdata
2021-06-13,1485043.0,2707979,4152819.0,"Johnson&Johnson, Moderna, Pfizer/BioNTech",Denmark,https://covid19.ssi.dk/overvagningsdata/download-fil-med-vaccinationsdata
2021-06-14,1507101.0,2760404,4267769.0,"Johnson&Johnson, Moderna, Pfizer/BioNTech",Denmark,https://covid19.ssi.dk/overvagningsdata/download-fil-med-vaccinationsdata
2021-06-15,1525712.0,2820694,4345062.0,"Johnson&Johnson, Moderna, Pfizer/BioNTech",Denmark,https://covid19.ssi.dk/overvagningsdata/download-fil-med-vaccinationsdata
2021-06-16,1551675.0,2872526,,"Johnson&Johnson, Moderna, Pfizer/BioNTech",Denmark,https://covid19.ssi.dk/overvagningsdata/download-fil-med-vaccinationsdata
2021-06-17,1573295.0,2923472,4427939.0,"Johnson&Johnson, Moderna, Pfizer/BioNTech",Denmark,https://covid19.ssi.dk/overvagningsdata/download-fil-med-vaccinationsdata
2021-06-18,1600481.0,2958344,,"Johnson&Johnson, Moderna, Pfizer/BioNTech",Denmark,https://covid19.ssi.dk/overvagningsdata/download-fil-med-vaccinationsdata
2021-06-19,1618503.0,2982014,4554158.0,"Johnson&Johnson, Moderna, Pfizer/BioNTech",Denmark,https://covid19.ssi.dk/overvagningsdata/download-fil-med-vaccinationsdata
2021-06-20,1634207.0,3011107,4611850.0,"Johnson&Johnson, Moderna, Pfizer/BioNTech",Denmark,https://covid19.ssi.dk/overvagningsdata/download-fil-med-vaccinationsdata
2021-06-21,1660205.0,3050504,4703566.0,"Johnson&Johnson, Moderna, Pfizer/BioNTech",Denmark,https://covid19.ssi.dk/overvagningsdata/download-fil-med-vaccinationsdata
2021-06-22,1687289.0,3096859,4776243.0,"Johnson&Johnson, Moderna, Pfizer/BioNTech",Denmark,https://covid19.ssi.dk/overvagningsdata/download-fil-med-vaccinationsdata
2021-06-23,1719903.0,3135225,4846625.0,"Johnson&Johnson, Moderna, Pfizer/BioNTech",Denmark,https://covid19.ssi.dk/overvagningsdata/download-fil-med-vaccinationsdata
2021-06-24,1754373.0,3168983,4913766.0,"Johnson&Johnson, Moderna, Pfizer/BioNTech",Denmark,https://covid19.ssi.dk/overvagningsdata/download-fil-med-vaccinationsdata
2021-06-25,1787132.0,3198051,4975336.0,"Johnson&Johnson, Moderna, Pfizer/BioNTech",Denmark,https://covid19.ssi.dk/overvagningsdata/download-fil-med-vaccinationsdata
2021-06-26,1809692.0,3217060,5016668.0,"Johnson&Johnson, Moderna, Pfizer/BioNTech",Denmark,https://covid19.ssi.dk/overvagningsdata/download-fil-med-vaccinationsdata
2021-06-27,1833940.0,3233172,5056765.0,"Johnson&Johnson, Moderna, Pfizer/BioNTech",Denmark,https://covid19.ssi.dk/overvagningsdata/download-fil-med-vaccinationsdata
2021-06-28,1868239.0,3263700,5120632.0,"Johnson&Johnson, Moderna, Pfizer/BioNTech",Denmark,https://covid19.ssi.dk/overvagningsdata/download-fil-med-vaccinationsdata
2021-06-29,1910463.0,3294192,5192820.0,"Johnson&Johnson, Moderna, Pfizer/BioNTech",Denmark,https://covid19.ssi.dk/overvagningsdata/download-fil-med-vaccinationsdata
2021-06-30,1949056.0,3326936,5263677.0,"Johnson&Johnson, Moderna, Pfizer/BioNTech",Denmark,https://covid19.ssi.dk/overvagningsdata/download-fil-med-vaccinationsdata
2021-07-01,1989690.0,3358622,5335577.0,"Johnson&Johnson, Moderna, Pfizer/BioNTech",Denmark,https://covid19.ssi.dk/overvagningsdata/download-fil-med-vaccinationsdata
2021-07-02,2033741.0,3378202,5398716.0,"Johnson&Johnson, Moderna, Pfizer/BioNTech",Denmark,https://covid19.ssi.dk/overvagningsdata/download-fil-med-vaccinationsdata
2021-07-03,2066439.0,3389769,5442863.0,"Johnson&Johnson, Moderna, Pfizer/BioNTech",Denmark,https://covid19.ssi.dk/overvagningsdata/download-fil-med-vaccinationsdata
2021-07-04,2095769.0,3402585,5484919.0,"Johnson&Johnson, Moderna, Pfizer/BioNTech",Denmark,https://covid19.ssi.dk/overvagningsdata/download-fil-med-vaccinationsdata
2021-07-05,2138839.0,3435093,5559851.0,"Johnson&Johnson, Moderna, Pfizer/BioNTech",Denmark,https://covid19.ssi.dk/overvagningsdata/download-fil-med-vaccinationsdata
2021-07-06,2181150.0,3475304,,"Johnson&Johnson, Moderna, Pfizer/BioNTech",Denmark,https://covid19.ssi.dk/overvagningsdata/download-fil-med-vaccinationsdata
2021-07-07,2220808.0,3521692,5642905.0,"Johnson&Johnson, Moderna, Pfizer/BioNTech",Denmark,https://covid19.ssi.dk/overvagningsdata/download-fil-med-vaccinationsdata
2021-07-08,2257696.0,3568882,5812028.0,"Johnson&Johnson, Moderna, Pfizer/BioNTech",Denmark,https://covid19.ssi.dk/overvagningsdata/download-fil-med-vaccinationsdata
2021-07-09,2290903.0,3613950,5890105.0,"Johnson&Johnson, Moderna, Pfizer/BioNTech",Denmark,https://covid19.ssi.dk/overvagningsdata/download-fil-med-vaccinationsdata
2021-07-10,2312674.0,3644714,5942561.0,"Johnson&Johnson, Moderna, Pfizer/BioNTech",Denmark,https://covid19.ssi.dk/overvagningsdata/download-fil-med-vaccinationsdata
2021-07-11,2334685.0,3679347,5999248.0,"Johnson&Johnson, Moderna, Pfizer/BioNTech",Denmark,https://covid19.ssi.dk/overvagningsdata/download-fil-med-vaccinationsdata
2021-07-12,2389221.0,3714856,,"Johnson&Johnson, Moderna, Pfizer/BioNTech",Denmark,https://covid19.ssi.dk/overvagningsdata/download-fil-med-vaccinationsdata
2021-07-13,2438883.0,3755608,6088821.0,"Johnson&Johnson, Moderna, Pfizer/BioNTech",Denmark,https://covid19.ssi.dk/overvagningsdata/download-fil-med-vaccinationsdata
2021-07-14,2483611.0,3798697,6266892.0,"Johnson&Johnson, Moderna, Pfizer/BioNTech",Denmark,https://covid19.ssi.dk/overvagningsdata/download-fil-med-vaccinationsdata
2021-07-15,2537109.0,3831812,,"Johnson&Johnson, Moderna, Pfizer/BioNTech",Denmark,https://covid19.ssi.dk/overvagningsdata/download-fil-med-vaccinationsdata
2021-07-16,2580590.0,3861898,6353144.0,"Johnson&Johnson, Moderna, Pfizer/BioNTech",Denmark,https://covid19.ssi.dk/overvagningsdata/download-fil-med-vaccinationsdata
2021-07-17,2606992.0,3886300,6477508.0,"Johnson&Johnson, Moderna, Pfizer/BioNTech",Denmark,https://covid19.ssi.dk/overvagningsdata/download-fil-med-vaccinationsdata
2021-07-18,2640886.0,3906692,,"Johnson&Johnson, Moderna, Pfizer/BioNTech",Denmark,https://covid19.ssi.dk/overvagningsdata/download-fil-med-vaccinationsdata
2021-07-19,2695453.0,3939288,6531932.0,"Johnson&Johnson, Moderna, Pfizer/BioNTech",Denmark,https://covid19.ssi.dk/overvagningsdata/download-fil-med-vaccinationsdata
2021-07-20,2751928.0,3972339,6707916.0,"Johnson&Johnson, Moderna, Pfizer/BioNTech",Denmark,https://covid19.ssi.dk/overvagningsdata/download-fil-med-vaccinationsdata
2021-07-21,2806999.0,4002445,6792878.0,"Johnson&Johnson, Moderna, Pfizer/BioNTech",Denmark,https://covid19.ssi.dk/overvagningsdata/download-fil-med-vaccinationsdata
2021-07-22,2858740.0,4026827,6868767.0,"Johnson&Johnson, Moderna, Pfizer/BioNTech",Denmark,https://covid19.ssi.dk/overvagningsdata/download-fil-med-vaccinationsdata
2021-07-23,2902370.0,4051627,6937158.0,"Johnson&Johnson, Moderna, Pfizer/BioNTech",Denmark,https://covid19.ssi.dk/overvagningsdata/download-fil-med-vaccinationsdata
2021-07-24,2926057.0,4069230,,"Johnson&Johnson, Moderna, Pfizer/BioNTech",Denmark,https://covid19.ssi.dk/overvagningsdata/download-fil-med-vaccinationsdata
2021-07-25,2957607.0,4082657,6978645.0,"Johnson&Johnson, Moderna, Pfizer/BioNTech",Denmark,https://covid19.ssi.dk/overvagningsdata/download-fil-med-vaccinationsdata
2021-07-26,2999646.0,4107701,7090073.0,"Johnson&Johnson, Moderna, Pfizer/BioNTech",Denmark,https://covid19.ssi.dk/overvagningsdata/download-fil-med-vaccinationsdata
2021-07-27,3044432.0,4130837,,"Johnson&Johnson, Moderna, Pfizer/BioNTech",Denmark,https://covid19.ssi.dk/overvagningsdata/download-fil-med-vaccinationsdata
2021-07-28,3087717.0,4149874,7157842.0,"Johnson&Johnson, Moderna, Pfizer/BioNTech",Denmark,https://covid19.ssi.dk/overvagningsdata/download-fil-med-vaccinationsdata
2021-07-29,3126741.0,4168733,7277777.0,"Johnson&Johnson, Moderna, Pfizer/BioNTech",Denmark,https://covid19.ssi.dk/overvagningsdata/download-fil-med-vaccinationsdata
2021-07-30,3161516.0,4182973,7326543.0,"Johnson&Johnson, Moderna, Pfizer/BioNTech",Denmark,https://covid19.ssi.dk/overvagningsdata/download-fil-med-vaccinationsdata
2021-07-31,3181545.0,4189461,7353133.0,"Johnson&Johnson, Moderna, Pfizer/BioNTech",Denmark,https://covid19.ssi.dk/overvagningsdata/download-fil-med-vaccinationsdata
2021-08-01,3200738.0,4198289,7381165.0,"Johnson&Johnson, Moderna, Pfizer/BioNTech",Denmark,https://covid19.ssi.dk/overvagningsdata/download-fil-med-vaccinationsdata
2021-08-02,3241388.0,4214658,7437151.0,"Johnson&Johnson, Moderna, Pfizer/BioNTech",Denmark,https://covid19.ssi.dk/overvagningsdata/download-fil-med-vaccinationsdata
2021-08-03,3284450.0,4228197,7493625.0,"Johnson&Johnson, Moderna, Pfizer/BioNTech",Denmark,https://covid19.ssi.dk/overvagningsdata/download-fil-med-vaccinationsdata
2021-08-04,3328997.0,4239647,7549532.0,"Johnson&Johnson, Moderna, Pfizer/BioNTech",Denmark,https://covid19.ssi.dk/overvagningsdata/download-fil-med-vaccinationsdata
2021-08-05,3368868.0,4251141,7600721.0,"Johnson&Johnson, Moderna, Pfizer/BioNTech",Denmark,https://covid19.ssi.dk/overvagningsdata/download-fil-med-vaccinationsdata
2021-08-06,3408821.0,4261131,7650641.0,"Johnson&Johnson, Moderna, Pfizer/BioNTech",Denmark,https://covid19.ssi.dk/overvagningsdata/download-fil-med-vaccinationsdata
2021-08-07,3435755.0,4268885,7685348.0,"Johnson&Johnson, Moderna, Pfizer/BioNTech",Denmark,https://covid19.ssi.dk/overvagningsdata/download-fil-med-vaccinationsdata
2021-08-08,3471629.0,4273002,7725456.0,"Johnson&Johnson, Moderna, Pfizer/BioNTech",Denmark,https://covid19.ssi.dk/overvagningsdata/download-fil-med-vaccinationsdata
2021-08-09,3527023.0,4283023,,"Johnson&Johnson, Moderna, Pfizer/BioNTech",Denmark,https://covid19.ssi.dk/overvagningsdata/download-fil-med-vaccinationsdata
2021-08-10,3581724.0,4292941,7790238.0,"Johnson&Johnson, Moderna, Pfizer/BioNTech",Denmark,https://covid19.ssi.dk/overvagningsdata/download-fil-med-vaccinationsdata
2021-08-11,3639224.0,4299194,7918713.0,"Johnson&Johnson, Moderna, Pfizer/BioNTech",Denmark,https://covid19.ssi.dk/overvagningsdata/download-fil-med-vaccinationsdata
2021-08-12,3689314.0,4305209,7974868.0,"Johnson&Johnson, Moderna, Pfizer/BioNTech",Denmark,https://covid19.ssi.dk/overvagningsdata/download-fil-med-vaccinationsdata
2021-08-13,3736185.0,4311653,8028257.0,"Johnson&Johnson, Moderna, Pfizer/BioNTech",Denmark,https://covid19.ssi.dk/overvagningsdata/download-fil-med-vaccinationsdata
2021-08-14,3771485.0,4315984,8068015.0,"Johnson&Johnson, Moderna, Pfizer/BioNTech",Denmark,https://covid19.ssi.dk/overvagningsdata/download-fil-med-vaccinationsdata
2021-08-15,3808919.0,4320494,8110049.0,"Johnson&Johnson, Moderna, Pfizer/BioNTech",Denmark,https://covid19.ssi.dk/overvagningsdata/download-fil-med-vaccinationsdata
2021-08-16,3853957.0,4327758,8161508.0,"Johnson&Johnson, Moderna, Pfizer/BioNTech",Denmark,https://covid19.ssi.dk/overvagningsdata/download-fil-med-vaccinationsdata
2021-08-17,3891642.0,4334932,8206273.0,"Johnson&Johnson, Moderna, Pfizer/BioNTech",Denmark,https://covid19.ssi.dk/overvagningsdata/download-fil-med-vaccinationsdata
2021-08-18,3928239.0,4340496,8248309.0,"Johnson&Johnson, Moderna, Pfizer/BioNTech",Denmark,https://covid19.ssi.dk/overvagningsdata/download-fil-med-vaccinationsdata
2021-08-19,3954739.0,4346687,8280915.0,"Johnson&Johnson, Moderna, Pfizer/BioNTech",Denmark,https://covid19.ssi.dk/overvagningsdata/download-fil-med-vaccinationsdata
2021-08-20,3983495.0,4351651,8314404.0,"Johnson&Johnson, Moderna, Pfizer/BioNTech",Denmark,https://covid19.ssi.dk/overvagningsdata/download-fil-med-vaccinationsdata
2021-08-21,4003185.0,4356191,8338662.0,"Johnson&Johnson, Moderna, Pfizer/BioNTech",Denmark,https://covid19.ssi.dk/overvagningsdata/download-fil-med-vaccinationsdata
2021-08-22,4019362.0,4359231,8357922.0,"Johnson&Johnson, Moderna, Pfizer/BioNTech",Denmark,https://covid19.ssi.dk/overvagningsdata/download-fil-med-vaccinationsdata
2021-08-23,4049737.0,4364905,8393448.0,"Johnson&Johnson, Moderna, Pfizer/BioNTech",Denmark,https://covid19.ssi.dk/overvagningsdata/download-fil-med-vaccinationsdata
2021-08-24,4078424.0,4370725,8427690.0,"Johnson&Johnson, Moderna, Pfizer/BioNTech",Denmark,https://covid19.ssi.dk/overvagningsdata/download-fil-med-vaccinationsdata
2021-08-25,4097188.0,4375686,8451189.0,"Johnson&Johnson, Moderna, Pfizer/BioNTech",Denmark,https://covid19.ssi.dk/overvagningsdata/download-fil-med-vaccinationsdata
2021-08-26,4115604.0,4380179,8473911.0,"Johnson&Johnson, Moderna, Pfizer/BioNTech",Denmark,https://covid19.ssi.dk/overvagningsdata/download-fil-med-vaccinationsdata
2021-08-27,4135997.0,4384819,8498688.0,"Johnson&Johnson, Moderna, Pfizer/BioNTech",Denmark,https://covid19.ssi.dk/overvagningsdata/download-fil-med-vaccinationsdata
2021-08-28,4146030.0,4387533,8511443.0,"Johnson&Johnson, Moderna, Pfizer/BioNTech",Denmark,https://covid19.ssi.dk/overvagningsdata/download-fil-med-vaccinationsdata
2021-08-29,4157765.0,4389940,8525591.0,"Johnson&Johnson, Moderna, Pfizer/BioNTech",Denmark,https://covid19.ssi.dk/overvagningsdata/download-fil-med-vaccinationsdata
2021-08-30,4182323.0,4394041,8553341.0,"Johnson&Johnson, Moderna, Pfizer/BioNTech",Denmark,https://covid19.ssi.dk/overvagningsdata/download-fil-med-vaccinationsdata
2021-08-31,4199455.0,4397710,8573813.0,"Johnson&Johnson, Moderna, Pfizer/BioNTech",Denmark,https://covid19.ssi.dk/overvagningsdata/download-fil-med-vaccinationsdata
2021-09-01,4210047.0,4400688,8586828.0,"Johnson&Johnson, Moderna, Pfizer/BioNTech",Denmark,https://covid19.ssi.dk/overvagningsdata/download-fil-med-vaccinationsdata
2021-09-02,4220130.0,4403602,8599498.0,"Johnson&Johnson, Moderna, Pfizer/BioNTech",Denmark,https://covid19.ssi.dk/overvagningsdata/download-fil-med-vaccinationsdata
2021-09-03,4228983.0,4406264,8610704.0,"Johnson&Johnson, Moderna, Pfizer/BioNTech",Denmark,https://covid19.ssi.dk/overvagningsdata/download-fil-med-vaccinationsdata
2021-09-04,4236262.0,4408097,8619849.0,"Johnson&Johnson, Moderna, Pfizer/BioNTech",Denmark,https://covid19.ssi.dk/overvagningsdata/download-fil-med-vaccinationsdata
2021-09-05,4242236.0,4410207,8627954.0,"Johnson&Johnson, Moderna, Pfizer/BioNTech",Denmark,https://covid19.ssi.dk/overvagningsdata/download-fil-med-vaccinationsdata
2021-09-06,4251658.0,4412362,8638495.0,"Johnson&Johnson, Moderna, Pfizer/BioNTech",Denmark,https://covid19.ssi.dk/overvagningsdata/download-fil-med-vaccinationsdata
2021-09-07,4259660.0,4414606,,"Johnson&Johnson, Moderna, Pfizer/BioNTech",Denmark,https://covid19.ssi.dk/overvagningsdata/download-fil-med-vaccinationsdata
2021-09-08,4266487.0,4416917,8648547.0,"Johnson&Johnson, Moderna, Pfizer/BioNTech",Denmark,https://covid19.ssi.dk/overvagningsdata/download-fil-med-vaccinationsdata
2021-09-09,4272687.0,4418864,8665167.0,"Johnson&Johnson, Moderna, Pfizer/BioNTech",Denmark,https://covid19.ssi.dk/overvagningsdata/download-fil-med-vaccinationsdata
2021-09-10,4280242.0,4421002,8674574.0,"Johnson&Johnson, Moderna, Pfizer/BioNTech",Denmark,https://covid19.ssi.dk/overvagningsdata/download-fil-med-vaccinationsdata
2021-09-11,4286024.0,4422827,8682198.0,"Johnson&Johnson, Moderna, Pfizer/BioNTech",Denmark,https://covid19.ssi.dk/overvagningsdata/download-fil-med-vaccinationsdata
2021-09-12,4290929.0,4424180,8688480.0,"Johnson&Johnson, Moderna, Pfizer/BioNTech",Denmark,https://covid19.ssi.dk/overvagningsdata/download-fil-med-vaccinationsdata
2021-09-13,4297658.0,4426088,8696153.0,"Johnson&Johnson, Moderna, Pfizer/BioNTech",Denmark,https://covid19.ssi.dk/overvagningsdata/download-fil-med-vaccinationsdata
2021-09-14,4303180.0,4427881,8703120.0,"Johnson&Johnson, Moderna, Pfizer/BioNTech",Denmark,https://covid19.ssi.dk/overvagningsdata/download-fil-med-vaccinationsdata
2021-09-15,4308876.0,4429626,8710342.0,"Johnson&Johnson, Moderna, Pfizer/BioNTech",Denmark,https://covid19.ssi.dk/overvagningsdata/download-fil-med-vaccinationsdata
2021-09-16,4313580.0,4431280,8716356.0,"Johnson&Johnson, Moderna, Pfizer/BioNTech",Denmark,https://covid19.ssi.dk/overvagningsdata/download-fil-med-vaccinationsdata
2021-09-17,4318495.0,4432891,8722656.0,"Johnson&Johnson, Moderna, Pfizer/BioNTech",Denmark,https://covid19.ssi.dk/overvagningsdata/download-fil-med-vaccinationsdata
2021-09-18,4322175.0,4434014,8727463.0,"Johnson&Johnson, Moderna, Pfizer/BioNTech",Denmark,https://covid19.ssi.dk/overvagningsdata/download-fil-med-vaccinationsdata
2021-09-19,4325267.0,4435017,8731553.0,"Johnson&Johnson, Moderna, Pfizer/BioNTech",Denmark,https://covid19.ssi.dk/overvagningsdata/download-fil-med-vaccinationsdata
2021-09-20,4331484.0,4436752,8738570.0,"Johnson&Johnson, Moderna, Pfizer/BioNTech",Denmark,https://covid19.ssi.dk/overvagningsdata/download-fil-med-vaccinationsdata
2021-09-21,4336151.0,4438214,8744427.0,"Johnson&Johnson, Moderna, Pfizer/BioNTech",Denmark,https://covid19.ssi.dk/overvagningsdata/download-fil-med-vaccinationsdata
2021-09-22,4340153.0,4439694,8749620.0,"Johnson&Johnson, Moderna, Pfizer/BioNTech",Denmark,https://covid19.ssi.dk/overvagningsdata/download-fil-med-vaccinationsdata
2021-09-23,4343668.0,4440888,8754137.0,"Johnson&Johnson, Moderna, Pfizer/BioNTech",Denmark,https://covid19.ssi.dk/overvagningsdata/download-fil-med-vaccinationsdata
2021-09-24,4347232.0,4442066,,"Johnson&Johnson, Moderna, Pfizer/BioNTech",Denmark,https://covid19.ssi.dk/overvagningsdata/download-fil-med-vaccinationsdata
2021-09-25,4349555.0,4442958,,"Johnson&Johnson, Moderna, Pfizer/BioNTech",Denmark,https://covid19.ssi.dk/overvagningsdata/download-fil-med-vaccinationsdata
2021-09-26,4352343.0,4443786,8765351.0,"Johnson&Johnson, Moderna, Pfizer/BioNTech",Denmark,https://covid19.ssi.dk/overvagningsdata/download-fil-med-vaccinationsdata
2021-09-27,4355656.0,4444883,8769088.0,"Johnson&Johnson, Moderna, Pfizer/BioNTech",Denmark,https://covid19.ssi.dk/overvagningsdata/download-fil-med-vaccinationsdata
2021-09-28,4359026.0,4446098,8773228.0,"Johnson&Johnson, Moderna, Pfizer/BioNTech",Denmark,https://covid19.ssi.dk/overvagningsdata/download-fil-med-vaccinationsdata
2021-09-29,4362339.0,4447367,8777556.0,"Johnson&Johnson, Moderna, Pfizer/BioNTech",Denmark,https://covid19.ssi.dk/overvagningsdata/download-fil-med-vaccinationsdata
2021-09-30,4364939.0,4448469,8780826.0,"Johnson&Johnson, Moderna, Pfizer/BioNTech",Denmark,https://covid19.ssi.dk/overvagningsdata/download-fil-med-vaccinationsdata
2021-10-01,4367417.0,4449496,,"Johnson&Johnson, Moderna, Pfizer/BioNTech",Denmark,https://covid19.ssi.dk/overvagningsdata/download-fil-med-vaccinationsdata
2021-10-02,4369004.0,4450204,,"Johnson&Johnson, Moderna, Pfizer/BioNTech",Denmark,https://covid19.ssi.dk/overvagningsdata/download-fil-med-vaccinationsdata
2021-10-03,4370133.0,4450645,8787749.0,"Johnson&Johnson, Moderna, Pfizer/BioNTech",Denmark,https://covid19.ssi.dk/overvagningsdata/download-fil-med-vaccinationsdata
2021-10-04,4371777.0,4451422,8789129.0,"Johnson&Johnson, Moderna, Pfizer/BioNTech",Denmark,https://covid19.ssi.dk/overvagningsdata/download-fil-med-vaccinationsdata
2021-10-05,4374118.0,4452615,8792456.0,"Johnson&Johnson, Moderna, Pfizer/BioNTech",Denmark,https://covid19.ssi.dk/overvagningsdata/download-fil-med-vaccinationsdata
2021-10-06,4376506.0,4453964,8795829.0,"Johnson&Johnson, Moderna, Pfizer/BioNTech",Denmark,https://covid19.ssi.dk/overvagningsdata/download-fil-med-vaccinationsdata
2021-10-07,4378314.0,4454873,8797923.0,"Johnson&Johnson, Moderna, Pfizer/BioNTech",Denmark,https://covid19.ssi.dk/overvagningsdata/download-fil-med-vaccinationsdata
2021-10-08,4380303.0,4455952,,"Johnson&Johnson, Moderna, Pfizer/BioNTech",Denmark,https://covid19.ssi.dk/overvagningsdata/download-fil-med-vaccinationsdata
2021-10-09,4381971.0,4456688,,"Johnson&Johnson, Moderna, Pfizer/BioNTech",Denmark,https://covid19.ssi.dk/overvagningsdata/download-fil-med-vaccinationsdata
2021-10-10,4382807.0,4457126,8804552.0,"Johnson&Johnson, Moderna, Pfizer/BioNTech",Denmark,https://covid19.ssi.dk/overvagningsdata/download-fil-med-vaccinationsdata
2021-10-11,4384189.0,4457881,8805724.0,"Johnson&Johnson, Moderna, Pfizer/BioNTech",Denmark,https://covid19.ssi.dk/overvagningsdata/download-fil-med-vaccinationsdata
2021-10-12,4386458.0,4459033,8808728.0,"Johnson&Johnson, Moderna, Pfizer/BioNTech",Denmark,https://covid19.ssi.dk/overvagningsdata/download-fil-med-vaccinationsdata
2021-10-13,4388441.0,4460162,8811494.0,"Johnson&Johnson, Moderna, Pfizer/BioNTech",Denmark,https://covid19.ssi.dk/overvagningsdata/download-fil-med-vaccinationsdata
2021-10-14,4390083.0,4461000,8813691.0,"Johnson&Johnson, Moderna, Pfizer/BioNTech",Denmark,https://covid19.ssi.dk/overvagningsdata/download-fil-med-vaccinationsdata
2021-10-15,4391813.0,4462050,,"Johnson&Johnson, Moderna, Pfizer/BioNTech",Denmark,https://covid19.ssi.dk/overvagningsdata/download-fil-med-vaccinationsdata
2021-10-16,4392869.0,4462718,,"Johnson&Johnson, Moderna, Pfizer/BioNTech",Denmark,https://covid19.ssi.dk/overvagningsdata/download-fil-med-vaccinationsdata
2021-10-17,4393574.0,4463078,8818910.0,"Johnson&Johnson, Moderna, Pfizer/BioNTech",Denmark,https://covid19.ssi.dk/overvagningsdata/download-fil-med-vaccinationsdata
2021-10-18,4394612.0,4463866,,"Johnson&Johnson, Moderna, Pfizer/BioNTech",Denmark,https://covid19.ssi.dk/overvagningsdata/download-fil-med-vaccinationsdata
2021-10-19,4396268.0,4465009,8822233.0,"Johnson&Johnson, Moderna, Pfizer/BioNTech",Denmark,https://covid19.ssi.dk/overvagningsdata/download-fil-med-vaccinationsdata
2021-10-20,4397827.0,4466202,8825054.0,"Johnson&Johnson, Moderna, Pfizer/BioNTech",Denmark,https://covid19.ssi.dk/overvagningsdata/download-fil-med-vaccinationsdata
2021-10-21,4399100.0,4467340,8827168.0,"Johnson&Johnson, Moderna, Pfizer/BioNTech",Denmark,https://covid19.ssi.dk/overvagningsdata/download-fil-med-vaccinationsdata
2021-10-22,4400488.0,4468570,,"Johnson&Johnson, Moderna, Pfizer/BioNTech",Denmark,https://covid19.ssi.dk/overvagningsdata/download-fil-med-vaccinationsdata
2021-10-23,4401456.0,4469241,,"Johnson&Johnson, Moderna, Pfizer/BioNTech",Denmark,https://covid19.ssi.dk/overvagningsdata/download-fil-med-vaccinationsdata
2021-10-24,4402035.0,4469768,8832171.0,"Johnson&Johnson, Moderna, Pfizer/BioNTech",Denmark,https://covid19.ssi.dk/overvagningsdata/download-fil-med-vaccinationsdata
2021-10-25,4403255.0,4470890,8833610.0,"Johnson&Johnson, Moderna, Pfizer/BioNTech",Denmark,https://covid19.ssi.dk/overvagningsdata/download-fil-med-vaccinationsdata
2021-10-26,4404894.0,4472450,8836489.0,"Johnson&Johnson, Moderna, Pfizer/BioNTech",Denmark,https://covid19.ssi.dk/overvagningsdata/download-fil-med-vaccinationsdata
2021-10-27,4406616.0,4474187,8839674.0,"Johnson&Johnson, Moderna, Pfizer/BioNTech",Denmark,https://covid19.ssi.dk/overvagningsdata/download-fil-med-vaccinationsdata
2021-10-28,4408035.0,4475849,8842405.0,"Johnson&Johnson, Moderna, Pfizer/BioNTech",Denmark,https://covid19.ssi.dk/overvagningsdata/download-fil-med-vaccinationsdata
2021-10-29,4409570.0,4477442,,"Johnson&Johnson, Moderna, Pfizer/BioNTech",Denmark,https://covid19.ssi.dk/overvagningsdata/download-fil-med-vaccinationsdata
2021-10-30,4410462.0,4478489,,"Johnson&Johnson, Moderna, Pfizer/BioNTech",Denmark,https://covid19.ssi.dk/overvagningsdata/download-fil-med-vaccinationsdata
2021-10-31,4411023.0,4479111,8848539.0,"Johnson&Johnson, Moderna, Pfizer/BioNTech",Denmark,https://covid19.ssi.dk/overvagningsdata/download-fil-med-vaccinationsdata
2021-11-01,4412208.0,4480829,8851497.0,"Johnson&Johnson, Moderna, Pfizer/BioNTech",Denmark,https://covid19.ssi.dk/overvagningsdata/download-fil-med-vaccinationsdata
2021-11-02,4413550.0,4482755,8853096.0,"Johnson&Johnson, Moderna, Pfizer/BioNTech",Denmark,https://covid19.ssi.dk/overvagningsdata/download-fil-med-vaccinationsdata
2021-11-03,4415024.0,4485003,8856476.0,"Johnson&Johnson, Moderna, Pfizer/BioNTech",Denmark,https://covid19.ssi.dk/overvagningsdata/download-fil-med-vaccinationsdata
2021-11-04,4416163.0,4486730,8859053.0,"Johnson&Johnson, Moderna, Pfizer/BioNTech",Denmark,https://covid19.ssi.dk/overvagningsdata/download-fil-med-vaccinationsdata
2021-11-05,4417572.0,4488937,,"Johnson&Johnson, Moderna, Pfizer/BioNTech",Denmark,https://covid19.ssi.dk/overvagningsdata/download-fil-med-vaccinationsdata
2021-11-06,4418418.0,4490483,,"Johnson&Johnson, Moderna, Pfizer/BioNTech",Denmark,https://covid19.ssi.dk/overvagningsdata/download-fil-med-vaccinationsdata
2021-11-07,4418847.0,4491355,8866082.0,"Johnson&Johnson, Moderna, Pfizer/BioNTech",Denmark,https://covid19.ssi.dk/overvagningsdata/download-fil-med-vaccinationsdata
2021-11-08,4420090.0,4493815,8868865.0,"Johnson&Johnson, Moderna, Pfizer/BioNTech",Denmark,https://covid19.ssi.dk/overvagningsdata/download-fil-med-vaccinationsdata
2021-11-09,4421778.0,4498728,8875360.0,"Johnson&Johnson, Moderna, Pfizer/BioNTech",Denmark,https://covid19.ssi.dk/overvagningsdata/download-fil-med-vaccinationsdata
2021-11-10,4423711.0,4504023,8882505.0,"Johnson&Johnson, Moderna, Pfizer/BioNTech",Denmark,https://covid19.ssi.dk/overvagningsdata/download-fil-med-vaccinationsdata
2021-11-11,4425373.0,4508284,8888557.0,"Johnson&Johnson, Moderna, Pfizer/BioNTech",Denmark,https://covid19.ssi.dk/overvagningsdata/download-fil-med-vaccinationsdata
2021-11-12,4427224.0,4512588,,"Johnson&Johnson, Moderna, Pfizer/BioNTech",Denmark,https://covid19.ssi.dk/overvagningsdata/download-fil-med-vaccinationsdata
2021-11-13,4428356.0,4515760,,"Johnson&Johnson, Moderna, Pfizer/BioNTech",Denmark,https://covid19.ssi.dk/overvagningsdata/download-fil-med-vaccinationsdata
2021-11-14,4429074.0,4518121,8902032.0,"Johnson&Johnson, Moderna, Pfizer/BioNTech",Denmark,https://covid19.ssi.dk/overvagningsdata/download-fil-med-vaccinationsdata
2021-11-15,4430960.0,4523300,8908143.0,"Johnson&Johnson, Moderna, Pfizer/BioNTech",Denmark,https://covid19.ssi.dk/overvagningsdata/download-fil-med-vaccinationsdata
2021-11-16,4432761.0,4527762,8914393.0,"Johnson&Johnson, Moderna, Pfizer/BioNTech",Denmark,https://covid19.ssi.dk/overvagningsdata/download-fil-med-vaccinationsdata
2021-11-17,4434647.0,4531935,8920424.0,"Johnson&Johnson, Moderna, Pfizer/BioNTech",Denmark,https://covid19.ssi.dk/overvagningsdata/download-fil-med-vaccinationsdata
2021-11-18,4436345.0,4535368,8925308.0,"Johnson&Johnson, Moderna, Pfizer/BioNTech",Denmark,https://covid19.ssi.dk/overvagningsdata/download-fil-med-vaccinationsdata
