date,people_fully_vaccinated,people_vaccinated,total_vaccinations,location,vaccine,source_url
2020-12-27,0,191,191,Estonia,Pfizer/BioNTech,https://opendata.digilugu.ee
2020-12-28,1,509,509,Estonia,Pfizer/BioNTech,https://opendata.digilugu.ee
2020-12-29,2,876,876,Estonia,Pfizer/BioNTech,https://opendata.digilugu.ee
2020-12-30,3,1889,1889,Estonia,Pfizer/BioNTech,https://opendata.digilugu.ee
2020-12-31,3,2475,2475,Estonia,Pfizer/BioNTech,https://opendata.digilugu.ee
2021-01-01,3,2475,2475,Estonia,Pfizer/BioNTech,https://opendata.digilugu.ee
2021-01-02,3,2505,2505,Estonia,Pfizer/BioNTech,https://opendata.digilugu.ee
2021-01-03,3,2523,2523,Estonia,Pfizer/BioNTech,https://opendata.digilugu.ee
2021-01-04,3,3165,3165,Estonia,Pfizer/BioNTech,https://opendata.digilugu.ee
2021-01-05,9,4975,4977,Estonia,Pfizer/BioNTech,https://opendata.digilugu.ee
2021-01-06,10,6586,6589,Estonia,Pfizer/BioNTech,https://opendata.digilugu.ee
2021-01-07,11,7928,7931,Estonia,Pfizer/BioNTech,https://opendata.digilugu.ee
2021-01-08,13,10143,10146,Estonia,Pfizer/BioNTech,https://opendata.digilugu.ee
2021-01-09,13,10694,10697,Estonia,Pfizer/BioNTech,https://opendata.digilugu.ee
2021-01-10,13,10917,10920,Estonia,Pfizer/BioNTech,https://opendata.digilugu.ee
2021-01-11,13,11766,11769,Estonia,Pfizer/BioNTech,https://opendata.digilugu.ee
2021-01-12,15,13346,13349,Estonia,Pfizer/BioNTech,https://opendata.digilugu.ee
2021-01-13,18,14741,14744,Estonia,Pfizer/BioNTech,https://opendata.digilugu.ee
2021-01-14,24,16521,16524,Estonia,"Moderna, Pfizer/BioNTech",https://opendata.digilugu.ee
2021-01-15,33,17802,17805,Estonia,"Moderna, Pfizer/BioNTech",https://opendata.digilugu.ee
2021-01-16,35,18022,18025,Estonia,"Moderna, Pfizer/BioNTech",https://opendata.digilugu.ee
2021-01-17,101,18052,18121,Estonia,"Moderna, Pfizer/BioNTech",https://opendata.digilugu.ee
2021-01-18,477,18711,19155,Estonia,"Moderna, Pfizer/BioNTech",https://opendata.digilugu.ee
2021-01-19,884,19469,20316,Estonia,"Moderna, Pfizer/BioNTech",https://opendata.digilugu.ee
2021-01-20,1518,20321,21798,Estonia,"Moderna, Pfizer/BioNTech",https://opendata.digilugu.ee
2021-01-21,2200,21837,23979,Estonia,"Moderna, Pfizer/BioNTech",https://opendata.digilugu.ee
2021-01-22,2477,23070,25481,Estonia,"Moderna, Pfizer/BioNTech",https://opendata.digilugu.ee
2021-01-23,2489,23325,25739,Estonia,"Moderna, Pfizer/BioNTech",https://opendata.digilugu.ee
2021-01-24,2489,23486,25900,Estonia,"Moderna, Pfizer/BioNTech",https://opendata.digilugu.ee
2021-01-25,3177,23861,26962,Estonia,"Moderna, Pfizer/BioNTech",https://opendata.digilugu.ee
2021-01-26,4827,24604,29355,Estonia,"Moderna, Pfizer/BioNTech",https://opendata.digilugu.ee
2021-01-27,6324,25243,31490,Estonia,"Moderna, Pfizer/BioNTech",https://opendata.digilugu.ee
2021-01-28,7726,26314,33961,Estonia,"Moderna, Pfizer/BioNTech",https://opendata.digilugu.ee
2021-01-29,9719,27534,37168,Estonia,"Moderna, Pfizer/BioNTech",https://opendata.digilugu.ee
2021-01-30,10284,27800,37999,Estonia,"Moderna, Pfizer/BioNTech",https://opendata.digilugu.ee
2021-01-31,10541,28085,38537,Estonia,"Moderna, Pfizer/BioNTech",https://opendata.digilugu.ee
2021-02-01,11435,28804,40145,Estonia,"Moderna, Pfizer/BioNTech",https://opendata.digilugu.ee
2021-02-02,12964,30049,42914,Estonia,"Moderna, Pfizer/BioNTech",https://opendata.digilugu.ee
2021-02-03,14505,31710,46109,Estonia,"Moderna, Pfizer/BioNTech",https://opendata.digilugu.ee
2021-02-04,16105,33754,49710,Estonia,"Moderna, Pfizer/BioNTech",https://opendata.digilugu.ee
2021-02-05,17632,35303,52776,Estonia,"Moderna, Pfizer/BioNTech",https://opendata.digilugu.ee
2021-02-06,17781,35710,53328,Estonia,"Moderna, Pfizer/BioNTech",https://opendata.digilugu.ee
2021-02-07,17830,35720,53386,Estonia,"Moderna, Pfizer/BioNTech",https://opendata.digilugu.ee
2021-02-08,18462,36717,55011,Estonia,"Moderna, Pfizer/BioNTech",https://opendata.digilugu.ee
2021-02-09,19344,38994,58161,Estonia,"Moderna, Oxford/AstraZeneca, Pfizer/BioNTech",https://opendata.digilugu.ee
2021-02-10,20261,41585,61659,Estonia,"Moderna, Oxford/AstraZeneca, Pfizer/BioNTech",https://opendata.digilugu.ee
2021-02-11,21580,44341,65712,Estonia,"Moderna, Oxford/AstraZeneca, Pfizer/BioNTech",https://opendata.digilugu.ee
2021-02-12,22401,45874,68051,Estonia,"Moderna, Oxford/AstraZeneca, Pfizer/BioNTech",https://opendata.digilugu.ee
2021-02-13,22562,46006,68342,Estonia,"Moderna, Oxford/AstraZeneca, Pfizer/BioNTech",https://opendata.digilugu.ee
2021-02-14,22621,46008,68403,Estonia,"Moderna, Oxford/AstraZeneca, Pfizer/BioNTech",https://opendata.digilugu.ee
2021-02-15,22859,46626,69249,Estonia,"Moderna, Oxford/AstraZeneca, Pfizer/BioNTech",https://opendata.digilugu.ee
2021-02-16,23451,48455,71651,Estonia,"Moderna, Oxford/AstraZeneca, Pfizer/BioNTech",https://opendata.digilugu.ee
2021-02-17,24165,52120,75978,Estonia,"Moderna, Oxford/AstraZeneca, Pfizer/BioNTech",https://opendata.digilugu.ee
2021-02-18,25280,57403,82276,Estonia,"Moderna, Oxford/AstraZeneca, Pfizer/BioNTech",https://opendata.digilugu.ee
2021-02-19,26343,61175,87050,Estonia,"Moderna, Oxford/AstraZeneca, Pfizer/BioNTech",https://opendata.digilugu.ee
2021-02-20,26582,61762,87860,Estonia,"Moderna, Oxford/AstraZeneca, Pfizer/BioNTech",https://opendata.digilugu.ee
2021-02-21,26913,62274,88693,Estonia,"Moderna, Oxford/AstraZeneca, Pfizer/BioNTech",https://opendata.digilugu.ee
2021-02-22,27866,64368,91684,Estonia,"Moderna, Oxford/AstraZeneca, Pfizer/BioNTech",https://opendata.digilugu.ee
2021-02-23,28872,68153,96388,Estonia,"Moderna, Oxford/AstraZeneca, Pfizer/BioNTech",https://opendata.digilugu.ee
2021-02-24,29014,68484,96850,Estonia,"Moderna, Oxford/AstraZeneca, Pfizer/BioNTech",https://opendata.digilugu.ee
2021-02-25,31899,72208,103385,Estonia,"Moderna, Oxford/AstraZeneca, Pfizer/BioNTech",https://opendata.digilugu.ee
2021-02-26,34328,77388,110920,Estonia,"Moderna, Oxford/AstraZeneca, Pfizer/BioNTech",https://opendata.digilugu.ee
2021-02-27,34770,78423,112377,Estonia,"Moderna, Oxford/AstraZeneca, Pfizer/BioNTech",https://opendata.digilugu.ee
2021-02-28,34898,78607,112687,Estonia,"Moderna, Oxford/AstraZeneca, Pfizer/BioNTech",https://opendata.digilugu.ee
2021-03-01,35961,81051,116153,Estonia,"Moderna, Oxford/AstraZeneca, Pfizer/BioNTech",https://opendata.digilugu.ee
2021-03-02,38330,84016,121424,Estonia,"Moderna, Oxford/AstraZeneca, Pfizer/BioNTech",https://opendata.digilugu.ee
2021-03-03,40763,86924,126726,Estonia,"Moderna, Oxford/AstraZeneca, Pfizer/BioNTech",https://opendata.digilugu.ee
2021-03-04,43331,92057,134357,Estonia,"Moderna, Oxford/AstraZeneca, Pfizer/BioNTech",https://opendata.digilugu.ee
2021-03-05,44957,97626,141451,Estonia,"Moderna, Oxford/AstraZeneca, Pfizer/BioNTech",https://opendata.digilugu.ee
2021-03-06,45174,101212,145200,Estonia,"Moderna, Oxford/AstraZeneca, Pfizer/BioNTech",https://opendata.digilugu.ee
2021-03-07,45186,102206,146199,Estonia,"Moderna, Oxford/AstraZeneca, Pfizer/BioNTech",https://opendata.digilugu.ee
2021-03-08,45483,105622,149862,Estonia,"Moderna, Oxford/AstraZeneca, Pfizer/BioNTech",https://opendata.digilugu.ee
2021-03-09,46628,109656,154970,Estonia,"Moderna, Oxford/AstraZeneca, Pfizer/BioNTech",https://opendata.digilugu.ee
2021-03-10,49146,113657,161413,Estonia,"Moderna, Oxford/AstraZeneca, Pfizer/BioNTech",https://opendata.digilugu.ee
2021-03-11,52190,121831,172512,Estonia,"Moderna, Oxford/AstraZeneca, Pfizer/BioNTech",https://opendata.digilugu.ee
2021-03-12,54248,127560,180173,Estonia,"Moderna, Oxford/AstraZeneca, Pfizer/BioNTech",https://opendata.digilugu.ee
2021-03-13,54397,132983,185675,Estonia,"Moderna, Oxford/AstraZeneca, Pfizer/BioNTech",https://opendata.digilugu.ee
2021-03-14,54450,138249,190956,Estonia,"Moderna, Oxford/AstraZeneca, Pfizer/BioNTech",https://opendata.digilugu.ee
2021-03-15,54780,141601,194577,Estonia,"Moderna, Oxford/AstraZeneca, Pfizer/BioNTech",https://opendata.digilugu.ee
2021-03-16,55660,145343,199121,Estonia,"Moderna, Oxford/AstraZeneca, Pfizer/BioNTech",https://opendata.digilugu.ee
2021-03-17,56059,150510,204544,Estonia,"Moderna, Oxford/AstraZeneca, Pfizer/BioNTech",https://opendata.digilugu.ee
2021-03-18,57001,157145,211964,Estonia,"Moderna, Oxford/AstraZeneca, Pfizer/BioNTech",https://opendata.digilugu.ee
2021-03-19,59382,163589,220583,Estonia,"Moderna, Oxford/AstraZeneca, Pfizer/BioNTech",https://opendata.digilugu.ee
2021-03-20,59480,165810,222861,Estonia,"Moderna, Oxford/AstraZeneca, Pfizer/BioNTech",https://opendata.digilugu.ee
2021-03-21,59517,167131,224204,Estonia,"Moderna, Oxford/AstraZeneca, Pfizer/BioNTech",https://opendata.digilugu.ee
2021-03-22,60119,169082,226693,Estonia,"Moderna, Oxford/AstraZeneca, Pfizer/BioNTech",https://opendata.digilugu.ee
2021-03-23,60382,171826,229619,Estonia,"Moderna, Oxford/AstraZeneca, Pfizer/BioNTech",https://opendata.digilugu.ee
2021-03-24,60860,177073,235271,Estonia,"Moderna, Oxford/AstraZeneca, Pfizer/BioNTech",https://opendata.digilugu.ee
2021-03-25,62544,185557,245306,Estonia,"Moderna, Oxford/AstraZeneca, Pfizer/BioNTech",https://opendata.digilugu.ee
2021-03-26,63496,191367,251982,Estonia,"Moderna, Oxford/AstraZeneca, Pfizer/BioNTech",https://opendata.digilugu.ee
2021-03-27,63774,193497,254370,Estonia,"Moderna, Oxford/AstraZeneca, Pfizer/BioNTech",https://opendata.digilugu.ee
2021-03-28,63857,193984,254905,Estonia,"Moderna, Oxford/AstraZeneca, Pfizer/BioNTech",https://opendata.digilugu.ee
2021-03-29,64283,195927,257189,Estonia,"Moderna, Oxford/AstraZeneca, Pfizer/BioNTech",https://opendata.digilugu.ee
2021-03-30,65390,198514,260748,Estonia,"Moderna, Oxford/AstraZeneca, Pfizer/BioNTech",https://opendata.digilugu.ee
2021-03-31,67050,202973,266724,Estonia,"Moderna, Oxford/AstraZeneca, Pfizer/BioNTech",https://opendata.digilugu.ee
2021-04-01,71185,210959,278669,Estonia,"Moderna, Oxford/AstraZeneca, Pfizer/BioNTech",https://opendata.digilugu.ee
2021-04-02,71634,214510,282602,Estonia,"Moderna, Oxford/AstraZeneca, Pfizer/BioNTech",https://opendata.digilugu.ee
2021-04-03,72454,222307,291026,Estonia,"Moderna, Oxford/AstraZeneca, Pfizer/BioNTech",https://opendata.digilugu.ee
2021-04-04,72651,226316,295174,Estonia,"Moderna, Oxford/AstraZeneca, Pfizer/BioNTech",https://opendata.digilugu.ee
2021-04-05,73765,228822,298667,Estonia,"Moderna, Oxford/AstraZeneca, Pfizer/BioNTech",https://opendata.digilugu.ee
2021-04-06,74986,231296,302275,Estonia,"Moderna, Oxford/AstraZeneca, Pfizer/BioNTech",https://opendata.digilugu.ee
2021-04-07,76212,236191,308282,Estonia,"Moderna, Oxford/AstraZeneca, Pfizer/BioNTech",https://opendata.digilugu.ee
2021-04-08,77747,247821,321180,Estonia,"Moderna, Oxford/AstraZeneca, Pfizer/BioNTech",https://opendata.digilugu.ee
2021-04-09,79009,257391,331820,Estonia,"Moderna, Oxford/AstraZeneca, Pfizer/BioNTech",https://opendata.digilugu.ee
2021-04-10,79464,258615,333449,Estonia,"Moderna, Oxford/AstraZeneca, Pfizer/BioNTech",https://opendata.digilugu.ee
2021-04-11,79515,258900,333779,Estonia,"Moderna, Oxford/AstraZeneca, Pfizer/BioNTech",https://opendata.digilugu.ee
2021-04-12,80020,260368,335697,Estonia,"Moderna, Oxford/AstraZeneca, Pfizer/BioNTech",https://opendata.digilugu.ee
2021-04-13,80654,262648,338555,Estonia,"Moderna, Oxford/AstraZeneca, Pfizer/BioNTech",https://opendata.digilugu.ee
2021-04-14,82694,267993,345773,Estonia,"Johnson&Johnson, Moderna, Oxford/AstraZeneca, Pfizer/BioNTech",https://opendata.digilugu.ee
2021-04-15,86151,277305,358295,Estonia,"Johnson&Johnson, Moderna, Oxford/AstraZeneca, Pfizer/BioNTech",https://opendata.digilugu.ee
2021-04-16,89734,285527,369819,Estonia,"Johnson&Johnson, Moderna, Oxford/AstraZeneca, Pfizer/BioNTech",https://opendata.digilugu.ee
2021-04-17,90527,286851,371878,Estonia,"Johnson&Johnson, Moderna, Oxford/AstraZeneca, Pfizer/BioNTech",https://opendata.digilugu.ee
2021-04-18,91004,287826,373285,Estonia,"Johnson&Johnson, Moderna, Oxford/AstraZeneca, Pfizer/BioNTech",https://opendata.digilugu.ee
2021-04-19,92424,289066,375896,Estonia,"Johnson&Johnson, Moderna, Oxford/AstraZeneca, Pfizer/BioNTech",https://opendata.digilugu.ee
2021-04-20,94844,291003,380119,Estonia,"Johnson&Johnson, Moderna, Oxford/AstraZeneca, Pfizer/BioNTech",https://opendata.digilugu.ee
2021-04-21,95839,295287,385219,Estonia,"Johnson&Johnson, Moderna, Oxford/AstraZeneca, Pfizer/BioNTech",https://opendata.digilugu.ee
2021-04-22,99525,303489,396802,Estonia,"Johnson&Johnson, Moderna, Oxford/AstraZeneca, Pfizer/BioNTech",https://opendata.digilugu.ee
2021-04-23,102957,309185,405709,Estonia,"Johnson&Johnson, Moderna, Oxford/AstraZeneca, Pfizer/BioNTech",https://opendata.digilugu.ee
2021-04-24,105245,310050,408777,Estonia,"Johnson&Johnson, Moderna, Oxford/AstraZeneca, Pfizer/BioNTech",https://opendata.digilugu.ee
2021-04-25,106485,311258,411168,Estonia,"Johnson&Johnson, Moderna, Oxford/AstraZeneca, Pfizer/BioNTech",https://opendata.digilugu.ee
2021-04-26,108352,312711,414398,Estonia,"Johnson&Johnson, Moderna, Oxford/AstraZeneca, Pfizer/BioNTech",https://opendata.digilugu.ee
2021-04-27,111840,316194,421234,Estonia,"Johnson&Johnson, Moderna, Oxford/AstraZeneca, Pfizer/BioNTech",https://opendata.digilugu.ee
2021-04-28,116724,322840,432442,Estonia,"Johnson&Johnson, Moderna, Oxford/AstraZeneca, Pfizer/BioNTech",https://opendata.digilugu.ee
2021-04-29,123820,331060,447212,Estonia,"Johnson&Johnson, Moderna, Oxford/AstraZeneca, Pfizer/BioNTech",https://opendata.digilugu.ee
2021-04-30,130507,336680,459072,Estonia,"Johnson&Johnson, Moderna, Oxford/AstraZeneca, Pfizer/BioNTech",https://opendata.digilugu.ee
2021-05-01,132638,337631,462086,Estonia,"Johnson&Johnson, Moderna, Oxford/AstraZeneca, Pfizer/BioNTech",https://opendata.digilugu.ee
2021-05-02,133638,339191,464528,Estonia,"Johnson&Johnson, Moderna, Oxford/AstraZeneca, Pfizer/BioNTech",https://opendata.digilugu.ee
2021-05-03,137216,341517,470267,Estonia,"Johnson&Johnson, Moderna, Oxford/AstraZeneca, Pfizer/BioNTech",https://opendata.digilugu.ee
2021-05-04,141219,346480,478962,Estonia,"Johnson&Johnson, Moderna, Oxford/AstraZeneca, Pfizer/BioNTech",https://opendata.digilugu.ee
2021-05-05,147487,353746,492059,Estonia,"Johnson&Johnson, Moderna, Oxford/AstraZeneca, Pfizer/BioNTech",https://opendata.digilugu.ee
2021-05-06,157137,362361,509625,Estonia,"Johnson&Johnson, Moderna, Oxford/AstraZeneca, Pfizer/BioNTech",https://opendata.digilugu.ee
2021-05-07,165205,368646,523394,Estonia,"Johnson&Johnson, Moderna, Oxford/AstraZeneca, Pfizer/BioNTech",https://opendata.digilugu.ee
2021-05-08,167809,371708,528903,Estonia,"Johnson&Johnson, Moderna, Oxford/AstraZeneca, Pfizer/BioNTech",https://opendata.digilugu.ee
2021-05-09,169935,372875,532100,Estonia,"Johnson&Johnson, Moderna, Oxford/AstraZeneca, Pfizer/BioNTech",https://opendata.digilugu.ee
2021-05-10,172288,375065,536417,Estonia,"Johnson&Johnson, Moderna, Oxford/AstraZeneca, Pfizer/BioNTech",https://opendata.digilugu.ee
2021-05-11,175013,378805,542616,Estonia,"Johnson&Johnson, Moderna, Oxford/AstraZeneca, Pfizer/BioNTech",https://opendata.digilugu.ee
2021-05-12,179648,384807,552731,Estonia,"Johnson&Johnson, Moderna, Oxford/AstraZeneca, Pfizer/BioNTech",https://opendata.digilugu.ee
2021-05-13,187408,390629,565660,Estonia,"Johnson&Johnson, Moderna, Oxford/AstraZeneca, Pfizer/BioNTech",https://opendata.digilugu.ee
2021-05-14,190692,396746,574426,Estonia,"Johnson&Johnson, Moderna, Oxford/AstraZeneca, Pfizer/BioNTech",https://opendata.digilugu.ee
2021-05-15,191187,399878,577879,Estonia,"Johnson&Johnson, Moderna, Oxford/AstraZeneca, Pfizer/BioNTech",https://opendata.digilugu.ee
2021-05-16,191321,400810,578842,Estonia,"Johnson&Johnson, Moderna, Oxford/AstraZeneca, Pfizer/BioNTech",https://opendata.digilugu.ee
2021-05-17,193270,406698,585784,Estonia,"Johnson&Johnson, Moderna, Oxford/AstraZeneca, Pfizer/BioNTech",https://opendata.digilugu.ee
2021-05-18,196161,412554,593697,Estonia,"Johnson&Johnson, Moderna, Oxford/AstraZeneca, Pfizer/BioNTech",https://opendata.digilugu.ee
2021-05-19,201136,417778,602673,Estonia,"Johnson&Johnson, Moderna, Oxford/AstraZeneca, Pfizer/BioNTech",https://opendata.digilugu.ee
2021-05-20,211983,423104,617377,Estonia,"Johnson&Johnson, Moderna, Oxford/AstraZeneca, Pfizer/BioNTech",https://opendata.digilugu.ee
2021-05-21,221216,429721,631657,Estonia,"Johnson&Johnson, Moderna, Oxford/AstraZeneca, Pfizer/BioNTech",https://opendata.digilugu.ee
2021-05-22,222662,433821,636516,Estonia,"Johnson&Johnson, Moderna, Oxford/AstraZeneca, Pfizer/BioNTech",https://opendata.digilugu.ee
2021-05-23,223408,437153,640244,Estonia,"Johnson&Johnson, Moderna, Oxford/AstraZeneca, Pfizer/BioNTech",https://opendata.digilugu.ee
2021-05-24,225596,441534,645741,Estonia,"Johnson&Johnson, Moderna, Oxford/AstraZeneca, Pfizer/BioNTech",https://opendata.digilugu.ee
2021-05-25,228305,446516,652751,Estonia,"Johnson&Johnson, Moderna, Oxford/AstraZeneca, Pfizer/BioNTech",https://opendata.digilugu.ee
2021-05-26,234850,452302,664159,Estonia,"Johnson&Johnson, Moderna, Oxford/AstraZeneca, Pfizer/BioNTech",https://opendata.digilugu.ee
2021-05-27,246458,458037,680316,Estonia,"Johnson&Johnson, Moderna, Oxford/AstraZeneca, Pfizer/BioNTech",https://opendata.digilugu.ee
2021-05-28,256238,462768,692806,Estonia,"Johnson&Johnson, Moderna, Oxford/AstraZeneca, Pfizer/BioNTech",https://opendata.digilugu.ee
2021-05-29,258627,466602,698012,Estonia,"Johnson&Johnson, Moderna, Oxford/AstraZeneca, Pfizer/BioNTech",https://opendata.digilugu.ee
2021-05-30,260112,470133,702549,Estonia,"Johnson&Johnson, Moderna, Oxford/AstraZeneca, Pfizer/BioNTech",https://opendata.digilugu.ee
2021-05-31,262072,472434,706266,Estonia,"Johnson&Johnson, Moderna, Oxford/AstraZeneca, Pfizer/BioNTech",https://opendata.digilugu.ee
2021-06-01,266318,478183,714837,Estonia,"Johnson&Johnson, Moderna, Oxford/AstraZeneca, Pfizer/BioNTech",https://opendata.digilugu.ee
2021-06-02,272288,483943,725810,Estonia,"Johnson&Johnson, Moderna, Oxford/AstraZeneca, Pfizer/BioNTech",https://opendata.digilugu.ee
2021-06-03,280905,490060,739816,Estonia,"Johnson&Johnson, Moderna, Oxford/AstraZeneca, Pfizer/BioNTech",https://opendata.digilugu.ee
2021-06-04,288373,495083,751440,Estonia,"Johnson&Johnson, Moderna, Oxford/AstraZeneca, Pfizer/BioNTech",https://opendata.digilugu.ee
2021-06-05,291600,498537,756641,Estonia,"Johnson&Johnson, Moderna, Oxford/AstraZeneca, Pfizer/BioNTech",https://opendata.digilugu.ee
2021-06-06,295346,500155,761857,Estonia,"Johnson&Johnson, Moderna, Oxford/AstraZeneca, Pfizer/BioNTech",https://opendata.digilugu.ee
2021-06-07,299267,503132,768134,Estonia,"Johnson&Johnson, Moderna, Oxford/AstraZeneca, Pfizer/BioNTech",https://opendata.digilugu.ee
2021-06-08,305286,507356,777703,Estonia,"Johnson&Johnson, Moderna, Oxford/AstraZeneca, Pfizer/BioNTech",https://opendata.digilugu.ee
2021-06-09,315071,511702,791169,Estonia,"Johnson&Johnson, Moderna, Oxford/AstraZeneca, Pfizer/BioNTech",https://opendata.digilugu.ee
2021-06-10,326285,516029,806092,Estonia,"Johnson&Johnson, Moderna, Oxford/AstraZeneca, Pfizer/BioNTech",https://opendata.digilugu.ee
2021-06-11,335263,519449,817958,Estonia,"Johnson&Johnson, Moderna, Oxford/AstraZeneca, Pfizer/BioNTech",https://opendata.digilugu.ee
2021-06-12,340042,521650,824788,Estonia,"Johnson&Johnson, Moderna, Oxford/AstraZeneca, Pfizer/BioNTech",https://opendata.digilugu.ee
2021-06-13,343057,523340,829365,Estonia,"Johnson&Johnson, Moderna, Oxford/AstraZeneca, Pfizer/BioNTech",https://opendata.digilugu.ee
2021-06-14,348241,526496,837123,Estonia,"Johnson&Johnson, Moderna, Oxford/AstraZeneca, Pfizer/BioNTech",https://opendata.digilugu.ee
2021-06-15,355759,529940,847671,Estonia,"Johnson&Johnson, Moderna, Oxford/AstraZeneca, Pfizer/BioNTech",https://opendata.digilugu.ee
2021-06-16,366624,532863,860904,Estonia,"Johnson&Johnson, Moderna, Oxford/AstraZeneca, Pfizer/BioNTech",https://opendata.digilugu.ee
2021-06-17,378381,535777,875020,Estonia,"Johnson&Johnson, Moderna, Oxford/AstraZeneca, Pfizer/BioNTech",https://opendata.digilugu.ee
2021-06-18,389837,540257,889053,Estonia,"Johnson&Johnson, Moderna, Oxford/AstraZeneca, Pfizer/BioNTech",https://opendata.digilugu.ee
2021-06-19,394741,541882,895314,Estonia,"Johnson&Johnson, Moderna, Oxford/AstraZeneca, Pfizer/BioNTech",https://opendata.digilugu.ee
2021-06-20,397393,543656,899355,Estonia,"Johnson&Johnson, Moderna, Oxford/AstraZeneca, Pfizer/BioNTech",https://opendata.digilugu.ee
2021-06-21,403968,546550,907973,Estonia,"Johnson&Johnson, Moderna, Oxford/AstraZeneca, Pfizer/BioNTech",https://opendata.digilugu.ee
2021-06-22,408359,548373,913834,Estonia,"Johnson&Johnson, Moderna, Oxford/AstraZeneca, Pfizer/BioNTech",https://opendata.digilugu.ee
2021-06-23,408482,548376,913960,Estonia,"Johnson&Johnson, Moderna, Oxford/AstraZeneca, Pfizer/BioNTech",https://opendata.digilugu.ee
2021-06-24,408641,548412,914136,Estonia,"Johnson&Johnson, Moderna, Oxford/AstraZeneca, Pfizer/BioNTech",https://opendata.digilugu.ee
2021-06-25,414685,550423,921776,Estonia,"Johnson&Johnson, Moderna, Oxford/AstraZeneca, Pfizer/BioNTech",https://opendata.digilugu.ee
2021-06-26,418352,551571,926229,Estonia,"Johnson&Johnson, Moderna, Oxford/AstraZeneca, Pfizer/BioNTech",https://opendata.digilugu.ee
2021-06-27,421903,552794,930654,Estonia,"Johnson&Johnson, Moderna, Oxford/AstraZeneca, Pfizer/BioNTech",https://opendata.digilugu.ee
2021-06-28,428093,554717,938131,Estonia,"Johnson&Johnson, Moderna, Oxford/AstraZeneca, Pfizer/BioNTech",https://opendata.digilugu.ee
2021-06-29,434746,556896,946534,Estonia,"Johnson&Johnson, Moderna, Oxford/AstraZeneca, Pfizer/BioNTech",https://opendata.digilugu.ee
2021-06-30,441816,559324,955388,Estonia,"Johnson&Johnson, Moderna, Oxford/AstraZeneca, Pfizer/BioNTech",https://opendata.digilugu.ee
2021-07-01,447366,561714,962770,Estonia,"Johnson&Johnson, Moderna, Oxford/AstraZeneca, Pfizer/BioNTech",https://opendata.digilugu.ee
2021-07-02,453167,564058,970170,Estonia,"Johnson&Johnson, Moderna, Oxford/AstraZeneca, Pfizer/BioNTech",https://opendata.digilugu.ee
2021-07-03,457459,565398,975201,Estonia,"Johnson&Johnson, Moderna, Oxford/AstraZeneca, Pfizer/BioNTech",https://opendata.digilugu.ee
2021-07-04,462389,566749,980722,Estonia,"Johnson&Johnson, Moderna, Oxford/AstraZeneca, Pfizer/BioNTech",https://opendata.digilugu.ee
2021-07-05,465030,569279,985335,Estonia,"Johnson&Johnson, Moderna, Oxford/AstraZeneca, Pfizer/BioNTech",https://opendata.digilugu.ee
2021-07-06,471413,571847,993676,Estonia,"Johnson&Johnson, Moderna, Oxford/AstraZeneca, Pfizer/BioNTech",https://opendata.digilugu.ee
2021-07-07,476246,574350,1000273,Estonia,"Johnson&Johnson, Moderna, Oxford/AstraZeneca, Pfizer/BioNTech",https://opendata.digilugu.ee
2021-07-08,482385,577005,1008376,Estonia,"Johnson&Johnson, Moderna, Oxford/AstraZeneca, Pfizer/BioNTech",https://opendata.digilugu.ee
2021-07-09,486925,579878,1015005,Estonia,"Johnson&Johnson, Moderna, Oxford/AstraZeneca, Pfizer/BioNTech",https://opendata.digilugu.ee
2021-07-10,489151,581432,1018279,Estonia,"Johnson&Johnson, Moderna, Oxford/AstraZeneca, Pfizer/BioNTech",https://opendata.digilugu.ee
2021-07-11,492574,583000,1023024,Estonia,"Johnson&Johnson, Moderna, Oxford/AstraZeneca, Pfizer/BioNTech",https://opendata.digilugu.ee
2021-07-12,495789,584842,1027484,Estonia,"Johnson&Johnson, Moderna, Oxford/AstraZeneca, Pfizer/BioNTech",https://opendata.digilugu.ee
2021-07-13,500749,587287,1034121,Estonia,"Johnson&Johnson, Moderna, Oxford/AstraZeneca, Pfizer/BioNTech",https://opendata.digilugu.ee
2021-07-14,506272,589546,1041250,Estonia,"Johnson&Johnson, Moderna, Oxford/AstraZeneca, Pfizer/BioNTech",https://opendata.digilugu.ee
2021-07-15,512076,592522,1048741,Estonia,"Johnson&Johnson, Moderna, Oxford/AstraZeneca, Pfizer/BioNTech",https://opendata.digilugu.ee
2021-07-16,515972,594518,1053731,Estonia,"Johnson&Johnson, Moderna, Oxford/AstraZeneca, Pfizer/BioNTech",https://opendata.digilugu.ee
2021-07-17,517095,595788,1055610,Estonia,"Johnson&Johnson, Moderna, Oxford/AstraZeneca, Pfizer/BioNTech",https://opendata.digilugu.ee
2021-07-18,519218,598832,1059944,Estonia,"Johnson&Johnson, Moderna, Oxford/AstraZeneca, Pfizer/BioNTech",https://opendata.digilugu.ee
2021-07-19,523008,601944,1065788,Estonia,"Johnson&Johnson, Moderna, Oxford/AstraZeneca, Pfizer/BioNTech",https://opendata.digilugu.ee
2021-07-20,528821,605245,1073944,Estonia,"Johnson&Johnson, Moderna, Oxford/AstraZeneca, Pfizer/BioNTech",https://opendata.digilugu.ee
2021-07-21,533442,608297,1080841,Estonia,"Johnson&Johnson, Moderna, Oxford/AstraZeneca, Pfizer/BioNTech",https://opendata.digilugu.ee
2021-07-22,538781,612073,1088586,Estonia,"Johnson&Johnson, Moderna, Oxford/AstraZeneca, Pfizer/BioNTech",https://opendata.digilugu.ee
2021-07-23,543088,616251,1096004,Estonia,"Johnson&Johnson, Moderna, Oxford/AstraZeneca, Pfizer/BioNTech",https://opendata.digilugu.ee
2021-07-24,544805,618600,1099349,Estonia,"Johnson&Johnson, Moderna, Oxford/AstraZeneca, Pfizer/BioNTech",https://opendata.digilugu.ee
2021-07-25,546520,620862,1102561,Estonia,"Johnson&Johnson, Moderna, Oxford/AstraZeneca, Pfizer/BioNTech",https://opendata.digilugu.ee
2021-07-26,549824,624088,1108145,Estonia,"Johnson&Johnson, Moderna, Oxford/AstraZeneca, Pfizer/BioNTech",https://opendata.digilugu.ee
2021-07-27,554001,626744,1114275,Estonia,"Johnson&Johnson, Moderna, Oxford/AstraZeneca, Pfizer/BioNTech",https://opendata.digilugu.ee
2021-07-28,557319,629810,1119785,Estonia,"Johnson&Johnson, Moderna, Oxford/AstraZeneca, Pfizer/BioNTech",https://opendata.digilugu.ee
2021-07-29,559809,633213,1124998,Estonia,"Johnson&Johnson, Moderna, Oxford/AstraZeneca, Pfizer/BioNTech",https://opendata.digilugu.ee
2021-07-30,562439,636432,1130129,Estonia,"Johnson&Johnson, Moderna, Oxford/AstraZeneca, Pfizer/BioNTech",https://opendata.digilugu.ee
2021-07-31,563974,638486,1133087,Estonia,"Johnson&Johnson, Moderna, Oxford/AstraZeneca, Pfizer/BioNTech",https://opendata.digilugu.ee
2021-08-01,565376,640465,1135873,Estonia,"Johnson&Johnson, Moderna, Oxford/AstraZeneca, Pfizer/BioNTech",https://opendata.digilugu.ee
2021-08-02,568182,644294,1141778,Estonia,"Johnson&Johnson, Moderna, Oxford/AstraZeneca, Pfizer/BioNTech",https://opendata.digilugu.ee
2021-08-03,571092,648588,1148018,Estonia,"Johnson&Johnson, Moderna, Oxford/AstraZeneca, Pfizer/BioNTech",https://opendata.digilugu.ee
2021-08-04,574016,653304,1154168,Estonia,"Johnson&Johnson, Moderna, Oxford/AstraZeneca, Pfizer/BioNTech",https://opendata.digilugu.ee
2021-08-05,576583,657246,1159558,Estonia,"Johnson&Johnson, Moderna, Oxford/AstraZeneca, Pfizer/BioNTech",https://opendata.digilugu.ee
2021-08-06,579712,662206,1166289,Estonia,"Johnson&Johnson, Moderna, Oxford/AstraZeneca, Pfizer/BioNTech",https://opendata.digilugu.ee
2021-08-07,581384,664833,1169822,Estonia,"Johnson&Johnson, Moderna, Oxford/AstraZeneca, Pfizer/BioNTech",https://opendata.digilugu.ee
2021-08-08,582185,666551,1171887,Estonia,"Johnson&Johnson, Moderna, Oxford/AstraZeneca, Pfizer/BioNTech",https://opendata.digilugu.ee
2021-08-09,585021,670438,1177381,Estonia,"Johnson&Johnson, Moderna, Oxford/AstraZeneca, Pfizer/BioNTech",https://opendata.digilugu.ee
2021-08-10,588209,674652,1183520,Estonia,"Johnson&Johnson, Moderna, Oxford/AstraZeneca, Pfizer/BioNTech",https://opendata.digilugu.ee
2021-08-11,591016,678588,1189234,Estonia,"Johnson&Johnson, Moderna, Oxford/AstraZeneca, Pfizer/BioNTech",https://opendata.digilugu.ee
2021-08-12,593761,682353,1194911,Estonia,"Johnson&Johnson, Moderna, Oxford/AstraZeneca, Pfizer/BioNTech",https://opendata.digilugu.ee
2021-08-13,596809,686320,1200816,Estonia,"Johnson&Johnson, Moderna, Oxford/AstraZeneca, Pfizer/BioNTech",https://opendata.digilugu.ee
2021-08-14,599326,689133,1205388,Estonia,"Johnson&Johnson, Moderna, Oxford/AstraZeneca, Pfizer/BioNTech",https://opendata.digilugu.ee
2021-08-15,600475,690697,1207746,Estonia,"Johnson&Johnson, Moderna, Oxford/AstraZeneca, Pfizer/BioNTech",https://opendata.digilugu.ee
2021-08-16,603456,693930,1213118,Estonia,"Johnson&Johnson, Moderna, Oxford/AstraZeneca, Pfizer/BioNTech",https://opendata.digilugu.ee
2021-08-17,606079,696815,1217997,Estonia,"Johnson&Johnson, Moderna, Oxford/AstraZeneca, Pfizer/BioNTech",https://opendata.digilugu.ee
2021-08-18,608763,700069,1223264,Estonia,"Johnson&Johnson, Moderna, Oxford/AstraZeneca, Pfizer/BioNTech",https://opendata.digilugu.ee
2021-08-19,612120,703333,1229024,Estonia,"Johnson&Johnson, Moderna, Oxford/AstraZeneca, Pfizer/BioNTech",https://opendata.digilugu.ee
2021-08-20,612875,704169,1230440,Estonia,"Johnson&Johnson, Moderna, Oxford/AstraZeneca, Pfizer/BioNTech",https://opendata.digilugu.ee
2021-08-21,614154,706014,1233228,Estonia,"Johnson&Johnson, Moderna, Oxford/AstraZeneca, Pfizer/BioNTech",https://opendata.digilugu.ee
2021-08-22,614588,707197,1234623,Estonia,"Johnson&Johnson, Moderna, Oxford/AstraZeneca, Pfizer/BioNTech",https://opendata.digilugu.ee
2021-08-23,616798,709584,1238724,Estonia,"Johnson&Johnson, Moderna, Oxford/AstraZeneca, Pfizer/BioNTech",https://opendata.digilugu.ee
2021-08-24,619140,711878,1242872,Estonia,"Johnson&Johnson, Moderna, Oxford/AstraZeneca, Pfizer/BioNTech",https://opendata.digilugu.ee
2021-08-25,621753,714455,1247382,Estonia,"Johnson&Johnson, Moderna, Oxford/AstraZeneca, Pfizer/BioNTech",https://opendata.digilugu.ee
2021-08-26,623872,716531,1251096,Estonia,"Johnson&Johnson, Moderna, Oxford/AstraZeneca, Pfizer/BioNTech",https://opendata.digilugu.ee
2021-08-27,626472,719405,1255879,Estonia,"Johnson&Johnson, Moderna, Oxford/AstraZeneca, Pfizer/BioNTech",https://opendata.digilugu.ee
2021-08-28,628419,721670,1259523,Estonia,"Johnson&Johnson, Moderna, Oxford/AstraZeneca, Pfizer/BioNTech",https://opendata.digilugu.ee
2021-08-29,630613,723539,1263253,Estonia,"Johnson&Johnson, Moderna, Oxford/AstraZeneca, Pfizer/BioNTech",https://opendata.digilugu.ee
2021-08-30,633091,725342,1267081,Estonia,"Johnson&Johnson, Moderna, Oxford/AstraZeneca, Pfizer/BioNTech",https://opendata.digilugu.ee
2021-08-31,636766,727148,1272114,Estonia,"Johnson&Johnson, Moderna, Oxford/AstraZeneca, Pfizer/BioNTech",https://opendata.digilugu.ee
2021-09-01,638319,728167,1274464,Estonia,"Johnson&Johnson, Moderna, Oxford/AstraZeneca, Pfizer/BioNTech",https://opendata.digilugu.ee
2021-09-02,640694,729811,1277944,Estonia,"Johnson&Johnson, Moderna, Oxford/AstraZeneca, Pfizer/BioNTech",https://opendata.digilugu.ee
2021-09-03,642947,731294,1281231,Estonia,"Johnson&Johnson, Moderna, Oxford/AstraZeneca, Pfizer/BioNTech",https://opendata.digilugu.ee
2021-09-04,645331,732429,1284405,Estonia,"Johnson&Johnson, Moderna, Oxford/AstraZeneca, Pfizer/BioNTech",https://opendata.digilugu.ee
2021-09-05,647379,732887,1286742,Estonia,"Johnson&Johnson, Moderna, Oxford/AstraZeneca, Pfizer/BioNTech",https://opendata.digilugu.ee
2021-09-06,650179,734179,1290432,Estonia,"Johnson&Johnson, Moderna, Oxford/AstraZeneca, Pfizer/BioNTech",https://opendata.digilugu.ee
2021-09-07,652850,735514,1294012,Estonia,"Johnson&Johnson, Moderna, Oxford/AstraZeneca, Pfizer/BioNTech",https://opendata.digilugu.ee
2021-09-08,655413,736663,1297366,Estonia,"Johnson&Johnson, Moderna, Oxford/AstraZeneca, Pfizer/BioNTech",https://opendata.digilugu.ee
2021-09-09,658071,737798,1300789,Estonia,"Johnson&Johnson, Moderna, Oxford/AstraZeneca, Pfizer/BioNTech",https://opendata.digilugu.ee
2021-09-10,660851,738939,1304363,Estonia,"Johnson&Johnson, Moderna, Oxford/AstraZeneca, Pfizer/BioNTech",https://opendata.digilugu.ee
2021-09-11,662937,739799,1307081,Estonia,"Johnson&Johnson, Moderna, Oxford/AstraZeneca, Pfizer/BioNTech",https://opendata.digilugu.ee
2021-09-12,664733,740245,1309205,Estonia,"Johnson&Johnson, Moderna, Oxford/AstraZeneca, Pfizer/BioNTech",https://opendata.digilugu.ee
2021-09-13,667766,741190,1312909,Estonia,"Johnson&Johnson, Moderna, Oxford/AstraZeneca, Pfizer/BioNTech",https://opendata.digilugu.ee
2021-09-14,671075,742322,1316992,Estonia,"Johnson&Johnson, Moderna, Oxford/AstraZeneca, Pfizer/BioNTech",https://opendata.digilugu.ee
2021-09-15,674196,743399,1320869,Estonia,"Johnson&Johnson, Moderna, Oxford/AstraZeneca, Pfizer/BioNTech",https://opendata.digilugu.ee
2021-09-16,677280,744575,1324637,Estonia,"Johnson&Johnson, Moderna, Oxford/AstraZeneca, Pfizer/BioNTech",https://opendata.digilugu.ee
2021-09-17,680522,746006,1328597,Estonia,"Johnson&Johnson, Moderna, Oxford/AstraZeneca, Pfizer/BioNTech",https://opendata.digilugu.ee
2021-09-18,683033,747037,1331584,Estonia,"Johnson&Johnson, Moderna, Oxford/AstraZeneca, Pfizer/BioNTech",https://opendata.digilugu.ee
2021-09-19,684510,747735,1333315,Estonia,"Johnson&Johnson, Moderna, Oxford/AstraZeneca, Pfizer/BioNTech",https://opendata.digilugu.ee
2021-09-20,687204,748572,1336429,Estonia,"Johnson&Johnson, Moderna, Oxford/AstraZeneca, Pfizer/BioNTech",https://opendata.digilugu.ee
2021-09-21,690614,749403,1340377,Estonia,"Johnson&Johnson, Moderna, Oxford/AstraZeneca, Pfizer/BioNTech",https://opendata.digilugu.ee
2021-09-22,693996,750428,1344364,Estonia,"Johnson&Johnson, Moderna, Oxford/AstraZeneca, Pfizer/BioNTech",https://opendata.digilugu.ee
2021-09-23,697421,751856,1348436,Estonia,"Johnson&Johnson, Moderna, Oxford/AstraZeneca, Pfizer/BioNTech",https://opendata.digilugu.ee
2021-09-24,701193,753280,1352839,Estonia,"Johnson&Johnson, Moderna, Oxford/AstraZeneca, Pfizer/BioNTech",https://opendata.digilugu.ee
2021-09-25,704286,754291,1356289,Estonia,"Johnson&Johnson, Moderna, Oxford/AstraZeneca, Pfizer/BioNTech",https://opendata.digilugu.ee
2021-09-26,706114,754830,1358298,Estonia,"Johnson&Johnson, Moderna, Oxford/AstraZeneca, Pfizer/BioNTech",https://opendata.digilugu.ee
2021-09-27,707522,755324,1359937,Estonia,"Johnson&Johnson, Moderna, Oxford/AstraZeneca, Pfizer/BioNTech",https://opendata.digilugu.ee
2021-09-28,710342,756547,1363353,Estonia,"Johnson&Johnson, Moderna, Oxford/AstraZeneca, Pfizer/BioNTech",https://opendata.digilugu.ee
2021-09-29,712555,757579,1366040,Estonia,"Johnson&Johnson, Moderna, Oxford/AstraZeneca, Pfizer/BioNTech",https://opendata.digilugu.ee
2021-09-30,714886,758516,1368840,Estonia,"Johnson&Johnson, Moderna, Oxford/AstraZeneca, Pfizer/BioNTech",https://opendata.digilugu.ee
2021-10-01,716789,759492,1371098,Estonia,"Johnson&Johnson, Moderna, Oxford/AstraZeneca, Pfizer/BioNTech",https://opendata.digilugu.ee
2021-10-02,718700,760073,1373260,Estonia,"Johnson&Johnson, Moderna, Oxford/AstraZeneca, Pfizer/BioNTech",https://opendata.digilugu.ee
2021-10-03,719234,760356,1373925,Estonia,"Johnson&Johnson, Moderna, Oxford/AstraZeneca, Pfizer/BioNTech",https://opendata.digilugu.ee
2021-10-04,720679,761005,1375646,Estonia,"Johnson&Johnson, Moderna, Oxford/AstraZeneca, Pfizer/BioNTech",https://opendata.digilugu.ee
2021-10-05,722449,761799,1377806,Estonia,"Johnson&Johnson, Moderna, Oxford/AstraZeneca, Pfizer/BioNTech",https://opendata.digilugu.ee
2021-10-06,724098,762532,1379809,Estonia,"Johnson&Johnson, Moderna, Oxford/AstraZeneca, Pfizer/BioNTech",https://opendata.digilugu.ee
2021-10-07,725653,763325,1381718,Estonia,"Johnson&Johnson, Moderna, Oxford/AstraZeneca, Pfizer/BioNTech",https://opendata.digilugu.ee
2021-10-08,727368,764289,1383922,Estonia,"Johnson&Johnson, Moderna, Oxford/AstraZeneca, Pfizer/BioNTech",https://opendata.digilugu.ee
2021-10-09,729110,764915,1385948,Estonia,"Johnson&Johnson, Moderna, Oxford/AstraZeneca, Pfizer/BioNTech",https://opendata.digilugu.ee
2021-10-10,730124,765266,1387150,Estonia,"Johnson&Johnson, Moderna, Oxford/AstraZeneca, Pfizer/BioNTech",https://opendata.digilugu.ee
2021-10-11,731481,765879,1388768,Estonia,"Johnson&Johnson, Moderna, Oxford/AstraZeneca, Pfizer/BioNTech",https://opendata.digilugu.ee
2021-10-12,733055,766647,1390727,Estonia,"Johnson&Johnson, Moderna, Oxford/AstraZeneca, Pfizer/BioNTech",https://opendata.digilugu.ee
2021-10-13,734348,767452,1392389,Estonia,"Johnson&Johnson, Moderna, Oxford/AstraZeneca, Pfizer/BioNTech",https://opendata.digilugu.ee
2021-10-14,735813,768477,1394363,Estonia,"Johnson&Johnson, Moderna, Oxford/AstraZeneca, Pfizer/BioNTech",https://opendata.digilugu.ee
2021-10-15,737612,769762,1396772,Estonia,"Johnson&Johnson, Moderna, Oxford/AstraZeneca, Pfizer/BioNTech",https://opendata.digilugu.ee
2021-10-16,738422,770386,1397888,Estonia,"Johnson&Johnson, Moderna, Oxford/AstraZeneca, Pfizer/BioNTech",https://opendata.digilugu.ee
2021-10-17,739251,771122,1399059,Estonia,"Johnson&Johnson, Moderna, Oxford/AstraZeneca, Pfizer/BioNTech",https://opendata.digilugu.ee
2021-10-18,740567,772089,1400840,Estonia,"Johnson&Johnson, Moderna, Oxford/AstraZeneca, Pfizer/BioNTech",https://opendata.digilugu.ee
2021-10-19,741895,773052,1402621,Estonia,"Johnson&Johnson, Moderna, Oxford/AstraZeneca, Pfizer/BioNTech",https://opendata.digilugu.ee
2021-10-20,743572,774636,1405040,Estonia,"Johnson&Johnson, Moderna, Oxford/AstraZeneca, Pfizer/BioNTech",https://opendata.digilugu.ee
2021-10-21,745311,776382,1407603,Estonia,"Johnson&Johnson, Moderna, Oxford/AstraZeneca, Pfizer/BioNTech",https://opendata.digilugu.ee
2021-10-22,747886,779109,1411480,Estonia,"Johnson&Johnson, Moderna, Oxford/AstraZeneca, Pfizer/BioNTech",https://opendata.digilugu.ee
2021-10-23,749246,780713,1413542,Estonia,"Johnson&Johnson, Moderna, Oxford/AstraZeneca, Pfizer/BioNTech",https://opendata.digilugu.ee
2021-10-24,750181,781808,1414888,Estonia,"Johnson&Johnson, Moderna, Oxford/AstraZeneca, Pfizer/BioNTech",https://opendata.digilugu.ee
2021-10-25,751823,783794,1417449,Estonia,"Johnson&Johnson, Moderna, Oxford/AstraZeneca, Pfizer/BioNTech",https://opendata.digilugu.ee
2021-10-26,753811,786255,1420815,Estonia,"Johnson&Johnson, Moderna, Oxford/AstraZeneca, Pfizer/BioNTech",https://opendata.digilugu.ee
2021-10-27,755519,788575,1423874,Estonia,"Johnson&Johnson, Moderna, Oxford/AstraZeneca, Pfizer/BioNTech",https://opendata.digilugu.ee
2021-10-28,757165,790794,1426814,Estonia,"Johnson&Johnson, Moderna, Oxford/AstraZeneca, Pfizer/BioNTech",https://opendata.digilugu.ee
2021-10-29,759086,793738,1430506,Estonia,"Johnson&Johnson, Moderna, Oxford/AstraZeneca, Pfizer/BioNTech",https://opendata.digilugu.ee
2021-10-30,760111,795044,1432188,Estonia,"Johnson&Johnson, Moderna, Oxford/AstraZeneca, Pfizer/BioNTech",https://opendata.digilugu.ee
2021-10-31,760812,795942,1433280,Estonia,"Johnson&Johnson, Moderna, Oxford/AstraZeneca, Pfizer/BioNTech",https://opendata.digilugu.ee
2021-11-01,762061,797761,1435580,Estonia,"Johnson&Johnson, Moderna, Oxford/AstraZeneca, Pfizer/BioNTech",https://opendata.digilugu.ee
2021-11-02,763461,799844,1438292,Estonia,"Johnson&Johnson, Moderna, Oxford/AstraZeneca, Pfizer/BioNTech",https://opendata.digilugu.ee
2021-11-03,764814,801974,1441053,Estonia,"Johnson&Johnson, Moderna, Oxford/AstraZeneca, Pfizer/BioNTech",https://opendata.digilugu.ee
2021-11-04,766131,804052,1443645,Estonia,"Johnson&Johnson, Moderna, Oxford/AstraZeneca, Pfizer/BioNTech",https://opendata.digilugu.ee
2021-11-05,767858,806579,1446887,Estonia,"Johnson&Johnson, Moderna, Oxford/AstraZeneca, Pfizer/BioNTech",https://opendata.digilugu.ee
2021-11-06,768571,807609,1448161,Estonia,"Johnson&Johnson, Moderna, Oxford/AstraZeneca, Pfizer/BioNTech",https://opendata.digilugu.ee
2021-11-07,769078,808289,1448986,Estonia,"Johnson&Johnson, Moderna, Oxford/AstraZeneca, Pfizer/BioNTech",https://opendata.digilugu.ee
2021-11-08,770065,809637,1450757,Estonia,"Johnson&Johnson, Moderna, Oxford/AstraZeneca, Pfizer/BioNTech",https://opendata.digilugu.ee
2021-11-09,771130,811103,1452769,Estonia,"Johnson&Johnson, Moderna, Oxford/AstraZeneca, Pfizer/BioNTech",https://opendata.digilugu.ee
2021-11-10,772134,812473,1454619,Estonia,"Johnson&Johnson, Moderna, Oxford/AstraZeneca, Pfizer/BioNTech",https://opendata.digilugu.ee
2021-11-11,773038,813653,1456269,Estonia,"Johnson&Johnson, Moderna, Oxford/AstraZeneca, Pfizer/BioNTech",https://opendata.digilugu.ee
2021-11-12,774151,815178,1458316,Estonia,"Johnson&Johnson, Moderna, Oxford/AstraZeneca, Pfizer/BioNTech",https://opendata.digilugu.ee
2021-11-13,774625,815741,1459097,Estonia,"Johnson&Johnson, Moderna, Oxford/AstraZeneca, Pfizer/BioNTech",https://opendata.digilugu.ee
2021-11-14,774919,816017,1459553,Estonia,"Johnson&Johnson, Moderna, Oxford/AstraZeneca, Pfizer/BioNTech",https://opendata.digilugu.ee
2021-11-15,775826,817068,1461080,Estonia,"Johnson&Johnson, Moderna, Oxford/AstraZeneca, Pfizer/BioNTech",https://opendata.digilugu.ee
2021-11-16,776703,818067,1462613,Estonia,"Johnson&Johnson, Moderna, Oxford/AstraZeneca, Pfizer/BioNTech",https://opendata.digilugu.ee
2021-11-17,777586,819070,1464123,Estonia,"Johnson&Johnson, Moderna, Oxford/AstraZeneca, Pfizer/BioNTech",https://opendata.digilugu.ee
