location,date,vaccine,source_url,total_vaccinations,people_vaccinated,people_fully_vaccinated
Latvia,2020-12-04,Moderna,https://data.gov.lv/dati/eng/dataset/covid19-vakcinacijas,1.0,1.0,0.0
Latvia,2020-12-07,Pfizer/BioNTech,https://data.gov.lv/dati/eng/dataset/covid19-vakcinacijas,2.0,2.0,0.0
Latvia,2020-12-09,Pfizer/BioNTech,https://data.gov.lv/dati/eng/dataset/covid19-vakcinacijas,3.0,3.0,0.0
Latvia,2020-12-15,Pfizer/BioNTech,https://data.gov.lv/dati/eng/dataset/covid19-vakcinacijas,4.0,4.0,0.0
Latvia,2020-12-16,Pfizer/BioNTech,https://data.gov.lv/dati/eng/dataset/covid19-vakcinacijas,5.0,5.0,0.0
Latvia,2020-12-17,Pfizer/BioNTech,https://data.gov.lv/dati/eng/dataset/covid19-vakcinacijas,6.0,6.0,0.0
Latvia,2020-12-18,Pfizer/BioNTech,https://data.gov.lv/dati/eng/dataset/covid19-vakcinacijas,10.0,10.0,0.0
Latvia,2020-12-20,"Moderna, Pfizer/BioNTech",https://data.gov.lv/dati/eng/dataset/covid19-vakcinacijas,14.0,14.0,0.0
Latvia,2020-12-21,Pfizer/BioNTech,https://data.gov.lv/dati/eng/dataset/covid19-vakcinacijas,18.0,18.0,0.0
Latvia,2020-12-22,Pfizer/BioNTech,https://data.gov.lv/dati/eng/dataset/covid19-vakcinacijas,23.0,23.0,0.0
Latvia,2020-12-23,Pfizer/BioNTech,https://data.gov.lv/dati/eng/dataset/covid19-vakcinacijas,27.0,27.0,0.0
Latvia,2020-12-24,Pfizer/BioNTech,https://data.gov.lv/dati/eng/dataset/covid19-vakcinacijas,30.0,30.0,0.0
Latvia,2020-12-26,Pfizer/BioNTech,https://data.gov.lv/dati/eng/dataset/covid19-vakcinacijas,33.0,33.0,0.0
Latvia,2020-12-27,Pfizer/BioNTech,https://data.gov.lv/dati/eng/dataset/covid19-vakcinacijas,38.0,38.0,0.0
Latvia,2020-12-28,Pfizer/BioNTech,https://data.gov.lv/dati/eng/dataset/covid19-vakcinacijas,644.0,644.0,0.0
Latvia,2020-12-29,"Moderna, Pfizer/BioNTech",https://data.gov.lv/dati/eng/dataset/covid19-vakcinacijas,1523.0,1523.0,0.0
Latvia,2020-12-30,Pfizer/BioNTech,https://data.gov.lv/dati/eng/dataset/covid19-vakcinacijas,2324.0,2324.0,0.0
Latvia,2020-12-31,"Moderna, Pfizer/BioNTech",https://data.gov.lv/dati/eng/dataset/covid19-vakcinacijas,2331.0,2331.0,0.0
Latvia,2021-01-01,"Johnson&Johnson, Pfizer/BioNTech",https://data.gov.lv/dati/eng/dataset/covid19-vakcinacijas,2339.0,2338.0,1.0
Latvia,2021-01-02,Pfizer/BioNTech,https://data.gov.lv/dati/eng/dataset/covid19-vakcinacijas,2341.0,2340.0,1.0
Latvia,2021-01-03,Pfizer/BioNTech,https://data.gov.lv/dati/eng/dataset/covid19-vakcinacijas,2345.0,2344.0,1.0
Latvia,2021-01-04,"Johnson&Johnson, Moderna, Pfizer/BioNTech",https://data.gov.lv/dati/eng/dataset/covid19-vakcinacijas,3053.0,3052.0,2.0
Latvia,2021-01-05,Pfizer/BioNTech,https://data.gov.lv/dati/eng/dataset/covid19-vakcinacijas,3950.0,3949.0,2.0
Latvia,2021-01-06,"Moderna, Pfizer/BioNTech",https://data.gov.lv/dati/eng/dataset/covid19-vakcinacijas,4734.0,4730.0,5.0
Latvia,2021-01-07,Pfizer/BioNTech,https://data.gov.lv/dati/eng/dataset/covid19-vakcinacijas,5547.0,5543.0,5.0
Latvia,2021-01-08,Pfizer/BioNTech,https://data.gov.lv/dati/eng/dataset/covid19-vakcinacijas,6467.0,6459.0,9.0
Latvia,2021-01-09,"Moderna, Oxford/AstraZeneca, Pfizer/BioNTech",https://data.gov.lv/dati/eng/dataset/covid19-vakcinacijas,6779.0,6771.0,9.0
Latvia,2021-01-10,Pfizer/BioNTech,https://data.gov.lv/dati/eng/dataset/covid19-vakcinacijas,7116.0,7107.0,10.0
Latvia,2021-01-11,"Moderna, Pfizer/BioNTech",https://data.gov.lv/dati/eng/dataset/covid19-vakcinacijas,8493.0,8484.0,10.0
Latvia,2021-01-12,"Moderna, Oxford/AstraZeneca, Pfizer/BioNTech",https://data.gov.lv/dati/eng/dataset/covid19-vakcinacijas,10133.0,10121.0,13.0
Latvia,2021-01-13,"Moderna, Pfizer/BioNTech",https://data.gov.lv/dati/eng/dataset/covid19-vakcinacijas,11657.0,11639.0,19.0
Latvia,2021-01-14,"Moderna, Oxford/AstraZeneca, Pfizer/BioNTech",https://data.gov.lv/dati/eng/dataset/covid19-vakcinacijas,13501.0,13479.0,23.0
Latvia,2021-01-15,"Moderna, Pfizer/BioNTech, Sinopharm/Beijing",https://data.gov.lv/dati/eng/dataset/covid19-vakcinacijas,15382.0,15360.0,23.0
Latvia,2021-01-16,"Moderna, Oxford/AstraZeneca, Pfizer/BioNTech",https://data.gov.lv/dati/eng/dataset/covid19-vakcinacijas,16058.0,16035.0,24.0
Latvia,2021-01-17,"Oxford/AstraZeneca, Pfizer/BioNTech",https://data.gov.lv/dati/eng/dataset/covid19-vakcinacijas,16185.0,16157.0,29.0
Latvia,2021-01-18,"Moderna, Oxford/AstraZeneca, Pfizer/BioNTech",https://data.gov.lv/dati/eng/dataset/covid19-vakcinacijas,17045.0,16434.0,612.0
Latvia,2021-01-19,"Moderna, Oxford/AstraZeneca, Pfizer/BioNTech",https://data.gov.lv/dati/eng/dataset/covid19-vakcinacijas,17934.0,16514.0,1421.0
Latvia,2021-01-20,"Moderna, Oxford/AstraZeneca, Pfizer/BioNTech",https://data.gov.lv/dati/eng/dataset/covid19-vakcinacijas,18725.0,16544.0,2182.0
Latvia,2021-01-21,"Moderna, Pfizer/BioNTech",https://data.gov.lv/dati/eng/dataset/covid19-vakcinacijas,19020.0,16818.0,2203.0
Latvia,2021-01-22,"Moderna, Pfizer/BioNTech, Sinopharm/Beijing",https://data.gov.lv/dati/eng/dataset/covid19-vakcinacijas,19252.0,17027.0,2226.0
Latvia,2021-01-23,"Moderna, Oxford/AstraZeneca, Pfizer/BioNTech",https://data.gov.lv/dati/eng/dataset/covid19-vakcinacijas,19388.0,17161.0,2228.0
Latvia,2021-01-24,Pfizer/BioNTech,https://data.gov.lv/dati/eng/dataset/covid19-vakcinacijas,19393.0,17161.0,2233.0
Latvia,2021-01-25,"Moderna, Oxford/AstraZeneca, Pfizer/BioNTech, Sinopharm/Beijing",https://data.gov.lv/dati/eng/dataset/covid19-vakcinacijas,20075.0,17190.0,2886.0
Latvia,2021-01-26,"Moderna, Oxford/AstraZeneca, Pfizer/BioNTech",https://data.gov.lv/dati/eng/dataset/covid19-vakcinacijas,20947.0,17232.0,3716.0
Latvia,2021-01-27,"Moderna, Oxford/AstraZeneca, Pfizer/BioNTech",https://data.gov.lv/dati/eng/dataset/covid19-vakcinacijas,21783.0,17318.0,4466.0
Latvia,2021-01-28,"Johnson&Johnson, Moderna, Oxford/AstraZeneca, Pfizer/BioNTech",https://data.gov.lv/dati/eng/dataset/covid19-vakcinacijas,22579.0,17357.0,5224.0
Latvia,2021-01-29,"Moderna, Oxford/AstraZeneca, Pfizer/BioNTech",https://data.gov.lv/dati/eng/dataset/covid19-vakcinacijas,23548.0,17413.0,6137.0
Latvia,2021-01-30,"Moderna, Oxford/AstraZeneca, Pfizer/BioNTech",https://data.gov.lv/dati/eng/dataset/covid19-vakcinacijas,23869.0,17426.0,6445.0
Latvia,2021-01-31,"Moderna, Oxford/AstraZeneca, Pfizer/BioNTech",https://data.gov.lv/dati/eng/dataset/covid19-vakcinacijas,24219.0,17438.0,6783.0
Latvia,2021-02-01,"Moderna, Oxford/AstraZeneca, Pfizer/BioNTech",https://data.gov.lv/dati/eng/dataset/covid19-vakcinacijas,25417.0,17460.0,7959.0
Latvia,2021-02-02,"Moderna, Oxford/AstraZeneca, Pfizer/BioNTech",https://data.gov.lv/dati/eng/dataset/covid19-vakcinacijas,27246.0,17608.0,9640.0
Latvia,2021-02-03,"Moderna, Pfizer/BioNTech",https://data.gov.lv/dati/eng/dataset/covid19-vakcinacijas,28883.0,17863.0,11022.0
Latvia,2021-02-04,"Moderna, Pfizer/BioNTech",https://data.gov.lv/dati/eng/dataset/covid19-vakcinacijas,30399.0,18010.0,12391.0
Latvia,2021-02-05,"Moderna, Oxford/AstraZeneca, Pfizer/BioNTech, Sinopharm/Beijing",https://data.gov.lv/dati/eng/dataset/covid19-vakcinacijas,32076.0,18178.0,13900.0
Latvia,2021-02-06,"Moderna, Oxford/AstraZeneca, Pfizer/BioNTech",https://data.gov.lv/dati/eng/dataset/covid19-vakcinacijas,32655.0,18195.0,14462.0
Latvia,2021-02-07,"Johnson&Johnson, Oxford/AstraZeneca, Pfizer/BioNTech",https://data.gov.lv/dati/eng/dataset/covid19-vakcinacijas,32788.0,18204.0,14587.0
Latvia,2021-02-08,"Moderna, Oxford/AstraZeneca, Pfizer/BioNTech",https://data.gov.lv/dati/eng/dataset/covid19-vakcinacijas,33210.0,18467.0,14746.0
Latvia,2021-02-09,"Moderna, Oxford/AstraZeneca, Pfizer/BioNTech",https://data.gov.lv/dati/eng/dataset/covid19-vakcinacijas,33404.0,18612.0,14795.0
Latvia,2021-02-10,"Moderna, Oxford/AstraZeneca, Pfizer/BioNTech",https://data.gov.lv/dati/eng/dataset/covid19-vakcinacijas,34059.0,19060.0,15002.0
Latvia,2021-02-11,"Moderna, Oxford/AstraZeneca, Pfizer/BioNTech",https://data.gov.lv/dati/eng/dataset/covid19-vakcinacijas,35867.0,20176.0,15694.0
Latvia,2021-02-12,"Moderna, Oxford/AstraZeneca, Pfizer/BioNTech",https://data.gov.lv/dati/eng/dataset/covid19-vakcinacijas,37621.0,21366.0,16258.0
Latvia,2021-02-13,"Moderna, Oxford/AstraZeneca, Pfizer/BioNTech",https://data.gov.lv/dati/eng/dataset/covid19-vakcinacijas,38030.0,21596.0,16437.0
Latvia,2021-02-14,"Johnson&Johnson, Moderna, Oxford/AstraZeneca, Pfizer/BioNTech, Sinopharm/Beijing",https://data.gov.lv/dati/eng/dataset/covid19-vakcinacijas,38061.0,21605.0,16460.0
Latvia,2021-02-15,"Moderna, Oxford/AstraZeneca, Pfizer/BioNTech, Sinopharm/Beijing",https://data.gov.lv/dati/eng/dataset/covid19-vakcinacijas,38948.0,22335.0,16617.0
Latvia,2021-02-16,"Moderna, Oxford/AstraZeneca, Pfizer/BioNTech",https://data.gov.lv/dati/eng/dataset/covid19-vakcinacijas,40355.0,23661.0,16698.0
Latvia,2021-02-17,"Moderna, Oxford/AstraZeneca, Pfizer/BioNTech",https://data.gov.lv/dati/eng/dataset/covid19-vakcinacijas,42380.0,25501.0,16883.0
Latvia,2021-02-18,"Moderna, Oxford/AstraZeneca, Pfizer/BioNTech",https://data.gov.lv/dati/eng/dataset/covid19-vakcinacijas,43947.0,27008.0,16943.0
Latvia,2021-02-19,"Moderna, Oxford/AstraZeneca, Pfizer/BioNTech",https://data.gov.lv/dati/eng/dataset/covid19-vakcinacijas,45336.0,28336.0,17004.0
Latvia,2021-02-20,"Moderna, Oxford/AstraZeneca, Pfizer/BioNTech",https://data.gov.lv/dati/eng/dataset/covid19-vakcinacijas,46096.0,29074.0,17026.0
Latvia,2021-02-21,"Moderna, Oxford/AstraZeneca, Pfizer/BioNTech, Sinovac",https://data.gov.lv/dati/eng/dataset/covid19-vakcinacijas,46915.0,29890.0,17029.0
Latvia,2021-02-22,"Moderna, Oxford/AstraZeneca, Pfizer/BioNTech, Sinopharm/Beijing",https://data.gov.lv/dati/eng/dataset/covid19-vakcinacijas,48716.0,31654.0,17066.0
Latvia,2021-02-23,"Moderna, Oxford/AstraZeneca, Pfizer/BioNTech",https://data.gov.lv/dati/eng/dataset/covid19-vakcinacijas,51139.0,34039.0,17104.0
Latvia,2021-02-24,"Moderna, Oxford/AstraZeneca, Pfizer/BioNTech",https://data.gov.lv/dati/eng/dataset/covid19-vakcinacijas,55480.0,38342.0,17142.0
Latvia,2021-02-25,"Moderna, Oxford/AstraZeneca, Pfizer/BioNTech",https://data.gov.lv/dati/eng/dataset/covid19-vakcinacijas,59695.0,42509.0,17190.0
Latvia,2021-02-26,"Moderna, Oxford/AstraZeneca, Pfizer/BioNTech",https://data.gov.lv/dati/eng/dataset/covid19-vakcinacijas,63104.0,45828.0,17280.0
Latvia,2021-02-27,"Moderna, Oxford/AstraZeneca, Pfizer/BioNTech",https://data.gov.lv/dati/eng/dataset/covid19-vakcinacijas,63709.0,46422.0,17291.0
Latvia,2021-02-28,"Moderna, Oxford/AstraZeneca, Pfizer/BioNTech",https://data.gov.lv/dati/eng/dataset/covid19-vakcinacijas,63850.0,46559.0,17295.0
Latvia,2021-03-01,"Moderna, Oxford/AstraZeneca, Pfizer/BioNTech",https://data.gov.lv/dati/eng/dataset/covid19-vakcinacijas,65645.0,48122.0,17527.0
Latvia,2021-03-02,"Moderna, Oxford/AstraZeneca, Pfizer/BioNTech",https://data.gov.lv/dati/eng/dataset/covid19-vakcinacijas,67856.0,50025.0,17835.0
Latvia,2021-03-03,"Moderna, Oxford/AstraZeneca, Pfizer/BioNTech",https://data.gov.lv/dati/eng/dataset/covid19-vakcinacijas,72045.0,54012.0,18037.0
Latvia,2021-03-04,"Moderna, Oxford/AstraZeneca, Pfizer/BioNTech",https://data.gov.lv/dati/eng/dataset/covid19-vakcinacijas,78135.0,59978.0,18161.0
Latvia,2021-03-05,"Johnson&Johnson, Moderna, Oxford/AstraZeneca, Pfizer/BioNTech",https://data.gov.lv/dati/eng/dataset/covid19-vakcinacijas,83042.0,64745.0,18302.0
Latvia,2021-03-06,"Moderna, Oxford/AstraZeneca, Pfizer/BioNTech",https://data.gov.lv/dati/eng/dataset/covid19-vakcinacijas,83846.0,65543.0,18308.0
Latvia,2021-03-07,"Johnson&Johnson, Oxford/AstraZeneca, Pfizer/BioNTech",https://data.gov.lv/dati/eng/dataset/covid19-vakcinacijas,83942.0,65631.0,18317.0
Latvia,2021-03-08,"Johnson&Johnson, Moderna, Oxford/AstraZeneca, Pfizer/BioNTech",https://data.gov.lv/dati/eng/dataset/covid19-vakcinacijas,85681.0,67327.0,18361.0
Latvia,2021-03-09,"Moderna, Oxford/AstraZeneca, Pfizer/BioNTech",https://data.gov.lv/dati/eng/dataset/covid19-vakcinacijas,88076.0,69693.0,18390.0
Latvia,2021-03-10,"Moderna, Oxford/AstraZeneca, Pfizer/BioNTech",https://data.gov.lv/dati/eng/dataset/covid19-vakcinacijas,90614.0,72188.0,18433.0
Latvia,2021-03-11,"Moderna, Oxford/AstraZeneca, Pfizer/BioNTech",https://data.gov.lv/dati/eng/dataset/covid19-vakcinacijas,93334.0,74892.0,18449.0
Latvia,2021-03-12,"Moderna, Oxford/AstraZeneca, Pfizer/BioNTech",https://data.gov.lv/dati/eng/dataset/covid19-vakcinacijas,98405.0,79949.0,18463.0
Latvia,2021-03-13,"Moderna, Oxford/AstraZeneca, Pfizer/BioNTech",https://data.gov.lv/dati/eng/dataset/covid19-vakcinacijas,99352.0,80892.0,18467.0
Latvia,2021-03-14,"Johnson&Johnson, Moderna, Oxford/AstraZeneca, Pfizer/BioNTech, Sinovac",https://data.gov.lv/dati/eng/dataset/covid19-vakcinacijas,99433.0,80969.0,18472.0
Latvia,2021-03-15,"Moderna, Oxford/AstraZeneca, Pfizer/BioNTech, Sinopharm/Beijing",https://data.gov.lv/dati/eng/dataset/covid19-vakcinacijas,103250.0,84712.0,18546.0
Latvia,2021-03-16,"Johnson&Johnson, Moderna, Oxford/AstraZeneca, Pfizer/BioNTech",https://data.gov.lv/dati/eng/dataset/covid19-vakcinacijas,103473.0,84801.0,18682.0
Latvia,2021-03-17,"Moderna, Oxford/AstraZeneca, Pfizer/BioNTech",https://data.gov.lv/dati/eng/dataset/covid19-vakcinacijas,103672.0,84889.0,18793.0
Latvia,2021-03-18,"Johnson&Johnson, Moderna, Oxford/AstraZeneca, Pfizer/BioNTech, Sinopharm/Beijing",https://data.gov.lv/dati/eng/dataset/covid19-vakcinacijas,103978.0,84929.0,19060.0
Latvia,2021-03-19,"Moderna, Oxford/AstraZeneca, Pfizer/BioNTech",https://data.gov.lv/dati/eng/dataset/covid19-vakcinacijas,104762.0,85420.0,19353.0
Latvia,2021-03-20,"Moderna, Oxford/AstraZeneca, Pfizer/BioNTech",https://data.gov.lv/dati/eng/dataset/covid19-vakcinacijas,105194.0,85850.0,19355.0
Latvia,2021-03-21,"Moderna, Oxford/AstraZeneca, Pfizer/BioNTech, Sinopharm/Beijing",https://data.gov.lv/dati/eng/dataset/covid19-vakcinacijas,105239.0,85889.0,19361.0
Latvia,2021-03-22,"Johnson&Johnson, Moderna, Oxford/AstraZeneca, Pfizer/BioNTech",https://data.gov.lv/dati/eng/dataset/covid19-vakcinacijas,107985.0,88399.0,19599.0
Latvia,2021-03-23,"Johnson&Johnson, Moderna, Oxford/AstraZeneca, Pfizer/BioNTech",https://data.gov.lv/dati/eng/dataset/covid19-vakcinacijas,113635.0,93656.0,19993.0
Latvia,2021-03-24,"Moderna, Oxford/AstraZeneca, Pfizer/BioNTech",https://data.gov.lv/dati/eng/dataset/covid19-vakcinacijas,119909.0,99239.0,20684.0
Latvia,2021-03-25,"Moderna, Oxford/AstraZeneca, Pfizer/BioNTech",https://data.gov.lv/dati/eng/dataset/covid19-vakcinacijas,125380.0,104025.0,21369.0
Latvia,2021-03-26,"Moderna, Oxford/AstraZeneca, Pfizer/BioNTech",https://data.gov.lv/dati/eng/dataset/covid19-vakcinacijas,129441.0,107387.0,22068.0
Latvia,2021-03-27,"Moderna, Oxford/AstraZeneca, Pfizer/BioNTech",https://data.gov.lv/dati/eng/dataset/covid19-vakcinacijas,130048.0,107657.0,22405.0
Latvia,2021-03-28,"Moderna, Oxford/AstraZeneca, Pfizer/BioNTech",https://data.gov.lv/dati/eng/dataset/covid19-vakcinacijas,130091.0,107696.0,22409.0
Latvia,2021-03-29,"Moderna, Oxford/AstraZeneca, Pfizer/BioNTech, Sinopharm/Beijing",https://data.gov.lv/dati/eng/dataset/covid19-vakcinacijas,132251.0,109446.0,22819.0
Latvia,2021-03-30,"Johnson&Johnson, Moderna, Oxford/AstraZeneca, Pfizer/BioNTech, Sinopharm/Beijing",https://data.gov.lv/dati/eng/dataset/covid19-vakcinacijas,137354.0,113822.0,23548.0
Latvia,2021-03-31,"Moderna, Oxford/AstraZeneca, Pfizer/BioNTech",https://data.gov.lv/dati/eng/dataset/covid19-vakcinacijas,143214.0,118444.0,24786.0
Latvia,2021-04-01,"Johnson&Johnson, Moderna, Oxford/AstraZeneca, Pfizer/BioNTech",https://data.gov.lv/dati/eng/dataset/covid19-vakcinacijas,147444.0,121940.0,25523.0
Latvia,2021-04-02,"Johnson&Johnson, Moderna, Oxford/AstraZeneca, Pfizer/BioNTech, Sinopharm/Beijing",https://data.gov.lv/dati/eng/dataset/covid19-vakcinacijas,148042.0,122534.0,25528.0
Latvia,2021-04-03,"Johnson&Johnson, Moderna, Oxford/AstraZeneca, Pfizer/BioNTech, Sinovac",https://data.gov.lv/dati/eng/dataset/covid19-vakcinacijas,151453.0,125869.0,25606.0
Latvia,2021-04-04,"Moderna, Oxford/AstraZeneca, Pfizer/BioNTech",https://data.gov.lv/dati/eng/dataset/covid19-vakcinacijas,153091.0,127507.0,25606.0
Latvia,2021-04-05,"Johnson&Johnson, Moderna, Oxford/AstraZeneca, Pfizer/BioNTech",https://data.gov.lv/dati/eng/dataset/covid19-vakcinacijas,155977.0,130388.0,25612.0
Latvia,2021-04-06,"Johnson&Johnson, Moderna, Oxford/AstraZeneca, Pfizer/BioNTech",https://data.gov.lv/dati/eng/dataset/covid19-vakcinacijas,161438.0,135337.0,26125.0
Latvia,2021-04-07,"Johnson&Johnson, Moderna, Oxford/AstraZeneca, Pfizer/BioNTech",https://data.gov.lv/dati/eng/dataset/covid19-vakcinacijas,170765.0,144176.0,26623.0
Latvia,2021-04-08,"Johnson&Johnson, Moderna, Oxford/AstraZeneca, Pfizer/BioNTech",https://data.gov.lv/dati/eng/dataset/covid19-vakcinacijas,177899.0,151025.0,26913.0
Latvia,2021-04-09,"Johnson&Johnson, Moderna, Oxford/AstraZeneca, Pfizer/BioNTech",https://data.gov.lv/dati/eng/dataset/covid19-vakcinacijas,182861.0,155788.0,27119.0
Latvia,2021-04-10,"Moderna, Oxford/AstraZeneca, Pfizer/BioNTech",https://data.gov.lv/dati/eng/dataset/covid19-vakcinacijas,184581.0,157414.0,27213.0
Latvia,2021-04-11,"Johnson&Johnson, Moderna, Oxford/AstraZeneca, Pfizer/BioNTech, Sinopharm/Beijing",https://data.gov.lv/dati/eng/dataset/covid19-vakcinacijas,184689.0,157515.0,27222.0
Latvia,2021-04-12,"Moderna, Oxford/AstraZeneca, Pfizer/BioNTech, Sinovac",https://data.gov.lv/dati/eng/dataset/covid19-vakcinacijas,187154.0,159911.0,27291.0
Latvia,2021-04-13,"Johnson&Johnson, Moderna, Oxford/AstraZeneca, Pfizer/BioNTech",https://data.gov.lv/dati/eng/dataset/covid19-vakcinacijas,190927.0,163608.0,27368.0
Latvia,2021-04-14,"Moderna, Oxford/AstraZeneca, Pfizer/BioNTech",https://data.gov.lv/dati/eng/dataset/covid19-vakcinacijas,197303.0,169731.0,27621.0
Latvia,2021-04-15,"Moderna, Oxford/AstraZeneca, Pfizer/BioNTech",https://data.gov.lv/dati/eng/dataset/covid19-vakcinacijas,203289.0,175040.0,28298.0
Latvia,2021-04-16,"Moderna, Oxford/AstraZeneca, Pfizer/BioNTech",https://data.gov.lv/dati/eng/dataset/covid19-vakcinacijas,212450.0,183487.0,29012.0
Latvia,2021-04-17,"Moderna, Oxford/AstraZeneca, Pfizer/BioNTech",https://data.gov.lv/dati/eng/dataset/covid19-vakcinacijas,218737.0,189657.0,29129.0
Latvia,2021-04-18,"Johnson&Johnson, Moderna, Oxford/AstraZeneca, Pfizer/BioNTech, Sinopharm/Beijing, Sinovac",https://data.gov.lv/dati/eng/dataset/covid19-vakcinacijas,219678.0,190591.0,29137.0
Latvia,2021-04-19,"Moderna, Oxford/AstraZeneca, Pfizer/BioNTech",https://data.gov.lv/dati/eng/dataset/covid19-vakcinacijas,223704.0,193910.0,29844.0
Latvia,2021-04-20,"Moderna, Oxford/AstraZeneca, Pfizer/BioNTech",https://data.gov.lv/dati/eng/dataset/covid19-vakcinacijas,231144.0,199372.0,31822.0
Latvia,2021-04-21,"Johnson&Johnson, Moderna, Oxford/AstraZeneca, Pfizer/BioNTech",https://data.gov.lv/dati/eng/dataset/covid19-vakcinacijas,241397.0,206606.0,34842.0
Latvia,2021-04-22,"Moderna, Oxford/AstraZeneca, Pfizer/BioNTech, Sinovac",https://data.gov.lv/dati/eng/dataset/covid19-vakcinacijas,251307.0,214018.0,37340.0
Latvia,2021-04-23,"Moderna, Oxford/AstraZeneca, Pfizer/BioNTech",https://data.gov.lv/dati/eng/dataset/covid19-vakcinacijas,262144.0,222804.0,39391.0
Latvia,2021-04-24,"Moderna, Oxford/AstraZeneca, Pfizer/BioNTech",https://data.gov.lv/dati/eng/dataset/covid19-vakcinacijas,268383.0,228367.0,40067.0
Latvia,2021-04-25,"Moderna, Oxford/AstraZeneca, Pfizer/BioNTech",https://data.gov.lv/dati/eng/dataset/covid19-vakcinacijas,269788.0,229733.0,40106.0
Latvia,2021-04-26,"Moderna, Oxford/AstraZeneca, Pfizer/BioNTech",https://data.gov.lv/dati/eng/dataset/covid19-vakcinacijas,274391.0,232409.0,42033.0
Latvia,2021-04-27,"Johnson&Johnson, Moderna, Oxford/AstraZeneca, Pfizer/BioNTech, Sinopharm/Beijing",https://data.gov.lv/dati/eng/dataset/covid19-vakcinacijas,281938.0,237124.0,44940.0
Latvia,2021-04-28,"Johnson&Johnson, Moderna, Oxford/AstraZeneca, Pfizer/BioNTech, Sinopharm/Beijing",https://data.gov.lv/dati/eng/dataset/covid19-vakcinacijas,296722.0,248321.0,48639.0
Latvia,2021-04-29,"Johnson&Johnson, Moderna, Oxford/AstraZeneca, Pfizer/BioNTech",https://data.gov.lv/dati/eng/dataset/covid19-vakcinacijas,311150.0,258709.0,52728.0
Latvia,2021-04-30,"Johnson&Johnson, Moderna, Oxford/AstraZeneca, Pfizer/BioNTech",https://data.gov.lv/dati/eng/dataset/covid19-vakcinacijas,322731.0,267702.0,55398.0
Latvia,2021-05-01,"Johnson&Johnson, Moderna, Oxford/AstraZeneca, Pfizer/BioNTech, Sinopharm/Beijing",https://data.gov.lv/dati/eng/dataset/covid19-vakcinacijas,329598.0,274051.0,55918.0
Latvia,2021-05-02,"Johnson&Johnson, Moderna, Oxford/AstraZeneca, Pfizer/BioNTech, Sinopharm/Beijing",https://data.gov.lv/dati/eng/dataset/covid19-vakcinacijas,331218.0,275640.0,55960.0
Latvia,2021-05-03,"Johnson&Johnson, Moderna, Oxford/AstraZeneca, Pfizer/BioNTech",https://data.gov.lv/dati/eng/dataset/covid19-vakcinacijas,334201.0,277701.0,56883.0
Latvia,2021-05-04,"Johnson&Johnson, Moderna, Oxford/AstraZeneca, Pfizer/BioNTech",https://data.gov.lv/dati/eng/dataset/covid19-vakcinacijas,343045.0,286386.0,57046.0
Latvia,2021-05-05,"Johnson&Johnson, Moderna, Oxford/AstraZeneca, Pfizer/BioNTech",https://data.gov.lv/dati/eng/dataset/covid19-vakcinacijas,359806.0,295992.0,64335.0
Latvia,2021-05-06,"Johnson&Johnson, Moderna, Oxford/AstraZeneca, Pfizer/BioNTech",https://data.gov.lv/dati/eng/dataset/covid19-vakcinacijas,381508.0,309562.0,72635.0
Latvia,2021-05-07,"Johnson&Johnson, Moderna, Oxford/AstraZeneca, Pfizer/BioNTech",https://data.gov.lv/dati/eng/dataset/covid19-vakcinacijas,401567.0,321418.0,81005.0
Latvia,2021-05-08,"Johnson&Johnson, Moderna, Oxford/AstraZeneca, Pfizer/BioNTech",https://data.gov.lv/dati/eng/dataset/covid19-vakcinacijas,413889.0,331461.0,83332.0
Latvia,2021-05-09,"Johnson&Johnson, Moderna, Oxford/AstraZeneca, Pfizer/BioNTech",https://data.gov.lv/dati/eng/dataset/covid19-vakcinacijas,415531.0,332802.0,83715.0
Latvia,2021-05-10,"Johnson&Johnson, Moderna, Oxford/AstraZeneca, Pfizer/BioNTech, Sinovac",https://data.gov.lv/dati/eng/dataset/covid19-vakcinacijas,425045.0,337833.0,88323.0
Latvia,2021-05-11,"Johnson&Johnson, Moderna, Oxford/AstraZeneca, Pfizer/BioNTech",https://data.gov.lv/dati/eng/dataset/covid19-vakcinacijas,443073.0,350703.0,93761.0
Latvia,2021-05-12,"Johnson&Johnson, Moderna, Oxford/AstraZeneca, Pfizer/BioNTech",https://data.gov.lv/dati/eng/dataset/covid19-vakcinacijas,465674.0,366504.0,100964.0
Latvia,2021-05-13,"Johnson&Johnson, Moderna, Oxford/AstraZeneca, Pfizer/BioNTech",https://data.gov.lv/dati/eng/dataset/covid19-vakcinacijas,487787.0,381548.0,108431.0
Latvia,2021-05-14,"Johnson&Johnson, Moderna, Oxford/AstraZeneca, Pfizer/BioNTech",https://data.gov.lv/dati/eng/dataset/covid19-vakcinacijas,509290.0,393369.0,118673.0
Latvia,2021-05-15,"Johnson&Johnson, Moderna, Oxford/AstraZeneca, Pfizer/BioNTech",https://data.gov.lv/dati/eng/dataset/covid19-vakcinacijas,522628.0,401137.0,124334.0
Latvia,2021-05-16,"Johnson&Johnson, Moderna, Oxford/AstraZeneca, Pfizer/BioNTech",https://data.gov.lv/dati/eng/dataset/covid19-vakcinacijas,527683.0,405177.0,125370.0
Latvia,2021-05-17,"Johnson&Johnson, Moderna, Oxford/AstraZeneca, Pfizer/BioNTech",https://data.gov.lv/dati/eng/dataset/covid19-vakcinacijas,539401.0,412306.0,130336.0
Latvia,2021-05-18,"Johnson&Johnson, Moderna, Oxford/AstraZeneca, Pfizer/BioNTech, Sinopharm/Beijing",https://data.gov.lv/dati/eng/dataset/covid19-vakcinacijas,556407.0,422902.0,137683.0
Latvia,2021-05-19,"Johnson&Johnson, Moderna, Oxford/AstraZeneca, Pfizer/BioNTech",https://data.gov.lv/dati/eng/dataset/covid19-vakcinacijas,578960.0,432386.0,152026.0
Latvia,2021-05-20,"Johnson&Johnson, Moderna, Oxford/AstraZeneca, Pfizer/BioNTech",https://data.gov.lv/dati/eng/dataset/covid19-vakcinacijas,599937.0,440262.0,166421.0
Latvia,2021-05-21,"Johnson&Johnson, Moderna, Oxford/AstraZeneca, Pfizer/BioNTech",https://data.gov.lv/dati/eng/dataset/covid19-vakcinacijas,620216.0,450585.0,178319.0
Latvia,2021-05-22,"Johnson&Johnson, Moderna, Oxford/AstraZeneca, Pfizer/BioNTech",https://data.gov.lv/dati/eng/dataset/covid19-vakcinacijas,632643.0,456298.0,186137.0
Latvia,2021-05-23,"Johnson&Johnson, Moderna, Oxford/AstraZeneca, Pfizer/BioNTech, Sinovac",https://data.gov.lv/dati/eng/dataset/covid19-vakcinacijas,635500.0,457380.0,188126.0
Latvia,2021-05-24,"Johnson&Johnson, Moderna, Oxford/AstraZeneca, Pfizer/BioNTech",https://data.gov.lv/dati/eng/dataset/covid19-vakcinacijas,647301.0,463517.0,194873.0
Latvia,2021-05-25,"Johnson&Johnson, Moderna, Oxford/AstraZeneca, Pfizer/BioNTech",https://data.gov.lv/dati/eng/dataset/covid19-vakcinacijas,667904.0,470470.0,209643.0
Latvia,2021-05-26,"Johnson&Johnson, Moderna, Oxford/AstraZeneca, Pfizer/BioNTech",https://data.gov.lv/dati/eng/dataset/covid19-vakcinacijas,689884.0,478414.0,224699.0
Latvia,2021-05-27,"Johnson&Johnson, Moderna, Oxford/AstraZeneca, Pfizer/BioNTech",https://data.gov.lv/dati/eng/dataset/covid19-vakcinacijas,711860.0,484134.0,241882.0
Latvia,2021-05-28,"Johnson&Johnson, Moderna, Oxford/AstraZeneca, Pfizer/BioNTech",https://data.gov.lv/dati/eng/dataset/covid19-vakcinacijas,736661.0,494668.0,257580.0
Latvia,2021-05-29,"Johnson&Johnson, Moderna, Oxford/AstraZeneca, Pfizer/BioNTech",https://data.gov.lv/dati/eng/dataset/covid19-vakcinacijas,748563.0,499791.0,266009.0
Latvia,2021-05-30,"Johnson&Johnson, Moderna, Oxford/AstraZeneca, Pfizer/BioNTech",https://data.gov.lv/dati/eng/dataset/covid19-vakcinacijas,752721.0,502545.0,268149.0
Latvia,2021-05-31,"Johnson&Johnson, Moderna, Oxford/AstraZeneca, Pfizer/BioNTech",https://data.gov.lv/dati/eng/dataset/covid19-vakcinacijas,765774.0,508594.0,276213.0
Latvia,2021-06-01,"Johnson&Johnson, Moderna, Oxford/AstraZeneca, Pfizer/BioNTech",https://data.gov.lv/dati/eng/dataset/covid19-vakcinacijas,787078.0,515727.0,291334.0
Latvia,2021-06-02,"Johnson&Johnson, Moderna, Oxford/AstraZeneca, Pfizer/BioNTech",https://data.gov.lv/dati/eng/dataset/covid19-vakcinacijas,809086.0,520480.0,310046.0
Latvia,2021-06-03,"Johnson&Johnson, Moderna, Oxford/AstraZeneca, Pfizer/BioNTech",https://data.gov.lv/dati/eng/dataset/covid19-vakcinacijas,830985.0,525074.0,328432.0
Latvia,2021-06-04,"Johnson&Johnson, Moderna, Oxford/AstraZeneca, Pfizer/BioNTech",https://data.gov.lv/dati/eng/dataset/covid19-vakcinacijas,851000.0,531985.0,343350.0
Latvia,2021-06-05,"Johnson&Johnson, Moderna, Oxford/AstraZeneca, Pfizer/BioNTech",https://data.gov.lv/dati/eng/dataset/covid19-vakcinacijas,862289.0,535411.0,352254.0
Latvia,2021-06-06,"Johnson&Johnson, Moderna, Oxford/AstraZeneca, Pfizer/BioNTech",https://data.gov.lv/dati/eng/dataset/covid19-vakcinacijas,867529.0,536825.0,357161.0
Latvia,2021-06-07,"Johnson&Johnson, Moderna, Oxford/AstraZeneca, Pfizer/BioNTech",https://data.gov.lv/dati/eng/dataset/covid19-vakcinacijas,882406.0,542837.0,367068.0
Latvia,2021-06-08,"Johnson&Johnson, Moderna, Oxford/AstraZeneca, Pfizer/BioNTech, Sinopharm/Beijing",https://data.gov.lv/dati/eng/dataset/covid19-vakcinacijas,900540.0,548293.0,381157.0
Latvia,2021-06-09,"Johnson&Johnson, Moderna, Oxford/AstraZeneca, Pfizer/BioNTech",https://data.gov.lv/dati/eng/dataset/covid19-vakcinacijas,918919.0,554534.0,394511.0
Latvia,2021-06-10,"Johnson&Johnson, Moderna, Oxford/AstraZeneca, Pfizer/BioNTech",https://data.gov.lv/dati/eng/dataset/covid19-vakcinacijas,935951.0,560595.0,407085.0
Latvia,2021-06-11,"Johnson&Johnson, Moderna, Oxford/AstraZeneca, Pfizer/BioNTech",https://data.gov.lv/dati/eng/dataset/covid19-vakcinacijas,953322.0,566419.0,420191.0
Latvia,2021-06-12,"Johnson&Johnson, Moderna, Oxford/AstraZeneca, Pfizer/BioNTech, Sinopharm/Beijing",https://data.gov.lv/dati/eng/dataset/covid19-vakcinacijas,961610.0,570838.0,425360.0
Latvia,2021-06-13,"Johnson&Johnson, Moderna, Oxford/AstraZeneca, Pfizer/BioNTech",https://data.gov.lv/dati/eng/dataset/covid19-vakcinacijas,963265.0,572128.0,426189.0
Latvia,2021-06-14,"Johnson&Johnson, Moderna, Oxford/AstraZeneca, Pfizer/BioNTech",https://data.gov.lv/dati/eng/dataset/covid19-vakcinacijas,973665.0,575747.0,433867.0
Latvia,2021-06-15,"Johnson&Johnson, Moderna, Oxford/AstraZeneca, Pfizer/BioNTech",https://data.gov.lv/dati/eng/dataset/covid19-vakcinacijas,986638.0,580258.0,443999.0
Latvia,2021-06-16,"Johnson&Johnson, Moderna, Oxford/AstraZeneca, Pfizer/BioNTech",https://data.gov.lv/dati/eng/dataset/covid19-vakcinacijas,1002565.0,585930.0,455852.0
Latvia,2021-06-17,"Johnson&Johnson, Moderna, Oxford/AstraZeneca, Pfizer/BioNTech",https://data.gov.lv/dati/eng/dataset/covid19-vakcinacijas,1015843.0,591478.0,465241.0
Latvia,2021-06-18,"Johnson&Johnson, Moderna, Oxford/AstraZeneca, Pfizer/BioNTech",https://data.gov.lv/dati/eng/dataset/covid19-vakcinacijas,1033154.0,597188.0,478852.0
Latvia,2021-06-19,"Johnson&Johnson, Moderna, Oxford/AstraZeneca, Pfizer/BioNTech",https://data.gov.lv/dati/eng/dataset/covid19-vakcinacijas,1041662.0,600746.0,485293.0
Latvia,2021-06-20,"Johnson&Johnson, Moderna, Oxford/AstraZeneca, Pfizer/BioNTech",https://data.gov.lv/dati/eng/dataset/covid19-vakcinacijas,1045166.0,601777.0,488427.0
Latvia,2021-06-21,"Johnson&Johnson, Moderna, Oxford/AstraZeneca, Pfizer/BioNTech",https://data.gov.lv/dati/eng/dataset/covid19-vakcinacijas,1057613.0,605371.0,498797.0
Latvia,2021-06-22,"Johnson&Johnson, Moderna, Oxford/AstraZeneca, Pfizer/BioNTech",https://data.gov.lv/dati/eng/dataset/covid19-vakcinacijas,1067910.0,608361.0,507398.0
Latvia,2021-06-23,"Johnson&Johnson, Moderna, Oxford/AstraZeneca, Pfizer/BioNTech",https://data.gov.lv/dati/eng/dataset/covid19-vakcinacijas,1068289.0,608614.0,507652.0
Latvia,2021-06-24,"Johnson&Johnson, Moderna, Oxford/AstraZeneca, Pfizer/BioNTech",https://data.gov.lv/dati/eng/dataset/covid19-vakcinacijas,1068412.0,608666.0,507738.0
Latvia,2021-06-25,"Johnson&Johnson, Moderna, Oxford/AstraZeneca, Pfizer/BioNTech",https://data.gov.lv/dati/eng/dataset/covid19-vakcinacijas,1071449.0,609472.0,510297.0
Latvia,2021-06-26,"Johnson&Johnson, Moderna, Oxford/AstraZeneca, Pfizer/BioNTech",https://data.gov.lv/dati/eng/dataset/covid19-vakcinacijas,1074694.0,610747.0,512878.0
Latvia,2021-06-27,"Johnson&Johnson, Moderna, Oxford/AstraZeneca, Pfizer/BioNTech",https://data.gov.lv/dati/eng/dataset/covid19-vakcinacijas,1077003.0,611461.0,514944.0
Latvia,2021-06-28,"Johnson&Johnson, Moderna, Oxford/AstraZeneca, Pfizer/BioNTech",https://data.gov.lv/dati/eng/dataset/covid19-vakcinacijas,1092534.0,614790.0,528460.0
Latvia,2021-06-29,"Johnson&Johnson, Moderna, Oxford/AstraZeneca, Pfizer/BioNTech",https://data.gov.lv/dati/eng/dataset/covid19-vakcinacijas,1106985.0,619852.0,539707.0
Latvia,2021-06-30,"Johnson&Johnson, Moderna, Oxford/AstraZeneca, Pfizer/BioNTech",https://data.gov.lv/dati/eng/dataset/covid19-vakcinacijas,1121742.0,624780.0,551467.0
Latvia,2021-07-01,"Johnson&Johnson, Moderna, Oxford/AstraZeneca, Pfizer/BioNTech",https://data.gov.lv/dati/eng/dataset/covid19-vakcinacijas,1133550.0,629542.0,560184.0
Latvia,2021-07-02,"Johnson&Johnson, Moderna, Oxford/AstraZeneca, Pfizer/BioNTech",https://data.gov.lv/dati/eng/dataset/covid19-vakcinacijas,1146007.0,634663.0,569492.0
Latvia,2021-07-03,"Johnson&Johnson, Moderna, Oxford/AstraZeneca, Pfizer/BioNTech",https://data.gov.lv/dati/eng/dataset/covid19-vakcinacijas,1154676.0,637841.0,576574.0
Latvia,2021-07-04,"Johnson&Johnson, Moderna, Oxford/AstraZeneca, Pfizer/BioNTech",https://data.gov.lv/dati/eng/dataset/covid19-vakcinacijas,1156912.0,639257.0,578226.0
Latvia,2021-07-05,"Johnson&Johnson, Moderna, Oxford/AstraZeneca, Pfizer/BioNTech",https://data.gov.lv/dati/eng/dataset/covid19-vakcinacijas,1164664.0,643353.0,583427.0
Latvia,2021-07-06,"Johnson&Johnson, Moderna, Oxford/AstraZeneca, Pfizer/BioNTech",https://data.gov.lv/dati/eng/dataset/covid19-vakcinacijas,1173581.0,648149.0,589603.0
Latvia,2021-07-07,"Johnson&Johnson, Moderna, Oxford/AstraZeneca, Pfizer/BioNTech",https://data.gov.lv/dati/eng/dataset/covid19-vakcinacijas,1183785.0,653554.0,596951.0
Latvia,2021-07-08,"Johnson&Johnson, Moderna, Oxford/AstraZeneca, Pfizer/BioNTech",https://data.gov.lv/dati/eng/dataset/covid19-vakcinacijas,1192502.0,658013.0,603201.0
Latvia,2021-07-09,"Johnson&Johnson, Moderna, Oxford/AstraZeneca, Pfizer/BioNTech",https://data.gov.lv/dati/eng/dataset/covid19-vakcinacijas,1203842.0,663357.0,611732.0
Latvia,2021-07-10,"Johnson&Johnson, Moderna, Oxford/AstraZeneca, Pfizer/BioNTech",https://data.gov.lv/dati/eng/dataset/covid19-vakcinacijas,1211892.0,666274.0,618498.0
Latvia,2021-07-11,"Johnson&Johnson, Moderna, Oxford/AstraZeneca, Pfizer/BioNTech",https://data.gov.lv/dati/eng/dataset/covid19-vakcinacijas,1213969.0,667713.0,620055.0
Latvia,2021-07-12,"Johnson&Johnson, Moderna, Oxford/AstraZeneca, Pfizer/BioNTech, Sinopharm/Beijing",https://data.gov.lv/dati/eng/dataset/covid19-vakcinacijas,1220471.0,671287.0,624648.0
Latvia,2021-07-13,"Johnson&Johnson, Moderna, Oxford/AstraZeneca, Pfizer/BioNTech",https://data.gov.lv/dati/eng/dataset/covid19-vakcinacijas,1227149.0,675763.0,628987.0
Latvia,2021-07-14,"Johnson&Johnson, Moderna, Oxford/AstraZeneca, Pfizer/BioNTech, Sinopharm/Beijing",https://data.gov.lv/dati/eng/dataset/covid19-vakcinacijas,1233066.0,680614.0,632386.0
Latvia,2021-07-15,"Johnson&Johnson, Moderna, Oxford/AstraZeneca, Pfizer/BioNTech",https://data.gov.lv/dati/eng/dataset/covid19-vakcinacijas,1237893.0,684573.0,634944.0
Latvia,2021-07-16,"Johnson&Johnson, Moderna, Oxford/AstraZeneca, Pfizer/BioNTech",https://data.gov.lv/dati/eng/dataset/covid19-vakcinacijas,1243603.0,689208.0,637971.0
Latvia,2021-07-17,"Johnson&Johnson, Moderna, Oxford/AstraZeneca, Pfizer/BioNTech",https://data.gov.lv/dati/eng/dataset/covid19-vakcinacijas,1247273.0,692188.0,640245.0
Latvia,2021-07-18,"Johnson&Johnson, Moderna, Oxford/AstraZeneca, Pfizer/BioNTech",https://data.gov.lv/dati/eng/dataset/covid19-vakcinacijas,1248550.0,693084.0,641044.0
Latvia,2021-07-19,"Johnson&Johnson, Moderna, Oxford/AstraZeneca, Pfizer/BioNTech",https://data.gov.lv/dati/eng/dataset/covid19-vakcinacijas,1253666.0,696190.0,644247.0
Latvia,2021-07-20,"Johnson&Johnson, Moderna, Oxford/AstraZeneca, Pfizer/BioNTech, Sinopharm/Beijing",https://data.gov.lv/dati/eng/dataset/covid19-vakcinacijas,1260490.0,700189.0,648344.0
Latvia,2021-07-21,"Johnson&Johnson, Moderna, Oxford/AstraZeneca, Pfizer/BioNTech",https://data.gov.lv/dati/eng/dataset/covid19-vakcinacijas,1267898.0,704560.0,652825.0
Latvia,2021-07-22,"Johnson&Johnson, Moderna, Oxford/AstraZeneca, Pfizer/BioNTech",https://data.gov.lv/dati/eng/dataset/covid19-vakcinacijas,1274470.0,708218.0,656975.0
Latvia,2021-07-23,"Johnson&Johnson, Moderna, Oxford/AstraZeneca, Pfizer/BioNTech",https://data.gov.lv/dati/eng/dataset/covid19-vakcinacijas,1280775.0,711881.0,660598.0
Latvia,2021-07-24,"Johnson&Johnson, Moderna, Oxford/AstraZeneca, Pfizer/BioNTech",https://data.gov.lv/dati/eng/dataset/covid19-vakcinacijas,1285528.0,715012.0,663284.0
Latvia,2021-07-25,"Johnson&Johnson, Moderna, Oxford/AstraZeneca, Pfizer/BioNTech",https://data.gov.lv/dati/eng/dataset/covid19-vakcinacijas,1286906.0,715799.0,664135.0
Latvia,2021-07-26,"Johnson&Johnson, Moderna, Oxford/AstraZeneca, Pfizer/BioNTech",https://data.gov.lv/dati/eng/dataset/covid19-vakcinacijas,1292633.0,718682.0,667611.0
Latvia,2021-07-27,"Johnson&Johnson, Moderna, Oxford/AstraZeneca, Pfizer/BioNTech",https://data.gov.lv/dati/eng/dataset/covid19-vakcinacijas,1298922.0,722123.0,671062.0
Latvia,2021-07-28,"Johnson&Johnson, Moderna, Oxford/AstraZeneca, Pfizer/BioNTech",https://data.gov.lv/dati/eng/dataset/covid19-vakcinacijas,1305895.0,725799.0,674971.0
Latvia,2021-07-29,"Johnson&Johnson, Moderna, Oxford/AstraZeneca, Pfizer/BioNTech",https://data.gov.lv/dati/eng/dataset/covid19-vakcinacijas,1311435.0,729024.0,677916.0
Latvia,2021-07-30,"Johnson&Johnson, Moderna, Oxford/AstraZeneca, Pfizer/BioNTech",https://data.gov.lv/dati/eng/dataset/covid19-vakcinacijas,1318362.0,732818.0,681601.0
Latvia,2021-07-31,"Johnson&Johnson, Moderna, Oxford/AstraZeneca, Pfizer/BioNTech",https://data.gov.lv/dati/eng/dataset/covid19-vakcinacijas,1322218.0,735353.0,683586.0
Latvia,2021-08-01,"Johnson&Johnson, Moderna, Oxford/AstraZeneca, Pfizer/BioNTech",https://data.gov.lv/dati/eng/dataset/covid19-vakcinacijas,1323646.0,736289.0,684407.0
Latvia,2021-08-02,"Johnson&Johnson, Moderna, Oxford/AstraZeneca, Pfizer/BioNTech",https://data.gov.lv/dati/eng/dataset/covid19-vakcinacijas,1328533.0,739264.0,686981.0
Latvia,2021-08-03,"Johnson&Johnson, Moderna, Oxford/AstraZeneca, Pfizer/BioNTech",https://data.gov.lv/dati/eng/dataset/covid19-vakcinacijas,1334909.0,742938.0,690600.0
Latvia,2021-08-04,"Johnson&Johnson, Moderna, Oxford/AstraZeneca, Pfizer/BioNTech, Sinopharm/Beijing",https://data.gov.lv/dati/eng/dataset/covid19-vakcinacijas,1341457.0,746934.0,693976.0
Latvia,2021-08-05,"Johnson&Johnson, Moderna, Oxford/AstraZeneca, Pfizer/BioNTech",https://data.gov.lv/dati/eng/dataset/covid19-vakcinacijas,1346693.0,750126.0,696523.0
Latvia,2021-08-06,"Johnson&Johnson, Moderna, Oxford/AstraZeneca, Pfizer/BioNTech",https://data.gov.lv/dati/eng/dataset/covid19-vakcinacijas,1353269.0,754122.0,699929.0
Latvia,2021-08-07,"Johnson&Johnson, Moderna, Oxford/AstraZeneca, Pfizer/BioNTech",https://data.gov.lv/dati/eng/dataset/covid19-vakcinacijas,1357424.0,756982.0,702570.0
Latvia,2021-08-08,"Johnson&Johnson, Moderna, Oxford/AstraZeneca, Pfizer/BioNTech",https://data.gov.lv/dati/eng/dataset/covid19-vakcinacijas,1358540.0,757758.0,703207.0
Latvia,2021-08-09,"Johnson&Johnson, Moderna, Oxford/AstraZeneca, Pfizer/BioNTech",https://data.gov.lv/dati/eng/dataset/covid19-vakcinacijas,1363312.0,760493.0,705534.0
Latvia,2021-08-10,"Johnson&Johnson, Moderna, Oxford/AstraZeneca, Pfizer/BioNTech",https://data.gov.lv/dati/eng/dataset/covid19-vakcinacijas,1369309.0,763832.0,708677.0
Latvia,2021-08-11,"Johnson&Johnson, Moderna, Oxford/AstraZeneca, Pfizer/BioNTech",https://data.gov.lv/dati/eng/dataset/covid19-vakcinacijas,1376850.0,768483.0,712167.0
Latvia,2021-08-12,"Johnson&Johnson, Moderna, Oxford/AstraZeneca, Pfizer/BioNTech",https://data.gov.lv/dati/eng/dataset/covid19-vakcinacijas,1382183.0,771618.0,714664.0
Latvia,2021-08-13,"Johnson&Johnson, Moderna, Oxford/AstraZeneca, Pfizer/BioNTech",https://data.gov.lv/dati/eng/dataset/covid19-vakcinacijas,1388749.0,775649.0,717639.0
Latvia,2021-08-14,"Johnson&Johnson, Moderna, Oxford/AstraZeneca, Pfizer/BioNTech",https://data.gov.lv/dati/eng/dataset/covid19-vakcinacijas,1392658.0,777988.0,719523.0
Latvia,2021-08-15,"Johnson&Johnson, Moderna, Oxford/AstraZeneca, Pfizer/BioNTech",https://data.gov.lv/dati/eng/dataset/covid19-vakcinacijas,1393926.0,778679.0,720190.0
Latvia,2021-08-16,"Johnson&Johnson, Moderna, Oxford/AstraZeneca, Pfizer/BioNTech",https://data.gov.lv/dati/eng/dataset/covid19-vakcinacijas,1398721.0,781302.0,722576.0
Latvia,2021-08-17,"Johnson&Johnson, Moderna, Oxford/AstraZeneca, Pfizer/BioNTech",https://data.gov.lv/dati/eng/dataset/covid19-vakcinacijas,1404757.0,784464.0,725755.0
Latvia,2021-08-18,"Johnson&Johnson, Moderna, Oxford/AstraZeneca, Pfizer/BioNTech",https://data.gov.lv/dati/eng/dataset/covid19-vakcinacijas,1412144.0,789021.0,729207.0
Latvia,2021-08-19,"Johnson&Johnson, Moderna, Oxford/AstraZeneca, Pfizer/BioNTech",https://data.gov.lv/dati/eng/dataset/covid19-vakcinacijas,1417838.0,792324.0,732015.0
Latvia,2021-08-20,"Johnson&Johnson, Moderna, Oxford/AstraZeneca, Pfizer/BioNTech",https://data.gov.lv/dati/eng/dataset/covid19-vakcinacijas,1424898.0,796372.0,735562.0
Latvia,2021-08-21,"Johnson&Johnson, Moderna, Oxford/AstraZeneca, Pfizer/BioNTech",https://data.gov.lv/dati/eng/dataset/covid19-vakcinacijas,1428657.0,798535.0,737453.0
Latvia,2021-08-22,"Johnson&Johnson, Moderna, Oxford/AstraZeneca, Pfizer/BioNTech",https://data.gov.lv/dati/eng/dataset/covid19-vakcinacijas,1429949.0,799285.0,738056.0
Latvia,2021-08-23,"Johnson&Johnson, Moderna, Oxford/AstraZeneca, Pfizer/BioNTech",https://data.gov.lv/dati/eng/dataset/covid19-vakcinacijas,1435225.0,802154.0,740779.0
Latvia,2021-08-24,"Johnson&Johnson, Moderna, Oxford/AstraZeneca, Pfizer/BioNTech, Sinopharm/Beijing",https://data.gov.lv/dati/eng/dataset/covid19-vakcinacijas,1441356.0,805775.0,743732.0
Latvia,2021-08-25,"Johnson&Johnson, Moderna, Oxford/AstraZeneca, Pfizer/BioNTech",https://data.gov.lv/dati/eng/dataset/covid19-vakcinacijas,1448151.0,809424.0,747214.0
Latvia,2021-08-26,"Johnson&Johnson, Moderna, Oxford/AstraZeneca, Pfizer/BioNTech",https://data.gov.lv/dati/eng/dataset/covid19-vakcinacijas,1453703.0,812548.0,749901.0
Latvia,2021-08-27,"Johnson&Johnson, Moderna, Oxford/AstraZeneca, Pfizer/BioNTech",https://data.gov.lv/dati/eng/dataset/covid19-vakcinacijas,1460998.0,816824.0,753447.0
Latvia,2021-08-28,"Johnson&Johnson, Moderna, Oxford/AstraZeneca, Pfizer/BioNTech",https://data.gov.lv/dati/eng/dataset/covid19-vakcinacijas,1464455.0,818843.0,754994.0
Latvia,2021-08-29,"Johnson&Johnson, Moderna, Oxford/AstraZeneca, Pfizer/BioNTech",https://data.gov.lv/dati/eng/dataset/covid19-vakcinacijas,1465613.0,819532.0,755483.0
Latvia,2021-08-30,"Johnson&Johnson, Moderna, Oxford/AstraZeneca, Pfizer/BioNTech",https://data.gov.lv/dati/eng/dataset/covid19-vakcinacijas,1471470.0,822651.0,758559.0
Latvia,2021-08-31,"Johnson&Johnson, Moderna, Oxford/AstraZeneca, Pfizer/BioNTech",https://data.gov.lv/dati/eng/dataset/covid19-vakcinacijas,1477642.0,826182.0,761494.0
Latvia,2021-09-01,"Johnson&Johnson, Moderna, Oxford/AstraZeneca, Pfizer/BioNTech",https://data.gov.lv/dati/eng/dataset/covid19-vakcinacijas,1483404.0,828820.0,764775.0
Latvia,2021-09-02,"Johnson&Johnson, Moderna, Oxford/AstraZeneca, Pfizer/BioNTech",https://data.gov.lv/dati/eng/dataset/covid19-vakcinacijas,1488807.0,831693.0,767536.0
Latvia,2021-09-03,"Johnson&Johnson, Moderna, Oxford/AstraZeneca, Pfizer/BioNTech",https://data.gov.lv/dati/eng/dataset/covid19-vakcinacijas,1495319.0,834861.0,771037.0
Latvia,2021-09-04,"Johnson&Johnson, Moderna, Oxford/AstraZeneca, Pfizer/BioNTech",https://data.gov.lv/dati/eng/dataset/covid19-vakcinacijas,1498882.0,836447.0,773060.0
Latvia,2021-09-05,"Johnson&Johnson, Moderna, Oxford/AstraZeneca, Pfizer/BioNTech",https://data.gov.lv/dati/eng/dataset/covid19-vakcinacijas,1499894.0,836979.0,773545.0
Latvia,2021-09-06,"Johnson&Johnson, Moderna, Oxford/AstraZeneca, Pfizer/BioNTech",https://data.gov.lv/dati/eng/dataset/covid19-vakcinacijas,1504275.0,839190.0,775781.0
Latvia,2021-09-07,"Johnson&Johnson, Moderna, Oxford/AstraZeneca, Pfizer/BioNTech",https://data.gov.lv/dati/eng/dataset/covid19-vakcinacijas,1509327.0,841958.0,778166.0
Latvia,2021-09-08,"Johnson&Johnson, Moderna, Oxford/AstraZeneca, Pfizer/BioNTech",https://data.gov.lv/dati/eng/dataset/covid19-vakcinacijas,1516311.0,845236.0,782024.0
Latvia,2021-09-09,"Johnson&Johnson, Moderna, Oxford/AstraZeneca, Pfizer/BioNTech",https://data.gov.lv/dati/eng/dataset/covid19-vakcinacijas,1522114.0,848237.0,784999.0
Latvia,2021-09-10,"Johnson&Johnson, Moderna, Oxford/AstraZeneca, Pfizer/BioNTech",https://data.gov.lv/dati/eng/dataset/covid19-vakcinacijas,1528763.0,851621.0,788495.0
Latvia,2021-09-11,"Johnson&Johnson, Moderna, Oxford/AstraZeneca, Pfizer/BioNTech",https://data.gov.lv/dati/eng/dataset/covid19-vakcinacijas,1531668.0,853049.0,789996.0
Latvia,2021-09-12,"Johnson&Johnson, Moderna, Oxford/AstraZeneca, Pfizer/BioNTech",https://data.gov.lv/dati/eng/dataset/covid19-vakcinacijas,1532706.0,853653.0,790438.0
Latvia,2021-09-13,"Johnson&Johnson, Moderna, Oxford/AstraZeneca, Pfizer/BioNTech",https://data.gov.lv/dati/eng/dataset/covid19-vakcinacijas,1537388.0,855670.0,793175.0
Latvia,2021-09-14,"Johnson&Johnson, Moderna, Oxford/AstraZeneca, Pfizer/BioNTech",https://data.gov.lv/dati/eng/dataset/covid19-vakcinacijas,1542582.0,858220.0,795901.0
Latvia,2021-09-15,"Johnson&Johnson, Moderna, Oxford/AstraZeneca, Pfizer/BioNTech",https://data.gov.lv/dati/eng/dataset/covid19-vakcinacijas,1548693.0,861124.0,799226.0
Latvia,2021-09-16,"Johnson&Johnson, Moderna, Oxford/AstraZeneca, Pfizer/BioNTech",https://data.gov.lv/dati/eng/dataset/covid19-vakcinacijas,1554488.0,864091.0,802347.0
Latvia,2021-09-17,"Johnson&Johnson, Moderna, Oxford/AstraZeneca, Pfizer/BioNTech",https://data.gov.lv/dati/eng/dataset/covid19-vakcinacijas,1561826.0,867829.0,806657.0
Latvia,2021-09-18,"Johnson&Johnson, Moderna, Oxford/AstraZeneca, Pfizer/BioNTech",https://data.gov.lv/dati/eng/dataset/covid19-vakcinacijas,1566075.0,870396.0,809427.0
Latvia,2021-09-19,"Johnson&Johnson, Moderna, Oxford/AstraZeneca, Pfizer/BioNTech",https://data.gov.lv/dati/eng/dataset/covid19-vakcinacijas,1567136.0,870863.0,810102.0
Latvia,2021-09-20,"Johnson&Johnson, Moderna, Oxford/AstraZeneca, Pfizer/BioNTech",https://data.gov.lv/dati/eng/dataset/covid19-vakcinacijas,1572185.0,873254.0,813187.0
Latvia,2021-09-21,"Johnson&Johnson, Moderna, Oxford/AstraZeneca, Pfizer/BioNTech",https://data.gov.lv/dati/eng/dataset/covid19-vakcinacijas,1578543.0,876427.0,817043.0
Latvia,2021-09-22,"Johnson&Johnson, Moderna, Oxford/AstraZeneca, Pfizer/BioNTech",https://data.gov.lv/dati/eng/dataset/covid19-vakcinacijas,1585084.0,880428.0,820328.0
Latvia,2021-09-23,"Johnson&Johnson, Moderna, Oxford/AstraZeneca, Pfizer/BioNTech",https://data.gov.lv/dati/eng/dataset/covid19-vakcinacijas,1592063.0,884884.0,824704.0
Latvia,2021-09-24,"Johnson&Johnson, Moderna, Oxford/AstraZeneca, Pfizer/BioNTech",https://data.gov.lv/dati/eng/dataset/covid19-vakcinacijas,1601144.0,890995.0,830807.0
Latvia,2021-09-25,"Johnson&Johnson, Moderna, Oxford/AstraZeneca, Pfizer/BioNTech",https://data.gov.lv/dati/eng/dataset/covid19-vakcinacijas,1607163.0,895418.0,835202.0
Latvia,2021-09-26,"Johnson&Johnson, Moderna, Oxford/AstraZeneca, Pfizer/BioNTech",https://data.gov.lv/dati/eng/dataset/covid19-vakcinacijas,1608844.0,896520.0,836378.0
Latvia,2021-09-27,"Johnson&Johnson, Moderna, Oxford/AstraZeneca, Pfizer/BioNTech",https://data.gov.lv/dati/eng/dataset/covid19-vakcinacijas,1615335.0,900813.0,840713.0
Latvia,2021-09-28,"Johnson&Johnson, Moderna, Oxford/AstraZeneca, Pfizer/BioNTech",https://data.gov.lv/dati/eng/dataset/covid19-vakcinacijas,1621888.0,904990.0,845136.0
Latvia,2021-09-29,"Johnson&Johnson, Moderna, Oxford/AstraZeneca, Pfizer/BioNTech",https://data.gov.lv/dati/eng/dataset/covid19-vakcinacijas,1629852.0,910038.0,850403.0
Latvia,2021-09-30,"Johnson&Johnson, Moderna, Oxford/AstraZeneca, Pfizer/BioNTech",https://data.gov.lv/dati/eng/dataset/covid19-vakcinacijas,1638036.0,915533.0,856239.0
Latvia,2021-10-01,"Johnson&Johnson, Moderna, Oxford/AstraZeneca, Pfizer/BioNTech",https://data.gov.lv/dati/eng/dataset/covid19-vakcinacijas,1646799.0,921281.0,862317.0
Latvia,2021-10-02,"Johnson&Johnson, Moderna, Oxford/AstraZeneca, Pfizer/BioNTech",https://data.gov.lv/dati/eng/dataset/covid19-vakcinacijas,1651485.0,924674.0,865506.0
Latvia,2021-10-03,"Johnson&Johnson, Moderna, Pfizer/BioNTech",https://data.gov.lv/dati/eng/dataset/covid19-vakcinacijas,1653556.0,926191.0,866914.0
Latvia,2021-10-04,"Johnson&Johnson, Moderna, Pfizer/BioNTech",https://data.gov.lv/dati/eng/dataset/covid19-vakcinacijas,1659237.0,929907.0,870643.0
Latvia,2021-10-05,"Johnson&Johnson, Moderna, Pfizer/BioNTech",https://data.gov.lv/dati/eng/dataset/covid19-vakcinacijas,1666449.0,934655.0,875248.0
Latvia,2021-10-06,"Johnson&Johnson, Moderna, Pfizer/BioNTech",https://data.gov.lv/dati/eng/dataset/covid19-vakcinacijas,1674603.0,940087.0,880258.0
Latvia,2021-10-07,"Johnson&Johnson, Moderna, Oxford/AstraZeneca, Pfizer/BioNTech",https://data.gov.lv/dati/eng/dataset/covid19-vakcinacijas,1682041.0,945168.0,884687.0
Latvia,2021-10-08,"Johnson&Johnson, Moderna, Oxford/AstraZeneca, Pfizer/BioNTech",https://data.gov.lv/dati/eng/dataset/covid19-vakcinacijas,1692641.0,952719.0,890797.0
Latvia,2021-10-09,"Johnson&Johnson, Moderna, Oxford/AstraZeneca, Pfizer/BioNTech",https://data.gov.lv/dati/eng/dataset/covid19-vakcinacijas,1700638.0,959246.0,895672.0
Latvia,2021-10-10,"Johnson&Johnson, Moderna, Pfizer/BioNTech",https://data.gov.lv/dati/eng/dataset/covid19-vakcinacijas,1704070.0,962149.0,897619.0
Latvia,2021-10-11,"Johnson&Johnson, Moderna, Oxford/AstraZeneca, Pfizer/BioNTech",https://data.gov.lv/dati/eng/dataset/covid19-vakcinacijas,1712971.0,969251.0,902437.0
Latvia,2021-10-12,"Johnson&Johnson, Moderna, Oxford/AstraZeneca, Pfizer/BioNTech",https://data.gov.lv/dati/eng/dataset/covid19-vakcinacijas,1724558.0,978601.0,908381.0
Latvia,2021-10-13,"Johnson&Johnson, Moderna, Oxford/AstraZeneca, Pfizer/BioNTech",https://data.gov.lv/dati/eng/dataset/covid19-vakcinacijas,1738545.0,989469.0,915324.0
Latvia,2021-10-14,"Johnson&Johnson, Moderna, Oxford/AstraZeneca, Pfizer/BioNTech",https://data.gov.lv/dati/eng/dataset/covid19-vakcinacijas,1752346.0,1000717.0,922358.0
Latvia,2021-10-15,"Johnson&Johnson, Moderna, Oxford/AstraZeneca, Pfizer/BioNTech",https://data.gov.lv/dati/eng/dataset/covid19-vakcinacijas,1769602.0,1015296.0,930795.0
Latvia,2021-10-16,"Johnson&Johnson, Moderna, Oxford/AstraZeneca, Pfizer/BioNTech",https://data.gov.lv/dati/eng/dataset/covid19-vakcinacijas,1782171.0,1026329.0,937089.0
Latvia,2021-10-17,"Johnson&Johnson, Moderna, Oxford/AstraZeneca, Pfizer/BioNTech",https://data.gov.lv/dati/eng/dataset/covid19-vakcinacijas,1787107.0,1030810.0,939115.0
Latvia,2021-10-18,"Johnson&Johnson, Moderna, Oxford/AstraZeneca, Pfizer/BioNTech",https://data.gov.lv/dati/eng/dataset/covid19-vakcinacijas,1799954.0,1041538.0,944961.0
Latvia,2021-10-19,"Johnson&Johnson, Moderna, Oxford/AstraZeneca, Pfizer/BioNTech",https://data.gov.lv/dati/eng/dataset/covid19-vakcinacijas,1813775.0,1053360.0,950739.0
Latvia,2021-10-20,"Johnson&Johnson, Moderna, Pfizer/BioNTech",https://data.gov.lv/dati/eng/dataset/covid19-vakcinacijas,1828250.0,1065286.0,956697.0
Latvia,2021-10-21,"Johnson&Johnson, Moderna, Pfizer/BioNTech",https://data.gov.lv/dati/eng/dataset/covid19-vakcinacijas,1843489.0,1078236.0,963624.0
Latvia,2021-10-22,"Johnson&Johnson, Moderna, Pfizer/BioNTech",https://data.gov.lv/dati/eng/dataset/covid19-vakcinacijas,1859732.0,1091927.0,971081.0
Latvia,2021-10-23,"Johnson&Johnson, Moderna, Oxford/AstraZeneca, Pfizer/BioNTech",https://data.gov.lv/dati/eng/dataset/covid19-vakcinacijas,1869830.0,1100554.0,975982.0
Latvia,2021-10-24,"Johnson&Johnson, Moderna, Oxford/AstraZeneca, Pfizer/BioNTech",https://data.gov.lv/dati/eng/dataset/covid19-vakcinacijas,1872915.0,1103165.0,977472.0
Latvia,2021-10-25,"Johnson&Johnson, Moderna, Oxford/AstraZeneca, Pfizer/BioNTech",https://data.gov.lv/dati/eng/dataset/covid19-vakcinacijas,1884056.0,1112360.0,982824.0
Latvia,2021-10-26,"Johnson&Johnson, Moderna, Pfizer/BioNTech",https://data.gov.lv/dati/eng/dataset/covid19-vakcinacijas,1896264.0,1122366.0,988397.0
Latvia,2021-10-27,"Johnson&Johnson, Moderna, Oxford/AstraZeneca, Pfizer/BioNTech",https://data.gov.lv/dati/eng/dataset/covid19-vakcinacijas,1909598.0,1133062.0,994436.0
Latvia,2021-10-28,"Johnson&Johnson, Moderna, Oxford/AstraZeneca, Pfizer/BioNTech",https://data.gov.lv/dati/eng/dataset/covid19-vakcinacijas,1922450.0,1143102.0,1000587.0
Latvia,2021-10-29,"Johnson&Johnson, Moderna, Oxford/AstraZeneca, Pfizer/BioNTech",https://data.gov.lv/dati/eng/dataset/covid19-vakcinacijas,1936993.0,1153771.0,1008069.0
Latvia,2021-10-30,"Johnson&Johnson, Moderna, Oxford/AstraZeneca, Pfizer/BioNTech",https://data.gov.lv/dati/eng/dataset/covid19-vakcinacijas,1945843.0,1159883.0,1013384.0
Latvia,2021-10-31,"Johnson&Johnson, Moderna, Pfizer/BioNTech",https://data.gov.lv/dati/eng/dataset/covid19-vakcinacijas,1948610.0,1161597.0,1015168.0
Latvia,2021-11-01,"Johnson&Johnson, Moderna, Oxford/AstraZeneca, Pfizer/BioNTech",https://data.gov.lv/dati/eng/dataset/covid19-vakcinacijas,1959012.0,1168173.0,1021335.0
Latvia,2021-11-02,"Johnson&Johnson, Moderna, Oxford/AstraZeneca, Pfizer/BioNTech",https://data.gov.lv/dati/eng/dataset/covid19-vakcinacijas,1971717.0,1175657.0,1028977.0
Latvia,2021-11-03,"Johnson&Johnson, Moderna, Oxford/AstraZeneca, Pfizer/BioNTech",https://data.gov.lv/dati/eng/dataset/covid19-vakcinacijas,1985736.0,1183715.0,1037451.0
Latvia,2021-11-04,"Johnson&Johnson, Moderna, Pfizer/BioNTech",https://data.gov.lv/dati/eng/dataset/covid19-vakcinacijas,1998776.0,1190782.0,1045829.0
Latvia,2021-11-05,"Johnson&Johnson, Moderna, Oxford/AstraZeneca, Pfizer/BioNTech",https://data.gov.lv/dati/eng/dataset/covid19-vakcinacijas,2013434.0,1197656.0,1055838.0
Latvia,2021-11-06,"Johnson&Johnson, Moderna, Oxford/AstraZeneca, Pfizer/BioNTech",https://data.gov.lv/dati/eng/dataset/covid19-vakcinacijas,2022978.0,1201833.0,1062896.0
Latvia,2021-11-07,"Johnson&Johnson, Moderna, Oxford/AstraZeneca, Pfizer/BioNTech",https://data.gov.lv/dati/eng/dataset/covid19-vakcinacijas,2026360.0,1203099.0,1065562.0
Latvia,2021-11-08,"Johnson&Johnson, Moderna, Oxford/AstraZeneca, Pfizer/BioNTech",https://data.gov.lv/dati/eng/dataset/covid19-vakcinacijas,2037903.0,1208011.0,1073915.0
Latvia,2021-11-09,"Johnson&Johnson, Moderna, Oxford/AstraZeneca, Pfizer/BioNTech",https://data.gov.lv/dati/eng/dataset/covid19-vakcinacijas,2050230.0,1213287.0,1082711.0
Latvia,2021-11-10,"Johnson&Johnson, Moderna, Oxford/AstraZeneca, Pfizer/BioNTech",https://data.gov.lv/dati/eng/dataset/covid19-vakcinacijas,2063162.0,1218724.0,1091875.0
Latvia,2021-11-11,"Johnson&Johnson, Moderna, Oxford/AstraZeneca, Pfizer/BioNTech",https://data.gov.lv/dati/eng/dataset/covid19-vakcinacijas,2076010.0,1224147.0,1101109.0
Latvia,2021-11-12,"Johnson&Johnson, Moderna, Oxford/AstraZeneca, Pfizer/BioNTech",https://data.gov.lv/dati/eng/dataset/covid19-vakcinacijas,2087786.0,1229732.0,1109132.0
Latvia,2021-11-13,"Johnson&Johnson, Moderna, Oxford/AstraZeneca, Pfizer/BioNTech",https://data.gov.lv/dati/eng/dataset/covid19-vakcinacijas,2095763.0,1233937.0,1114546.0
Latvia,2021-11-14,"Johnson&Johnson, Moderna, Pfizer/BioNTech",https://data.gov.lv/dati/eng/dataset/covid19-vakcinacijas,2098223.0,1235205.0,1116289.0
Latvia,2021-11-15,"Johnson&Johnson, Moderna, Pfizer/BioNTech",https://data.gov.lv/dati/eng/dataset/covid19-vakcinacijas,2106153.0,1239466.0,1121496.0
Latvia,2021-11-16,"Johnson&Johnson, Moderna, Oxford/AstraZeneca, Pfizer/BioNTech",https://data.gov.lv/dati/eng/dataset/covid19-vakcinacijas,2114787.0,1244205.0,1127023.0
Latvia,2021-11-17,"Johnson&Johnson, Moderna, Oxford/AstraZeneca, Pfizer/BioNTech",https://data.gov.lv/dati/eng/dataset/covid19-vakcinacijas,2124878.0,1249034.0,1133991.0
Latvia,2021-11-18,"Johnson&Johnson, Moderna, Pfizer/BioNTech",https://data.gov.lv/dati/eng/dataset/covid19-vakcinacijas,2125969.0,1249641.0,1134689.0
Latvia,2021-11-19,"Johnson&Johnson, Moderna, Oxford/AstraZeneca, Pfizer/BioNTech",https://data.gov.lv/dati/eng/dataset/covid19-vakcinacijas,2130861.0,1251372.0,1138380.0
Latvia,2021-11-20,"Johnson&Johnson, Moderna, Pfizer/BioNTech",https://data.gov.lv/dati/eng/dataset/covid19-vakcinacijas,2135793.0,1253121.0,1142282.0
Latvia,2021-11-21,"Johnson&Johnson, Moderna, Pfizer/BioNTech",https://data.gov.lv/dati/eng/dataset/covid19-vakcinacijas,2137081.0,1253730.0,1143229.0
Latvia,2021-11-22,"Johnson&Johnson, Moderna, Oxford/AstraZeneca, Pfizer/BioNTech",https://data.gov.lv/dati/eng/dataset/covid19-vakcinacijas,2143469.0,1255552.0,1148407.0
