entity,indicator,date,value
Bulgaria,Daily hospital occupancy,2020-04-06,210.0
Bulgaria,Daily hospital occupancy,2020-04-07,213.0
Bulgaria,Daily hospital occupancy,2020-04-08,233.0
Bulgaria,Daily hospital occupancy,2020-04-09,233.0
Bulgaria,Daily hospital occupancy,2020-04-10,231.0
Bulgaria,Daily hospital occupancy,2020-04-11,231.0
Bulgaria,Daily hospital occupancy,2020-04-12,230.0
Bulgaria,Daily hospital occupancy,2020-04-13,230.0
Bulgaria,Daily hospital occupancy,2020-04-14,209.0
Bulgaria,Daily hospital occupancy,2020-04-15,218.0
Bulgaria,Daily hospital occupancy,2020-04-16,227.0
Bulgaria,Daily hospital occupancy,2020-04-17,244.0
Bulgaria,Daily hospital occupancy,2020-04-18,246.0
Bulgaria,Daily hospital occupancy,2020-04-19,259.0
Bulgaria,Daily hospital occupancy,2020-04-20,268.0
Bulgaria,Daily hospital occupancy,2020-04-21,268.0
Bulgaria,Daily hospital occupancy,2020-04-22,281.0
Bulgaria,Daily hospital occupancy,2020-04-23,270.0
Bulgaria,Daily hospital occupancy,2020-04-24,282.0
Bulgaria,Daily hospital occupancy,2020-04-25,292.0
Bulgaria,Daily hospital occupancy,2020-04-26,292.0
Bulgaria,Daily hospital occupancy,2020-04-27,301.0
Bulgaria,Daily hospital occupancy,2020-04-28,301.0
Bulgaria,Daily hospital occupancy,2020-04-29,287.0
Bulgaria,Daily hospital occupancy,2020-04-30,317.0
Bulgaria,Daily hospital occupancy,2020-05-01,317.0
Bulgaria,Daily hospital occupancy,2020-05-02,321.0
Bulgaria,Daily hospital occupancy,2020-05-03,321.0
Bulgaria,Daily hospital occupancy,2020-05-04,321.0
Bulgaria,Daily hospital occupancy,2020-05-05,316.0
Bulgaria,Daily hospital occupancy,2020-05-06,316.0
Bulgaria,Daily hospital occupancy,2020-05-07,353.0
Bulgaria,Daily hospital occupancy,2020-05-08,355.0
Bulgaria,Daily hospital occupancy,2020-05-09,380.0
Bulgaria,Daily hospital occupancy,2020-05-10,389.0
Bulgaria,Daily hospital occupancy,2020-05-11,385.0
Bulgaria,Daily hospital occupancy,2020-05-12,368.0
Bulgaria,Daily hospital occupancy,2020-05-13,365.0
Bulgaria,Daily hospital occupancy,2020-05-14,365.0
Bulgaria,Daily hospital occupancy,2020-05-15,321.0
Bulgaria,Daily hospital occupancy,2020-05-16,322.0
Bulgaria,Daily hospital occupancy,2020-05-17,323.0
Bulgaria,Daily hospital occupancy,2020-05-18,329.0
Bulgaria,Daily hospital occupancy,2020-05-19,299.0
Bulgaria,Daily hospital occupancy,2020-05-20,285.0
Bulgaria,Daily hospital occupancy,2020-05-21,287.0
Bulgaria,Daily hospital occupancy,2020-05-22,258.0
Bulgaria,Daily hospital occupancy,2020-05-23,258.0
Bulgaria,Daily hospital occupancy,2020-05-24,234.0
Bulgaria,Daily hospital occupancy,2020-05-25,235.0
Bulgaria,Daily hospital occupancy,2020-05-26,229.0
Bulgaria,Daily hospital occupancy,2020-05-27,229.0
Bulgaria,Daily hospital occupancy,2020-05-28,198.0
Bulgaria,Daily hospital occupancy,2020-05-29,191.0
Bulgaria,Daily hospital occupancy,2020-05-30,165.0
Bulgaria,Daily hospital occupancy,2020-05-31,161.0
Bulgaria,Daily hospital occupancy,2020-06-01,153.0
Bulgaria,Daily hospital occupancy,2020-06-02,141.0
Bulgaria,Daily hospital occupancy,2020-06-03,132.0
Bulgaria,Daily hospital occupancy,2020-06-04,141.0
Bulgaria,Daily hospital occupancy,2020-06-05,149.0
Bulgaria,Daily hospital occupancy,2020-06-06,147.0
Bulgaria,Daily hospital occupancy,2020-06-07,155.0
Bulgaria,Daily hospital occupancy,2020-06-08,158.0
Bulgaria,Daily hospital occupancy,2020-06-09,152.0
Bulgaria,Daily hospital occupancy,2020-06-10,161.0
Bulgaria,Daily hospital occupancy,2020-06-11,187.0
Bulgaria,Daily hospital occupancy,2020-06-12,204.0
Bulgaria,Daily hospital occupancy,2020-06-13,215.0
Bulgaria,Daily hospital occupancy,2020-06-14,247.0
Bulgaria,Daily hospital occupancy,2020-06-15,244.0
Bulgaria,Daily hospital occupancy,2020-06-16,253.0
Bulgaria,Daily hospital occupancy,2020-06-17,267.0
Bulgaria,Daily hospital occupancy,2020-06-18,276.0
Bulgaria,Daily hospital occupancy,2020-06-19,289.0
Bulgaria,Daily hospital occupancy,2020-06-20,314.0
Bulgaria,Daily hospital occupancy,2020-06-21,322.0
Bulgaria,Daily hospital occupancy,2020-06-22,322.0
Bulgaria,Daily hospital occupancy,2020-06-23,341.0
Bulgaria,Daily hospital occupancy,2020-06-24,362.0
Bulgaria,Daily hospital occupancy,2020-06-25,390.0
Bulgaria,Daily hospital occupancy,2020-06-26,384.0
Bulgaria,Daily hospital occupancy,2020-06-27,392.0
Bulgaria,Daily hospital occupancy,2020-06-28,423.0
Bulgaria,Daily hospital occupancy,2020-06-29,423.0
Bulgaria,Daily hospital occupancy,2020-06-30,434.0
Bulgaria,Daily hospital occupancy,2020-07-01,435.0
Bulgaria,Daily hospital occupancy,2020-07-02,446.0
Bulgaria,Daily hospital occupancy,2020-07-03,443.0
Bulgaria,Daily hospital occupancy,2020-07-04,450.0
Bulgaria,Daily hospital occupancy,2020-07-05,463.0
Bulgaria,Daily hospital occupancy,2020-07-06,458.0
Bulgaria,Daily hospital occupancy,2020-07-07,470.0
Bulgaria,Daily hospital occupancy,2020-07-08,483.0
Bulgaria,Daily hospital occupancy,2020-07-09,498.0
Bulgaria,Daily hospital occupancy,2020-07-10,525.0
Bulgaria,Daily hospital occupancy,2020-07-11,516.0
Bulgaria,Daily hospital occupancy,2020-07-12,532.0
Bulgaria,Daily hospital occupancy,2020-07-13,535.0
Bulgaria,Daily hospital occupancy,2020-07-14,529.0
Bulgaria,Daily hospital occupancy,2020-07-15,551.0
Bulgaria,Daily hospital occupancy,2020-07-16,575.0
Bulgaria,Daily hospital occupancy,2020-07-17,582.0
Bulgaria,Daily hospital occupancy,2020-07-18,606.0
Bulgaria,Daily hospital occupancy,2020-07-19,605.0
Bulgaria,Daily hospital occupancy,2020-07-20,610.0
Bulgaria,Daily hospital occupancy,2020-07-21,624.0
Bulgaria,Daily hospital occupancy,2020-07-22,622.0
Bulgaria,Daily hospital occupancy,2020-07-23,642.0
Bulgaria,Daily hospital occupancy,2020-07-24,665.0
Bulgaria,Daily hospital occupancy,2020-07-25,669.0
Bulgaria,Daily hospital occupancy,2020-07-26,694.0
Bulgaria,Daily hospital occupancy,2020-07-27,682.0
Bulgaria,Daily hospital occupancy,2020-07-28,686.0
Bulgaria,Daily hospital occupancy,2020-07-29,699.0
Bulgaria,Daily hospital occupancy,2020-07-30,722.0
Bulgaria,Daily hospital occupancy,2020-07-31,751.0
Bulgaria,Daily hospital occupancy,2020-08-01,778.0
Bulgaria,Daily hospital occupancy,2020-08-02,793.0
Bulgaria,Daily hospital occupancy,2020-08-03,814.0
Bulgaria,Daily hospital occupancy,2020-08-04,823.0
Bulgaria,Daily hospital occupancy,2020-08-05,847.0
Bulgaria,Daily hospital occupancy,2020-08-06,872.0
Bulgaria,Daily hospital occupancy,2020-08-07,874.0
Bulgaria,Daily hospital occupancy,2020-08-08,857.0
Bulgaria,Daily hospital occupancy,2020-08-09,848.0
Bulgaria,Daily hospital occupancy,2020-08-10,849.0
Bulgaria,Daily hospital occupancy,2020-08-11,854.0
Bulgaria,Daily hospital occupancy,2020-08-12,861.0
Bulgaria,Daily hospital occupancy,2020-08-13,834.0
Bulgaria,Daily hospital occupancy,2020-08-14,824.0
Bulgaria,Daily hospital occupancy,2020-08-15,811.0
Bulgaria,Daily hospital occupancy,2020-08-16,811.0
Bulgaria,Daily hospital occupancy,2020-08-17,807.0
Bulgaria,Daily hospital occupancy,2020-08-18,768.0
Bulgaria,Daily hospital occupancy,2020-08-19,782.0
Bulgaria,Daily hospital occupancy,2020-08-20,752.0
Bulgaria,Daily hospital occupancy,2020-08-21,766.0
Bulgaria,Daily hospital occupancy,2020-08-22,734.0
Bulgaria,Daily hospital occupancy,2020-08-23,743.0
Bulgaria,Daily hospital occupancy,2020-08-24,745.0
Bulgaria,Daily hospital occupancy,2020-08-25,714.0
Bulgaria,Daily hospital occupancy,2020-08-26,715.0
Bulgaria,Daily hospital occupancy,2020-08-27,741.0
Bulgaria,Daily hospital occupancy,2020-08-28,726.0
Bulgaria,Daily hospital occupancy,2020-08-29,712.0
Bulgaria,Daily hospital occupancy,2020-08-30,723.0
Bulgaria,Daily hospital occupancy,2020-08-31,726.0
Bulgaria,Daily hospital occupancy,2020-09-01,727.0
Bulgaria,Daily hospital occupancy,2020-09-02,737.0
Bulgaria,Daily hospital occupancy,2020-09-03,758.0
Bulgaria,Daily hospital occupancy,2020-09-04,764.0
Bulgaria,Daily hospital occupancy,2020-09-05,763.0
Bulgaria,Daily hospital occupancy,2020-09-06,755.0
Bulgaria,Daily hospital occupancy,2020-09-07,766.0
Bulgaria,Daily hospital occupancy,2020-09-08,773.0
Bulgaria,Daily hospital occupancy,2020-09-09,762.0
Bulgaria,Daily hospital occupancy,2020-09-10,753.0
Bulgaria,Daily hospital occupancy,2020-09-11,746.0
Bulgaria,Daily hospital occupancy,2020-09-12,735.0
Bulgaria,Daily hospital occupancy,2020-09-13,736.0
Bulgaria,Daily hospital occupancy,2020-09-14,740.0
Bulgaria,Daily hospital occupancy,2020-09-15,730.0
Bulgaria,Daily hospital occupancy,2020-09-16,734.0
Bulgaria,Daily hospital occupancy,2020-09-17,744.0
Bulgaria,Daily hospital occupancy,2020-09-18,744.0
Bulgaria,Daily hospital occupancy,2020-09-19,728.0
Bulgaria,Daily hospital occupancy,2020-09-20,723.0
Bulgaria,Daily hospital occupancy,2020-09-21,718.0
Bulgaria,Daily hospital occupancy,2020-09-22,714.0
Bulgaria,Daily hospital occupancy,2020-09-23,716.0
Bulgaria,Daily hospital occupancy,2020-09-24,726.0
Bulgaria,Daily hospital occupancy,2020-09-25,744.0
Bulgaria,Daily hospital occupancy,2020-09-26,782.0
Bulgaria,Daily hospital occupancy,2020-09-27,791.0
Bulgaria,Daily hospital occupancy,2020-09-28,794.0
Bulgaria,Daily hospital occupancy,2020-09-29,780.0
Bulgaria,Daily hospital occupancy,2020-09-30,814.0
Bulgaria,Daily hospital occupancy,2020-10-01,837.0
Bulgaria,Daily hospital occupancy,2020-10-02,857.0
Bulgaria,Daily hospital occupancy,2020-10-03,887.0
Bulgaria,Daily hospital occupancy,2020-10-04,912.0
Bulgaria,Daily hospital occupancy,2020-10-05,917.0
Bulgaria,Daily hospital occupancy,2020-10-06,930.0
Bulgaria,Daily hospital occupancy,2020-10-07,971.0
Bulgaria,Daily hospital occupancy,2020-10-08,1033.0
Bulgaria,Daily hospital occupancy,2020-10-09,1063.0
Bulgaria,Daily hospital occupancy,2020-10-10,1131.0
Bulgaria,Daily hospital occupancy,2020-10-11,1189.0
Bulgaria,Daily hospital occupancy,2020-10-12,1205.0
Bulgaria,Daily hospital occupancy,2020-10-13,1221.0
Bulgaria,Daily hospital occupancy,2020-10-14,1307.0
Bulgaria,Daily hospital occupancy,2020-10-15,1380.0
Bulgaria,Daily hospital occupancy,2020-10-16,1426.0
Bulgaria,Daily hospital occupancy,2020-10-17,1450.0
Bulgaria,Daily hospital occupancy,2020-10-18,1484.0
Bulgaria,Daily hospital occupancy,2020-10-19,1500.0
Bulgaria,Daily hospital occupancy,2020-10-20,1562.0
Bulgaria,Daily hospital occupancy,2020-10-21,1633.0
Bulgaria,Daily hospital occupancy,2020-10-22,1732.0
Bulgaria,Daily hospital occupancy,2020-10-23,1792.0
Bulgaria,Daily hospital occupancy,2020-10-24,1886.0
Bulgaria,Daily hospital occupancy,2020-10-25,1976.0
Bulgaria,Daily hospital occupancy,2020-10-26,2036.0
Bulgaria,Daily hospital occupancy,2020-10-27,2130.0
Bulgaria,Daily hospital occupancy,2020-10-28,2217.0
Bulgaria,Daily hospital occupancy,2020-10-29,2316.0
Bulgaria,Daily hospital occupancy,2020-10-30,2376.0
Bulgaria,Daily hospital occupancy,2020-10-31,2447.0
Bulgaria,Daily hospital occupancy,2020-11-01,2612.0
Bulgaria,Daily hospital occupancy,2020-11-02,2680.0
Bulgaria,Daily hospital occupancy,2020-11-03,2841.0
Bulgaria,Daily hospital occupancy,2020-11-04,2922.0
Bulgaria,Daily hospital occupancy,2020-11-05,3191.0
Bulgaria,Daily hospital occupancy,2020-11-06,3424.0
Bulgaria,Daily hospital occupancy,2020-11-07,3563.0
Bulgaria,Daily hospital occupancy,2020-11-08,3715.0
Bulgaria,Daily hospital occupancy,2020-11-09,3822.0
Bulgaria,Daily hospital occupancy,2020-11-10,4004.0
Bulgaria,Daily hospital occupancy,2020-11-11,4176.0
Bulgaria,Daily hospital occupancy,2020-11-12,4478.0
Bulgaria,Daily hospital occupancy,2020-11-13,4768.0
Bulgaria,Daily hospital occupancy,2020-11-14,4949.0
Bulgaria,Daily hospital occupancy,2020-11-15,5166.0
Bulgaria,Daily hospital occupancy,2020-11-16,5247.0
Bulgaria,Daily hospital occupancy,2020-11-17,5353.0
Bulgaria,Daily hospital occupancy,2020-11-18,5463.0
Bulgaria,Daily hospital occupancy,2020-11-19,5629.0
Bulgaria,Daily hospital occupancy,2020-11-20,5878.0
Bulgaria,Daily hospital occupancy,2020-11-21,5942.0
Bulgaria,Daily hospital occupancy,2020-11-22,6193.0
Bulgaria,Daily hospital occupancy,2020-11-23,6350.0
Bulgaria,Daily hospital occupancy,2020-11-24,6270.0
Bulgaria,Daily hospital occupancy,2020-11-25,6365.0
Bulgaria,Daily hospital occupancy,2020-11-26,6548.0
Bulgaria,Daily hospital occupancy,2020-11-27,6655.0
Bulgaria,Daily hospital occupancy,2020-11-28,6647.0
Bulgaria,Daily hospital occupancy,2020-11-29,6830.0
Bulgaria,Daily hospital occupancy,2020-11-30,6869.0
Bulgaria,Daily hospital occupancy,2020-12-01,6783.0
Bulgaria,Daily hospital occupancy,2020-12-02,6635.0
Bulgaria,Daily hospital occupancy,2020-12-03,6635.0
Bulgaria,Daily hospital occupancy,2020-12-04,6766.0
Bulgaria,Daily hospital occupancy,2020-12-05,6744.0
Bulgaria,Daily hospital occupancy,2020-12-06,6959.0
Bulgaria,Daily hospital occupancy,2020-12-07,7000.0
Bulgaria,Daily hospital occupancy,2020-12-08,6821.0
Bulgaria,Daily hospital occupancy,2020-12-09,6839.0
Bulgaria,Daily hospital occupancy,2020-12-10,6998.0
Bulgaria,Daily hospital occupancy,2020-12-11,7084.0
Bulgaria,Daily hospital occupancy,2020-12-12,7151.0
Bulgaria,Daily hospital occupancy,2020-12-13,7224.0
Bulgaria,Daily hospital occupancy,2020-12-14,7244.0
Bulgaria,Daily hospital occupancy,2020-12-15,7045.0
Bulgaria,Daily hospital occupancy,2020-12-16,6997.0
Bulgaria,Daily hospital occupancy,2020-12-17,7034.0
Bulgaria,Daily hospital occupancy,2020-12-18,6900.0
Bulgaria,Daily hospital occupancy,2020-12-19,6535.0
Bulgaria,Daily hospital occupancy,2020-12-20,6640.0
Bulgaria,Daily hospital occupancy,2020-12-21,6624.0
Bulgaria,Daily hospital occupancy,2020-12-22,6287.0
Bulgaria,Daily hospital occupancy,2020-12-23,6123.0
Bulgaria,Daily hospital occupancy,2020-12-24,5714.0
Bulgaria,Daily hospital occupancy,2020-12-25,5671.0
Bulgaria,Daily hospital occupancy,2020-12-26,5580.0
Bulgaria,Daily hospital occupancy,2020-12-27,5545.0
Bulgaria,Daily hospital occupancy,2020-12-28,5571.0
Bulgaria,Daily hospital occupancy,2020-12-29,5511.0
Bulgaria,Daily hospital occupancy,2020-12-30,5023.0
Bulgaria,Daily hospital occupancy,2020-12-31,4831.0
Bulgaria,Daily hospital occupancy,2021-01-01,4756.0
Bulgaria,Daily hospital occupancy,2021-01-02,4747.0
Bulgaria,Daily hospital occupancy,2021-01-03,4786.0
Bulgaria,Daily hospital occupancy,2021-01-04,4689.0
Bulgaria,Daily hospital occupancy,2021-01-05,4405.0
Bulgaria,Daily hospital occupancy,2021-01-06,4286.0
Bulgaria,Daily hospital occupancy,2021-01-07,4262.0
Bulgaria,Daily hospital occupancy,2021-01-08,4250.0
Bulgaria,Daily hospital occupancy,2021-01-09,4186.0
Bulgaria,Daily hospital occupancy,2021-01-10,4190.0
Bulgaria,Daily hospital occupancy,2021-01-11,4205.0
Bulgaria,Daily hospital occupancy,2021-01-12,4046.0
Bulgaria,Daily hospital occupancy,2021-01-13,3945.0
Bulgaria,Daily hospital occupancy,2021-01-14,3681.0
Bulgaria,Daily hospital occupancy,2021-01-15,3631.0
Bulgaria,Daily hospital occupancy,2021-01-16,3500.0
Bulgaria,Daily hospital occupancy,2021-01-17,3485.0
Bulgaria,Daily hospital occupancy,2021-01-18,3485.0
Bulgaria,Daily hospital occupancy,2021-01-19,3312.0
Bulgaria,Daily hospital occupancy,2021-01-20,3223.0
Bulgaria,Daily hospital occupancy,2021-01-21,3220.0
Bulgaria,Daily hospital occupancy,2021-01-22,3045.0
Bulgaria,Daily hospital occupancy,2021-01-23,2844.0
Bulgaria,Daily hospital occupancy,2021-01-24,2857.0
Bulgaria,Daily hospital occupancy,2021-01-25,2874.0
Bulgaria,Daily hospital occupancy,2021-01-26,2822.0
Bulgaria,Daily hospital occupancy,2021-01-27,2818.0
Bulgaria,Daily hospital occupancy,2021-01-28,2865.0
Bulgaria,Daily hospital occupancy,2021-01-29,2877.0
Bulgaria,Daily hospital occupancy,2021-01-30,2848.0
Bulgaria,Daily hospital occupancy,2021-01-31,2866.0
Bulgaria,Daily hospital occupancy,2021-02-01,2886.0
Bulgaria,Daily hospital occupancy,2021-02-02,2850.0
Bulgaria,Daily hospital occupancy,2021-02-03,2901.0
Bulgaria,Daily hospital occupancy,2021-02-04,2969.0
Bulgaria,Daily hospital occupancy,2021-02-05,3033.0
Bulgaria,Daily hospital occupancy,2021-02-06,3070.0
Bulgaria,Daily hospital occupancy,2021-02-07,3133.0
Bulgaria,Daily hospital occupancy,2021-02-08,3126.0
Bulgaria,Daily hospital occupancy,2021-02-09,3057.0
Bulgaria,Daily hospital occupancy,2021-02-10,3129.0
Bulgaria,Daily hospital occupancy,2021-02-11,3230.0
Bulgaria,Daily hospital occupancy,2021-02-12,3297.0
Bulgaria,Daily hospital occupancy,2021-02-13,3317.0
Bulgaria,Daily hospital occupancy,2021-02-14,3375.0
Bulgaria,Daily hospital occupancy,2021-02-15,3425.0
Bulgaria,Daily hospital occupancy,2021-02-16,3421.0
Bulgaria,Daily hospital occupancy,2021-02-17,3513.0
Bulgaria,Daily hospital occupancy,2021-02-18,3613.0
Bulgaria,Daily hospital occupancy,2021-02-19,3704.0
Bulgaria,Daily hospital occupancy,2021-02-20,3775.0
Bulgaria,Daily hospital occupancy,2021-02-21,3846.0
Bulgaria,Daily hospital occupancy,2021-02-22,3880.0
Bulgaria,Daily hospital occupancy,2021-02-23,3933.0
Bulgaria,Daily hospital occupancy,2021-02-24,4037.0
Bulgaria,Daily hospital occupancy,2021-02-25,4202.0
Bulgaria,Daily hospital occupancy,2021-02-26,4368.0
Bulgaria,Daily hospital occupancy,2021-02-27,4502.0
Bulgaria,Daily hospital occupancy,2021-02-28,4674.0
Bulgaria,Daily hospital occupancy,2021-03-01,4744.0
Bulgaria,Daily hospital occupancy,2021-03-02,4777.0
Bulgaria,Daily hospital occupancy,2021-03-03,5009.0
Bulgaria,Daily hospital occupancy,2021-03-04,5093.0
Bulgaria,Daily hospital occupancy,2021-03-05,5307.0
Bulgaria,Daily hospital occupancy,2021-03-06,5463.0
Bulgaria,Daily hospital occupancy,2021-03-07,5629.0
Bulgaria,Daily hospital occupancy,2021-03-08,5776.0
Bulgaria,Daily hospital occupancy,2021-03-09,5903.0
Bulgaria,Daily hospital occupancy,2021-03-10,6017.0
Bulgaria,Daily hospital occupancy,2021-03-11,6395.0
Bulgaria,Daily hospital occupancy,2021-03-12,6604.0
Bulgaria,Daily hospital occupancy,2021-03-13,6818.0
Bulgaria,Daily hospital occupancy,2021-03-14,6948.0
Bulgaria,Daily hospital occupancy,2021-03-15,7101.0
Bulgaria,Daily hospital occupancy,2021-03-16,7269.0
Bulgaria,Daily hospital occupancy,2021-03-17,7600.0
Bulgaria,Daily hospital occupancy,2021-03-18,7804.0
Bulgaria,Daily hospital occupancy,2021-03-19,8082.0
Bulgaria,Daily hospital occupancy,2021-03-20,8332.0
Bulgaria,Daily hospital occupancy,2021-03-21,8545.0
Bulgaria,Daily hospital occupancy,2021-03-22,8660.0
Bulgaria,Daily hospital occupancy,2021-03-23,8689.0
Bulgaria,Daily hospital occupancy,2021-03-24,8927.0
Bulgaria,Daily hospital occupancy,2021-03-25,9125.0
Bulgaria,Daily hospital occupancy,2021-03-26,9281.0
Bulgaria,Daily hospital occupancy,2021-03-27,9430.0
Bulgaria,Daily hospital occupancy,2021-03-28,9674.0
Bulgaria,Daily hospital occupancy,2021-03-29,9839.0
Bulgaria,Daily hospital occupancy,2021-03-30,9679.0
Bulgaria,Daily hospital occupancy,2021-03-31,9811.0
Bulgaria,Daily hospital occupancy,2021-04-01,10093.0
Bulgaria,Daily hospital occupancy,2021-04-02,10152.0
Bulgaria,Daily hospital occupancy,2021-04-03,10382.0
Bulgaria,Daily hospital occupancy,2021-04-04,10521.0
Bulgaria,Daily hospital occupancy,2021-04-05,10649.0
Bulgaria,Daily hospital occupancy,2021-04-06,10402.0
Bulgaria,Daily hospital occupancy,2021-04-07,10355.0
Bulgaria,Daily hospital occupancy,2021-04-08,10429.0
Bulgaria,Daily hospital occupancy,2021-04-09,10404.0
Bulgaria,Daily hospital occupancy,2021-04-10,10271.0
Bulgaria,Daily hospital occupancy,2021-04-11,10365.0
Bulgaria,Daily hospital occupancy,2021-04-12,10382.0
Bulgaria,Daily hospital occupancy,2021-04-13,9970.0
Bulgaria,Daily hospital occupancy,2021-04-14,9799.0
Bulgaria,Daily hospital occupancy,2021-04-15,9685.0
Bulgaria,Daily hospital occupancy,2021-04-16,9523.0
Bulgaria,Daily hospital occupancy,2021-04-17,9195.0
Bulgaria,Daily hospital occupancy,2021-04-18,9204.0
Bulgaria,Daily hospital occupancy,2021-04-19,9229.0
Bulgaria,Daily hospital occupancy,2021-04-20,8834.0
Bulgaria,Daily hospital occupancy,2021-04-21,8598.0
Bulgaria,Daily hospital occupancy,2021-04-22,8435.0
Bulgaria,Daily hospital occupancy,2021-04-23,8309.0
Bulgaria,Daily hospital occupancy,2021-04-24,8073.0
Bulgaria,Daily hospital occupancy,2021-04-25,8087.0
Bulgaria,Daily hospital occupancy,2021-04-26,8080.0
Bulgaria,Daily hospital occupancy,2021-04-27,7669.0
Bulgaria,Daily hospital occupancy,2021-04-28,7480.0
Bulgaria,Daily hospital occupancy,2021-04-29,7168.0
Bulgaria,Daily hospital occupancy,2021-04-30,6824.0
Bulgaria,Daily hospital occupancy,2021-05-01,6905.0
Bulgaria,Daily hospital occupancy,2021-05-02,6790.0
Bulgaria,Daily hospital occupancy,2021-05-03,6754.0
Bulgaria,Daily hospital occupancy,2021-05-04,6706.0
Bulgaria,Daily hospital occupancy,2021-05-05,6670.0
Bulgaria,Daily hospital occupancy,2021-05-06,6158.0
Bulgaria,Daily hospital occupancy,2021-05-07,6138.0
Bulgaria,Daily hospital occupancy,2021-05-08,5855.0
Bulgaria,Daily hospital occupancy,2021-05-09,5882.0
Bulgaria,Daily hospital occupancy,2021-05-10,5912.0
Bulgaria,Daily hospital occupancy,2021-05-11,5571.0
Bulgaria,Daily hospital occupancy,2021-05-12,5410.0
Bulgaria,Daily hospital occupancy,2021-05-13,5250.0
Bulgaria,Daily hospital occupancy,2021-05-14,5114.0
Bulgaria,Daily hospital occupancy,2021-05-15,4832.0
Bulgaria,Daily hospital occupancy,2021-05-16,4839.0
Bulgaria,Daily hospital occupancy,2021-05-17,4858.0
Bulgaria,Daily hospital occupancy,2021-05-18,4592.0
Bulgaria,Daily hospital occupancy,2021-05-19,4379.0
Bulgaria,Daily hospital occupancy,2021-05-20,4201.0
Bulgaria,Daily hospital occupancy,2021-05-21,4073.0
Bulgaria,Daily hospital occupancy,2021-05-22,3849.0
Bulgaria,Daily hospital occupancy,2021-05-23,3817.0
Bulgaria,Daily hospital occupancy,2021-05-24,3807.0
Bulgaria,Daily hospital occupancy,2021-05-25,3781.0
Bulgaria,Daily hospital occupancy,2021-05-26,3533.0
Bulgaria,Daily hospital occupancy,2021-05-27,3396.0
Bulgaria,Daily hospital occupancy,2021-05-28,3295.0
Bulgaria,Daily hospital occupancy,2021-05-29,3188.0
Bulgaria,Daily hospital occupancy,2021-05-30,3197.0
Bulgaria,Daily hospital occupancy,2021-05-31,3176.0
Bulgaria,Daily hospital occupancy,2021-06-01,3054.0
Bulgaria,Daily hospital occupancy,2021-06-02,2942.0
Bulgaria,Daily hospital occupancy,2021-06-03,2881.0
Bulgaria,Daily hospital occupancy,2021-06-04,2765.0
Bulgaria,Daily hospital occupancy,2021-06-05,2629.0
Bulgaria,Daily hospital occupancy,2021-06-06,2619.0
Bulgaria,Daily hospital occupancy,2021-06-07,2613.0
Bulgaria,Daily hospital occupancy,2021-06-08,2521.0
Bulgaria,Daily hospital occupancy,2021-06-09,2467.0
Bulgaria,Daily hospital occupancy,2021-06-10,2407.0
Bulgaria,Daily hospital occupancy,2021-06-11,2335.0
Bulgaria,Daily hospital occupancy,2021-06-12,2290.0
Bulgaria,Daily hospital occupancy,2021-06-13,2283.0
Bulgaria,Daily hospital occupancy,2021-06-14,2284.0
Bulgaria,Daily hospital occupancy,2021-06-15,2239.0
Bulgaria,Daily hospital occupancy,2021-06-16,2097.0
Bulgaria,Daily hospital occupancy,2021-06-17,1954.0
Bulgaria,Daily hospital occupancy,2021-06-18,1764.0
Bulgaria,Daily hospital occupancy,2021-06-19,1752.0
Bulgaria,Daily hospital occupancy,2021-06-20,1746.0
Bulgaria,Daily hospital occupancy,2021-06-21,1745.0
Bulgaria,Daily hospital occupancy,2021-06-22,1698.0
Bulgaria,Daily hospital occupancy,2021-06-23,1650.0
Bulgaria,Daily hospital occupancy,2021-06-24,1613.0
Bulgaria,Daily hospital occupancy,2021-06-25,1588.0
Bulgaria,Daily hospital occupancy,2021-06-26,1565.0
Bulgaria,Daily hospital occupancy,2021-06-27,1561.0
Bulgaria,Daily hospital occupancy,2021-06-28,1560.0
Bulgaria,Daily hospital occupancy,2021-06-29,1517.0
Bulgaria,Daily hospital occupancy,2021-06-30,1495.0
Bulgaria,Daily hospital occupancy,2021-07-01,1481.0
Bulgaria,Daily hospital occupancy,2021-07-02,1434.0
Bulgaria,Daily hospital occupancy,2021-07-03,1313.0
Bulgaria,Daily hospital occupancy,2021-07-04,1315.0
Bulgaria,Daily hospital occupancy,2021-07-05,1245.0
Bulgaria,Daily hospital occupancy,2021-07-06,1134.0
Bulgaria,Daily hospital occupancy,2021-07-07,961.0
Bulgaria,Daily hospital occupancy,2021-07-08,959.0
Bulgaria,Daily hospital occupancy,2021-07-09,895.0
Bulgaria,Daily hospital occupancy,2021-07-10,824.0
Bulgaria,Daily hospital occupancy,2021-07-11,822.0
Bulgaria,Daily hospital occupancy,2021-07-12,826.0
Bulgaria,Daily hospital occupancy,2021-07-13,746.0
Bulgaria,Daily hospital occupancy,2021-07-14,738.0
Bulgaria,Daily hospital occupancy,2021-07-15,727.0
Bulgaria,Daily hospital occupancy,2021-07-16,741.0
Bulgaria,Daily hospital occupancy,2021-07-17,736.0
Bulgaria,Daily hospital occupancy,2021-07-18,741.0
Bulgaria,Daily hospital occupancy,2021-07-19,744.0
Bulgaria,Daily hospital occupancy,2021-07-20,739.0
Bulgaria,Daily hospital occupancy,2021-07-21,722.0
Bulgaria,Daily hospital occupancy,2021-07-22,726.0
Bulgaria,Daily hospital occupancy,2021-07-23,742.0
Bulgaria,Daily hospital occupancy,2021-07-24,706.0
Bulgaria,Daily hospital occupancy,2021-07-25,711.0
Bulgaria,Daily hospital occupancy,2021-07-26,716.0
Bulgaria,Daily hospital occupancy,2021-07-27,729.0
Bulgaria,Daily hospital occupancy,2021-07-28,755.0
Bulgaria,Daily hospital occupancy,2021-07-29,754.0
Bulgaria,Daily hospital occupancy,2021-07-30,764.0
Bulgaria,Daily hospital occupancy,2021-07-31,797.0
Bulgaria,Daily hospital occupancy,2021-08-01,805.0
Bulgaria,Daily hospital occupancy,2021-08-02,810.0
Bulgaria,Daily hospital occupancy,2021-08-03,851.0
Bulgaria,Daily hospital occupancy,2021-08-04,914.0
Bulgaria,Daily hospital occupancy,2021-08-05,955.0
Bulgaria,Daily hospital occupancy,2021-08-06,935.0
Bulgaria,Daily hospital occupancy,2021-08-07,987.0
Bulgaria,Daily hospital occupancy,2021-08-08,1013.0
Bulgaria,Daily hospital occupancy,2021-08-09,1059.0
Bulgaria,Daily hospital occupancy,2021-08-10,1140.0
Bulgaria,Daily hospital occupancy,2021-08-11,1207.0
Bulgaria,Daily hospital occupancy,2021-08-12,1222.0
Bulgaria,Daily hospital occupancy,2021-08-13,1264.0
Bulgaria,Daily hospital occupancy,2021-08-14,1404.0
Bulgaria,Daily hospital occupancy,2021-08-15,1490.0
Bulgaria,Daily hospital occupancy,2021-08-16,1548.0
Bulgaria,Daily hospital occupancy,2021-08-17,1658.0
Bulgaria,Daily hospital occupancy,2021-08-18,1832.0
Bulgaria,Daily hospital occupancy,2021-08-19,2001.0
Bulgaria,Daily hospital occupancy,2021-08-20,2161.0
Bulgaria,Daily hospital occupancy,2021-08-21,2313.0
Bulgaria,Daily hospital occupancy,2021-08-22,2410.0
Bulgaria,Daily hospital occupancy,2021-08-23,2452.0
Bulgaria,Daily hospital occupancy,2021-08-24,2702.0
Bulgaria,Daily hospital occupancy,2021-08-25,2873.0
Bulgaria,Daily hospital occupancy,2021-08-26,2985.0
Bulgaria,Daily hospital occupancy,2021-08-27,3163.0
Bulgaria,Daily hospital occupancy,2021-08-28,3255.0
Bulgaria,Daily hospital occupancy,2021-08-29,3369.0
Bulgaria,Daily hospital occupancy,2021-08-30,3451.0
Bulgaria,Daily hospital occupancy,2021-08-31,3594.0
Bulgaria,Daily hospital occupancy,2021-09-01,3738.0
Bulgaria,Daily hospital occupancy,2021-09-02,3872.0
Bulgaria,Daily hospital occupancy,2021-09-03,3985.0
Bulgaria,Daily hospital occupancy,2021-09-04,4070.0
Bulgaria,Daily hospital occupancy,2021-09-05,4114.0
Bulgaria,Daily hospital occupancy,2021-09-06,4161.0
Bulgaria,Daily hospital occupancy,2021-09-07,4284.0
Bulgaria,Daily hospital occupancy,2021-09-08,4307.0
Bulgaria,Daily hospital occupancy,2021-09-09,4419.0
Bulgaria,Daily hospital occupancy,2021-09-10,4500.0
Bulgaria,Daily hospital occupancy,2021-09-11,4448.0
Bulgaria,Daily hospital occupancy,2021-09-12,4572.0
Bulgaria,Daily hospital occupancy,2021-09-13,4609.0
Bulgaria,Daily hospital occupancy,2021-09-14,4587.0
Bulgaria,Daily hospital occupancy,2021-09-15,4584.0
Bulgaria,Daily hospital occupancy,2021-09-16,4582.0
Bulgaria,Daily hospital occupancy,2021-09-17,4627.0
Bulgaria,Daily hospital occupancy,2021-09-18,4649.0
Bulgaria,Daily hospital occupancy,2021-09-19,4703.0
Bulgaria,Daily hospital occupancy,2021-09-20,4750.0
Bulgaria,Daily hospital occupancy,2021-09-21,4879.0
Bulgaria,Daily hospital occupancy,2021-09-22,4935.0
Bulgaria,Daily hospital occupancy,2021-09-23,4959.0
Bulgaria,Daily hospital occupancy,2021-09-24,4949.0
Bulgaria,Daily hospital occupancy,2021-09-25,4969.0
Bulgaria,Daily hospital occupancy,2021-09-26,5040.0
Bulgaria,Daily hospital occupancy,2021-09-27,5078.0
Bulgaria,Daily hospital occupancy,2021-09-28,5048.0
Bulgaria,Daily hospital occupancy,2021-09-29,5152.0
Bulgaria,Daily hospital occupancy,2021-09-30,5172.0
Bulgaria,Daily hospital occupancy,2021-10-01,5201.0
Bulgaria,Daily hospital occupancy,2021-10-02,5182.0
Bulgaria,Daily hospital occupancy,2021-10-03,5217.0
Bulgaria,Daily hospital occupancy,2021-10-04,5248.0
Bulgaria,Daily hospital occupancy,2021-10-05,5204.0
Bulgaria,Daily hospital occupancy,2021-10-06,5223.0
Bulgaria,Daily hospital occupancy,2021-10-07,5312.0
Bulgaria,Daily hospital occupancy,2021-10-08,5374.0
Bulgaria,Daily hospital occupancy,2021-10-09,5453.0
Bulgaria,Daily hospital occupancy,2021-10-10,5489.0
Bulgaria,Daily hospital occupancy,2021-10-11,5503.0
Bulgaria,Daily hospital occupancy,2021-10-12,5505.0
Bulgaria,Daily hospital occupancy,2021-10-13,5646.0
Bulgaria,Daily hospital occupancy,2021-10-14,5707.0
Bulgaria,Daily hospital occupancy,2021-10-15,5867.0
Bulgaria,Daily hospital occupancy,2021-10-16,5936.0
Bulgaria,Daily hospital occupancy,2021-10-17,6035.0
Bulgaria,Daily hospital occupancy,2021-10-18,6074.0
Bulgaria,Daily hospital occupancy,2021-10-19,6258.0
Bulgaria,Daily hospital occupancy,2021-10-20,6377.0
Bulgaria,Daily hospital occupancy,2021-10-21,6494.0
Bulgaria,Daily hospital occupancy,2021-10-22,6608.0
Bulgaria,Daily hospital occupancy,2021-10-23,6685.0
Bulgaria,Daily hospital occupancy,2021-10-24,6792.0
Bulgaria,Daily hospital occupancy,2021-10-25,6912.0
Bulgaria,Daily hospital occupancy,2021-10-26,7128.0
Bulgaria,Daily hospital occupancy,2021-10-27,7325.0
Bulgaria,Daily hospital occupancy,2021-10-28,7373.0
Bulgaria,Daily hospital occupancy,2021-10-29,7553.0
Bulgaria,Daily hospital occupancy,2021-10-30,7680.0
Bulgaria,Daily hospital occupancy,2021-10-31,7880.0
Bulgaria,Daily hospital occupancy,2021-11-01,7973.0
Bulgaria,Daily hospital occupancy,2021-11-02,8030.0
Bulgaria,Daily hospital occupancy,2021-11-03,8149.0
Bulgaria,Daily hospital occupancy,2021-11-04,8191.0
Bulgaria,Daily hospital occupancy,2021-11-05,8372.0
Bulgaria,Daily hospital occupancy,2021-11-06,8262.0
Bulgaria,Daily hospital occupancy,2021-11-07,8370.0
Bulgaria,Daily hospital occupancy,2021-11-08,8491.0
Bulgaria,Daily hospital occupancy,2021-11-09,8516.0
Bulgaria,Daily hospital occupancy,2021-11-10,8526.0
Bulgaria,Daily hospital occupancy,2021-11-11,8398.0
Bulgaria,Daily hospital occupancy,2021-11-12,8329.0
Bulgaria,Daily hospital occupancy,2021-11-13,8156.0
Bulgaria,Daily hospital occupancy,2021-11-14,8178.0
Bulgaria,Daily hospital occupancy,2021-11-15,8228.0
Bulgaria,Daily hospital occupancy,2021-11-16,7924.0
Bulgaria,Daily hospital occupancy,2021-11-17,7737.0
Bulgaria,Daily hospital occupancy,2021-11-18,7544.0
Bulgaria,Daily hospital occupancy,2021-11-19,7414.0
Bulgaria,Daily hospital occupancy,2021-11-20,7276.0
Bulgaria,Daily hospital occupancy,2021-11-21,7332.0
Bulgaria,Daily hospital occupancy,2021-11-22,7357.0
Bulgaria,Daily hospital occupancy,2021-11-23,7168.0
Bulgaria,Daily hospital occupancy,2021-11-24,7001.0
Bulgaria,Daily hospital occupancy,2021-11-25,6846.0
Bulgaria,Daily hospital occupancy,2021-11-26,6758.0
Bulgaria,Daily hospital occupancy,2021-11-27,6606.0
Bulgaria,Daily hospital occupancy,2021-11-28,6674.0
Bulgaria,Daily hospital occupancy,2021-11-29,6707.0
Bulgaria,Daily hospital occupancy,2021-11-30,6526.0
Bulgaria,Daily hospital occupancy,2021-12-01,6470.0
Bulgaria,Daily hospital occupancy,2021-12-02,6302.0
Bulgaria,Daily hospital occupancy,2021-12-03,6225.0
Bulgaria,Daily hospital occupancy,2021-12-04,6035.0
Bulgaria,Daily hospital occupancy,2021-12-05,6082.0
Bulgaria,Daily hospital occupancy,2021-12-06,6130.0
Bulgaria,Daily hospital occupancy,2021-12-07,5780.0
Bulgaria,Daily hospital occupancy,2021-12-08,5702.0
Bulgaria,Daily hospital occupancy,2021-12-09,5551.0
Bulgaria,Daily hospital occupancy,2021-12-10,5411.0
Bulgaria,Daily hospital occupancy,2021-12-11,5242.0
Bulgaria,Daily hospital occupancy,2021-12-12,5284.0
Bulgaria,Daily hospital occupancy,2021-12-13,5316.0
Bulgaria,Daily hospital occupancy,2021-12-14,5114.0
Bulgaria,Daily hospital occupancy,2021-12-15,4961.0
Bulgaria,Daily hospital occupancy,2021-12-16,4869.0
Bulgaria,Daily hospital occupancy,2021-12-17,4791.0
Bulgaria,Daily hospital occupancy,2021-12-18,4511.0
Bulgaria,Daily hospital occupancy,2021-12-19,4575.0
Bulgaria,Daily hospital occupancy,2021-12-20,4613.0
Bulgaria,Daily hospital occupancy,2021-12-21,4452.0
Bulgaria,Daily hospital occupancy,2021-12-22,4300.0
Bulgaria,Daily hospital occupancy,2021-12-23,4241.0
Bulgaria,Daily hospital occupancy,2021-12-24,4104.0
Bulgaria,Daily hospital occupancy,2021-12-25,4047.0
Bulgaria,Daily hospital occupancy,2021-12-26,4023.0
Bulgaria,Daily hospital occupancy,2021-12-27,4073.0
Bulgaria,Daily hospital occupancy,2021-12-28,4090.0
Bulgaria,Daily hospital occupancy,2021-12-29,4142.0
Bulgaria,Daily hospital occupancy,2021-12-30,4071.0
Bulgaria,Daily hospital occupancy,2021-12-31,4100.0
Bulgaria,Daily hospital occupancy,2022-01-01,4022.0
Bulgaria,Daily hospital occupancy,2022-01-02,4059.0
Bulgaria,Daily hospital occupancy,2022-01-03,4168.0
Bulgaria,Daily hospital occupancy,2022-01-04,4306.0
Bulgaria,Daily hospital occupancy,2022-01-05,4477.0
Bulgaria,Daily hospital occupancy,2022-01-06,4608.0
Bulgaria,Daily hospital occupancy,2022-01-07,4790.0
Bulgaria,Daily hospital occupancy,2022-01-08,4926.0
Bulgaria,Daily hospital occupancy,2022-01-09,5009.0
Bulgaria,Daily ICU occupancy,2020-04-06,26.0
Bulgaria,Daily ICU occupancy,2020-04-07,26.0
Bulgaria,Daily ICU occupancy,2020-04-08,27.0
Bulgaria,Daily ICU occupancy,2020-04-09,32.0
Bulgaria,Daily ICU occupancy,2020-04-10,33.0
Bulgaria,Daily ICU occupancy,2020-04-11,35.0
Bulgaria,Daily ICU occupancy,2020-04-12,36.0
Bulgaria,Daily ICU occupancy,2020-04-13,36.0
Bulgaria,Daily ICU occupancy,2020-04-14,29.0
Bulgaria,Daily ICU occupancy,2020-04-15,31.0
Bulgaria,Daily ICU occupancy,2020-04-16,37.0
Bulgaria,Daily ICU occupancy,2020-04-17,44.0
Bulgaria,Daily ICU occupancy,2020-04-18,44.0
Bulgaria,Daily ICU occupancy,2020-04-19,36.0
Bulgaria,Daily ICU occupancy,2020-04-20,36.0
Bulgaria,Daily ICU occupancy,2020-04-21,34.0
Bulgaria,Daily ICU occupancy,2020-04-22,40.0
Bulgaria,Daily ICU occupancy,2020-04-23,37.0
Bulgaria,Daily ICU occupancy,2020-04-24,41.0
Bulgaria,Daily ICU occupancy,2020-04-25,41.0
Bulgaria,Daily ICU occupancy,2020-04-26,37.0
Bulgaria,Daily ICU occupancy,2020-04-27,41.0
Bulgaria,Daily ICU occupancy,2020-04-28,39.0
Bulgaria,Daily ICU occupancy,2020-04-29,39.0
Bulgaria,Daily ICU occupancy,2020-04-30,40.0
Bulgaria,Daily ICU occupancy,2020-05-01,43.0
Bulgaria,Daily ICU occupancy,2020-05-02,43.0
Bulgaria,Daily ICU occupancy,2020-05-03,40.0
Bulgaria,Daily ICU occupancy,2020-05-04,40.0
Bulgaria,Daily ICU occupancy,2020-05-05,37.0
Bulgaria,Daily ICU occupancy,2020-05-06,39.0
Bulgaria,Daily ICU occupancy,2020-05-07,38.0
Bulgaria,Daily ICU occupancy,2020-05-08,43.0
Bulgaria,Daily ICU occupancy,2020-05-09,49.0
Bulgaria,Daily ICU occupancy,2020-05-10,56.0
Bulgaria,Daily ICU occupancy,2020-05-11,58.0
Bulgaria,Daily ICU occupancy,2020-05-12,50.0
Bulgaria,Daily ICU occupancy,2020-05-13,51.0
Bulgaria,Daily ICU occupancy,2020-05-14,51.0
Bulgaria,Daily ICU occupancy,2020-05-15,49.0
Bulgaria,Daily ICU occupancy,2020-05-16,45.0
Bulgaria,Daily ICU occupancy,2020-05-17,46.0
Bulgaria,Daily ICU occupancy,2020-05-18,43.0
Bulgaria,Daily ICU occupancy,2020-05-19,36.0
Bulgaria,Daily ICU occupancy,2020-05-20,33.0
Bulgaria,Daily ICU occupancy,2020-05-21,31.0
Bulgaria,Daily ICU occupancy,2020-05-22,29.0
Bulgaria,Daily ICU occupancy,2020-05-23,29.0
Bulgaria,Daily ICU occupancy,2020-05-24,22.0
Bulgaria,Daily ICU occupancy,2020-05-25,20.0
Bulgaria,Daily ICU occupancy,2020-05-26,21.0
Bulgaria,Daily ICU occupancy,2020-05-27,22.0
Bulgaria,Daily ICU occupancy,2020-05-28,20.0
Bulgaria,Daily ICU occupancy,2020-05-29,20.0
Bulgaria,Daily ICU occupancy,2020-05-30,18.0
Bulgaria,Daily ICU occupancy,2020-05-31,17.0
Bulgaria,Daily ICU occupancy,2020-06-01,16.0
Bulgaria,Daily ICU occupancy,2020-06-02,20.0
Bulgaria,Daily ICU occupancy,2020-06-03,9.0
Bulgaria,Daily ICU occupancy,2020-06-04,8.0
Bulgaria,Daily ICU occupancy,2020-06-05,8.0
Bulgaria,Daily ICU occupancy,2020-06-06,12.0
Bulgaria,Daily ICU occupancy,2020-06-07,12.0
Bulgaria,Daily ICU occupancy,2020-06-08,12.0
Bulgaria,Daily ICU occupancy,2020-06-09,15.0
Bulgaria,Daily ICU occupancy,2020-06-10,13.0
Bulgaria,Daily ICU occupancy,2020-06-11,17.0
Bulgaria,Daily ICU occupancy,2020-06-12,15.0
Bulgaria,Daily ICU occupancy,2020-06-13,15.0
Bulgaria,Daily ICU occupancy,2020-06-14,16.0
Bulgaria,Daily ICU occupancy,2020-06-15,15.0
Bulgaria,Daily ICU occupancy,2020-06-16,14.0
Bulgaria,Daily ICU occupancy,2020-06-17,13.0
Bulgaria,Daily ICU occupancy,2020-06-18,12.0
Bulgaria,Daily ICU occupancy,2020-06-19,13.0
Bulgaria,Daily ICU occupancy,2020-06-20,17.0
Bulgaria,Daily ICU occupancy,2020-06-21,13.0
Bulgaria,Daily ICU occupancy,2020-06-22,13.0
Bulgaria,Daily ICU occupancy,2020-06-23,11.0
Bulgaria,Daily ICU occupancy,2020-06-24,13.0
Bulgaria,Daily ICU occupancy,2020-06-25,16.0
Bulgaria,Daily ICU occupancy,2020-06-26,16.0
Bulgaria,Daily ICU occupancy,2020-06-27,18.0
Bulgaria,Daily ICU occupancy,2020-06-28,20.0
Bulgaria,Daily ICU occupancy,2020-06-29,25.0
Bulgaria,Daily ICU occupancy,2020-06-30,31.0
Bulgaria,Daily ICU occupancy,2020-07-01,32.0
Bulgaria,Daily ICU occupancy,2020-07-02,32.0
Bulgaria,Daily ICU occupancy,2020-07-03,31.0
Bulgaria,Daily ICU occupancy,2020-07-04,29.0
Bulgaria,Daily ICU occupancy,2020-07-05,29.0
Bulgaria,Daily ICU occupancy,2020-07-06,28.0
Bulgaria,Daily ICU occupancy,2020-07-07,29.0
Bulgaria,Daily ICU occupancy,2020-07-08,32.0
Bulgaria,Daily ICU occupancy,2020-07-09,29.0
Bulgaria,Daily ICU occupancy,2020-07-10,28.0
Bulgaria,Daily ICU occupancy,2020-07-11,32.0
Bulgaria,Daily ICU occupancy,2020-07-12,33.0
Bulgaria,Daily ICU occupancy,2020-07-13,33.0
Bulgaria,Daily ICU occupancy,2020-07-14,29.0
Bulgaria,Daily ICU occupancy,2020-07-15,27.0
Bulgaria,Daily ICU occupancy,2020-07-16,28.0
Bulgaria,Daily ICU occupancy,2020-07-17,28.0
Bulgaria,Daily ICU occupancy,2020-07-18,33.0
Bulgaria,Daily ICU occupancy,2020-07-19,34.0
Bulgaria,Daily ICU occupancy,2020-07-20,34.0
Bulgaria,Daily ICU occupancy,2020-07-21,34.0
Bulgaria,Daily ICU occupancy,2020-07-22,31.0
Bulgaria,Daily ICU occupancy,2020-07-23,24.0
Bulgaria,Daily ICU occupancy,2020-07-24,27.0
Bulgaria,Daily ICU occupancy,2020-07-25,28.0
Bulgaria,Daily ICU occupancy,2020-07-26,33.0
Bulgaria,Daily ICU occupancy,2020-07-27,34.0
Bulgaria,Daily ICU occupancy,2020-07-28,39.0
Bulgaria,Daily ICU occupancy,2020-07-29,40.0
Bulgaria,Daily ICU occupancy,2020-07-30,37.0
Bulgaria,Daily ICU occupancy,2020-07-31,34.0
Bulgaria,Daily ICU occupancy,2020-08-01,42.0
Bulgaria,Daily ICU occupancy,2020-08-02,43.0
Bulgaria,Daily ICU occupancy,2020-08-03,46.0
Bulgaria,Daily ICU occupancy,2020-08-04,43.0
Bulgaria,Daily ICU occupancy,2020-08-05,41.0
Bulgaria,Daily ICU occupancy,2020-08-06,44.0
Bulgaria,Daily ICU occupancy,2020-08-07,47.0
Bulgaria,Daily ICU occupancy,2020-08-08,55.0
Bulgaria,Daily ICU occupancy,2020-08-09,55.0
Bulgaria,Daily ICU occupancy,2020-08-10,54.0
Bulgaria,Daily ICU occupancy,2020-08-11,54.0
Bulgaria,Daily ICU occupancy,2020-08-12,64.0
Bulgaria,Daily ICU occupancy,2020-08-13,63.0
Bulgaria,Daily ICU occupancy,2020-08-14,63.0
Bulgaria,Daily ICU occupancy,2020-08-15,58.0
Bulgaria,Daily ICU occupancy,2020-08-16,55.0
Bulgaria,Daily ICU occupancy,2020-08-17,56.0
Bulgaria,Daily ICU occupancy,2020-08-18,56.0
Bulgaria,Daily ICU occupancy,2020-08-19,61.0
Bulgaria,Daily ICU occupancy,2020-08-20,60.0
Bulgaria,Daily ICU occupancy,2020-08-21,63.0
Bulgaria,Daily ICU occupancy,2020-08-22,73.0
Bulgaria,Daily ICU occupancy,2020-08-23,74.0
Bulgaria,Daily ICU occupancy,2020-08-24,74.0
Bulgaria,Daily ICU occupancy,2020-08-25,65.0
Bulgaria,Daily ICU occupancy,2020-08-26,64.0
Bulgaria,Daily ICU occupancy,2020-08-27,60.0
Bulgaria,Daily ICU occupancy,2020-08-28,65.0
Bulgaria,Daily ICU occupancy,2020-08-29,59.0
Bulgaria,Daily ICU occupancy,2020-08-30,61.0
Bulgaria,Daily ICU occupancy,2020-08-31,63.0
Bulgaria,Daily ICU occupancy,2020-09-01,65.0
Bulgaria,Daily ICU occupancy,2020-09-02,62.0
Bulgaria,Daily ICU occupancy,2020-09-03,63.0
Bulgaria,Daily ICU occupancy,2020-09-04,61.0
Bulgaria,Daily ICU occupancy,2020-09-05,56.0
Bulgaria,Daily ICU occupancy,2020-09-06,57.0
Bulgaria,Daily ICU occupancy,2020-09-07,54.0
Bulgaria,Daily ICU occupancy,2020-09-08,53.0
Bulgaria,Daily ICU occupancy,2020-09-09,57.0
Bulgaria,Daily ICU occupancy,2020-09-10,60.0
Bulgaria,Daily ICU occupancy,2020-09-11,55.0
Bulgaria,Daily ICU occupancy,2020-09-12,56.0
Bulgaria,Daily ICU occupancy,2020-09-13,53.0
Bulgaria,Daily ICU occupancy,2020-09-14,53.0
Bulgaria,Daily ICU occupancy,2020-09-15,49.0
Bulgaria,Daily ICU occupancy,2020-09-16,46.0
Bulgaria,Daily ICU occupancy,2020-09-17,43.0
Bulgaria,Daily ICU occupancy,2020-09-18,37.0
Bulgaria,Daily ICU occupancy,2020-09-19,34.0
Bulgaria,Daily ICU occupancy,2020-09-20,37.0
Bulgaria,Daily ICU occupancy,2020-09-21,35.0
Bulgaria,Daily ICU occupancy,2020-09-22,33.0
Bulgaria,Daily ICU occupancy,2020-09-23,31.0
Bulgaria,Daily ICU occupancy,2020-09-24,29.0
Bulgaria,Daily ICU occupancy,2020-09-25,30.0
Bulgaria,Daily ICU occupancy,2020-09-26,36.0
Bulgaria,Daily ICU occupancy,2020-09-27,36.0
Bulgaria,Daily ICU occupancy,2020-09-28,41.0
Bulgaria,Daily ICU occupancy,2020-09-29,42.0
Bulgaria,Daily ICU occupancy,2020-09-30,44.0
Bulgaria,Daily ICU occupancy,2020-10-01,44.0
Bulgaria,Daily ICU occupancy,2020-10-02,47.0
Bulgaria,Daily ICU occupancy,2020-10-03,50.0
Bulgaria,Daily ICU occupancy,2020-10-04,54.0
Bulgaria,Daily ICU occupancy,2020-10-05,56.0
Bulgaria,Daily ICU occupancy,2020-10-06,59.0
Bulgaria,Daily ICU occupancy,2020-10-07,57.0
Bulgaria,Daily ICU occupancy,2020-10-08,53.0
Bulgaria,Daily ICU occupancy,2020-10-09,56.0
Bulgaria,Daily ICU occupancy,2020-10-10,58.0
Bulgaria,Daily ICU occupancy,2020-10-11,59.0
Bulgaria,Daily ICU occupancy,2020-10-12,62.0
Bulgaria,Daily ICU occupancy,2020-10-13,65.0
Bulgaria,Daily ICU occupancy,2020-10-14,64.0
Bulgaria,Daily ICU occupancy,2020-10-15,67.0
Bulgaria,Daily ICU occupancy,2020-10-16,74.0
Bulgaria,Daily ICU occupancy,2020-10-17,76.0
Bulgaria,Daily ICU occupancy,2020-10-18,79.0
Bulgaria,Daily ICU occupancy,2020-10-19,74.0
Bulgaria,Daily ICU occupancy,2020-10-20,88.0
Bulgaria,Daily ICU occupancy,2020-10-21,93.0
Bulgaria,Daily ICU occupancy,2020-10-22,107.0
Bulgaria,Daily ICU occupancy,2020-10-23,112.0
Bulgaria,Daily ICU occupancy,2020-10-24,127.0
Bulgaria,Daily ICU occupancy,2020-10-25,138.0
Bulgaria,Daily ICU occupancy,2020-10-26,146.0
Bulgaria,Daily ICU occupancy,2020-10-27,149.0
Bulgaria,Daily ICU occupancy,2020-10-28,145.0
Bulgaria,Daily ICU occupancy,2020-10-29,162.0
Bulgaria,Daily ICU occupancy,2020-10-30,167.0
Bulgaria,Daily ICU occupancy,2020-10-31,165.0
Bulgaria,Daily ICU occupancy,2020-11-01,166.0
Bulgaria,Daily ICU occupancy,2020-11-02,169.0
Bulgaria,Daily ICU occupancy,2020-11-03,180.0
Bulgaria,Daily ICU occupancy,2020-11-04,210.0
Bulgaria,Daily ICU occupancy,2020-11-05,239.0
Bulgaria,Daily ICU occupancy,2020-11-06,250.0
Bulgaria,Daily ICU occupancy,2020-11-07,257.0
Bulgaria,Daily ICU occupancy,2020-11-08,271.0
Bulgaria,Daily ICU occupancy,2020-11-09,272.0
Bulgaria,Daily ICU occupancy,2020-11-10,270.0
Bulgaria,Daily ICU occupancy,2020-11-11,280.0
Bulgaria,Daily ICU occupancy,2020-11-12,276.0
Bulgaria,Daily ICU occupancy,2020-11-13,284.0
Bulgaria,Daily ICU occupancy,2020-11-14,288.0
Bulgaria,Daily ICU occupancy,2020-11-15,295.0
Bulgaria,Daily ICU occupancy,2020-11-16,293.0
Bulgaria,Daily ICU occupancy,2020-11-17,288.0
Bulgaria,Daily ICU occupancy,2020-11-18,303.0
Bulgaria,Daily ICU occupancy,2020-11-19,313.0
Bulgaria,Daily ICU occupancy,2020-11-20,344.0
Bulgaria,Daily ICU occupancy,2020-11-21,383.0
Bulgaria,Daily ICU occupancy,2020-11-22,408.0
Bulgaria,Daily ICU occupancy,2020-11-23,408.0
Bulgaria,Daily ICU occupancy,2020-11-24,399.0
Bulgaria,Daily ICU occupancy,2020-11-25,392.0
Bulgaria,Daily ICU occupancy,2020-11-26,410.0
Bulgaria,Daily ICU occupancy,2020-11-27,430.0
Bulgaria,Daily ICU occupancy,2020-11-28,436.0
Bulgaria,Daily ICU occupancy,2020-11-29,431.0
Bulgaria,Daily ICU occupancy,2020-11-30,430.0
Bulgaria,Daily ICU occupancy,2020-12-01,457.0
Bulgaria,Daily ICU occupancy,2020-12-02,493.0
Bulgaria,Daily ICU occupancy,2020-12-03,523.0
Bulgaria,Daily ICU occupancy,2020-12-04,523.0
Bulgaria,Daily ICU occupancy,2020-12-05,504.0
Bulgaria,Daily ICU occupancy,2020-12-06,516.0
Bulgaria,Daily ICU occupancy,2020-12-07,516.0
Bulgaria,Daily ICU occupancy,2020-12-08,523.0
Bulgaria,Daily ICU occupancy,2020-12-09,514.0
Bulgaria,Daily ICU occupancy,2020-12-10,544.0
Bulgaria,Daily ICU occupancy,2020-12-11,542.0
Bulgaria,Daily ICU occupancy,2020-12-12,588.0
Bulgaria,Daily ICU occupancy,2020-12-13,595.0
Bulgaria,Daily ICU occupancy,2020-12-14,590.0
Bulgaria,Daily ICU occupancy,2020-12-15,580.0
Bulgaria,Daily ICU occupancy,2020-12-16,582.0
Bulgaria,Daily ICU occupancy,2020-12-17,570.0
Bulgaria,Daily ICU occupancy,2020-12-18,567.0
Bulgaria,Daily ICU occupancy,2020-12-19,536.0
Bulgaria,Daily ICU occupancy,2020-12-20,542.0
Bulgaria,Daily ICU occupancy,2020-12-21,536.0
Bulgaria,Daily ICU occupancy,2020-12-22,523.0
Bulgaria,Daily ICU occupancy,2020-12-23,526.0
Bulgaria,Daily ICU occupancy,2020-12-24,533.0
Bulgaria,Daily ICU occupancy,2020-12-25,521.0
Bulgaria,Daily ICU occupancy,2020-12-26,512.0
Bulgaria,Daily ICU occupancy,2020-12-27,523.0
Bulgaria,Daily ICU occupancy,2020-12-28,523.0
Bulgaria,Daily ICU occupancy,2020-12-29,504.0
Bulgaria,Daily ICU occupancy,2020-12-30,474.0
Bulgaria,Daily ICU occupancy,2020-12-31,467.0
Bulgaria,Daily ICU occupancy,2021-01-01,464.0
Bulgaria,Daily ICU occupancy,2021-01-02,462.0
Bulgaria,Daily ICU occupancy,2021-01-03,458.0
Bulgaria,Daily ICU occupancy,2021-01-04,453.0
Bulgaria,Daily ICU occupancy,2021-01-05,411.0
Bulgaria,Daily ICU occupancy,2021-01-06,393.0
Bulgaria,Daily ICU occupancy,2021-01-07,379.0
Bulgaria,Daily ICU occupancy,2021-01-08,377.0
Bulgaria,Daily ICU occupancy,2021-01-09,380.0
Bulgaria,Daily ICU occupancy,2021-01-10,380.0
Bulgaria,Daily ICU occupancy,2021-01-11,380.0
Bulgaria,Daily ICU occupancy,2021-01-12,375.0
Bulgaria,Daily ICU occupancy,2021-01-13,367.0
Bulgaria,Daily ICU occupancy,2021-01-14,348.0
Bulgaria,Daily ICU occupancy,2021-01-15,343.0
Bulgaria,Daily ICU occupancy,2021-01-16,343.0
Bulgaria,Daily ICU occupancy,2021-01-17,340.0
Bulgaria,Daily ICU occupancy,2021-01-18,341.0
Bulgaria,Daily ICU occupancy,2021-01-19,329.0
Bulgaria,Daily ICU occupancy,2021-01-20,318.0
Bulgaria,Daily ICU occupancy,2021-01-21,327.0
Bulgaria,Daily ICU occupancy,2021-01-22,297.0
Bulgaria,Daily ICU occupancy,2021-01-23,284.0
Bulgaria,Daily ICU occupancy,2021-01-24,281.0
Bulgaria,Daily ICU occupancy,2021-01-25,283.0
Bulgaria,Daily ICU occupancy,2021-01-26,279.0
Bulgaria,Daily ICU occupancy,2021-01-27,281.0
Bulgaria,Daily ICU occupancy,2021-01-28,265.0
Bulgaria,Daily ICU occupancy,2021-01-29,257.0
Bulgaria,Daily ICU occupancy,2021-01-30,261.0
Bulgaria,Daily ICU occupancy,2021-01-31,263.0
Bulgaria,Daily ICU occupancy,2021-02-01,264.0
Bulgaria,Daily ICU occupancy,2021-02-02,265.0
Bulgaria,Daily ICU occupancy,2021-02-03,279.0
Bulgaria,Daily ICU occupancy,2021-02-04,284.0
Bulgaria,Daily ICU occupancy,2021-02-05,277.0
Bulgaria,Daily ICU occupancy,2021-02-06,276.0
Bulgaria,Daily ICU occupancy,2021-02-07,281.0
Bulgaria,Daily ICU occupancy,2021-02-08,278.0
Bulgaria,Daily ICU occupancy,2021-02-09,274.0
Bulgaria,Daily ICU occupancy,2021-02-10,266.0
Bulgaria,Daily ICU occupancy,2021-02-11,273.0
Bulgaria,Daily ICU occupancy,2021-02-12,293.0
Bulgaria,Daily ICU occupancy,2021-02-13,304.0
Bulgaria,Daily ICU occupancy,2021-02-14,302.0
Bulgaria,Daily ICU occupancy,2021-02-15,301.0
Bulgaria,Daily ICU occupancy,2021-02-16,289.0
Bulgaria,Daily ICU occupancy,2021-02-17,284.0
Bulgaria,Daily ICU occupancy,2021-02-18,296.0
Bulgaria,Daily ICU occupancy,2021-02-19,300.0
Bulgaria,Daily ICU occupancy,2021-02-20,316.0
Bulgaria,Daily ICU occupancy,2021-02-21,316.0
Bulgaria,Daily ICU occupancy,2021-02-22,321.0
Bulgaria,Daily ICU occupancy,2021-02-23,334.0
Bulgaria,Daily ICU occupancy,2021-02-24,349.0
Bulgaria,Daily ICU occupancy,2021-02-25,369.0
Bulgaria,Daily ICU occupancy,2021-02-26,370.0
Bulgaria,Daily ICU occupancy,2021-02-27,378.0
Bulgaria,Daily ICU occupancy,2021-02-28,380.0
Bulgaria,Daily ICU occupancy,2021-03-01,394.0
Bulgaria,Daily ICU occupancy,2021-03-02,414.0
Bulgaria,Daily ICU occupancy,2021-03-03,423.0
Bulgaria,Daily ICU occupancy,2021-03-04,425.0
Bulgaria,Daily ICU occupancy,2021-03-05,440.0
Bulgaria,Daily ICU occupancy,2021-03-06,437.0
Bulgaria,Daily ICU occupancy,2021-03-07,452.0
Bulgaria,Daily ICU occupancy,2021-03-08,456.0
Bulgaria,Daily ICU occupancy,2021-03-09,503.0
Bulgaria,Daily ICU occupancy,2021-03-10,497.0
Bulgaria,Daily ICU occupancy,2021-03-11,501.0
Bulgaria,Daily ICU occupancy,2021-03-12,502.0
Bulgaria,Daily ICU occupancy,2021-03-13,506.0
Bulgaria,Daily ICU occupancy,2021-03-14,522.0
Bulgaria,Daily ICU occupancy,2021-03-15,533.0
Bulgaria,Daily ICU occupancy,2021-03-16,577.0
Bulgaria,Daily ICU occupancy,2021-03-17,612.0
Bulgaria,Daily ICU occupancy,2021-03-18,609.0
Bulgaria,Daily ICU occupancy,2021-03-19,670.0
Bulgaria,Daily ICU occupancy,2021-03-20,689.0
Bulgaria,Daily ICU occupancy,2021-03-21,691.0
Bulgaria,Daily ICU occupancy,2021-03-22,690.0
Bulgaria,Daily ICU occupancy,2021-03-23,691.0
Bulgaria,Daily ICU occupancy,2021-03-24,729.0
Bulgaria,Daily ICU occupancy,2021-03-25,743.0
Bulgaria,Daily ICU occupancy,2021-03-26,769.0
Bulgaria,Daily ICU occupancy,2021-03-27,751.0
Bulgaria,Daily ICU occupancy,2021-03-28,769.0
Bulgaria,Daily ICU occupancy,2021-03-29,773.0
Bulgaria,Daily ICU occupancy,2021-03-30,752.0
Bulgaria,Daily ICU occupancy,2021-03-31,748.0
Bulgaria,Daily ICU occupancy,2021-04-01,772.0
Bulgaria,Daily ICU occupancy,2021-04-02,747.0
Bulgaria,Daily ICU occupancy,2021-04-03,753.0
Bulgaria,Daily ICU occupancy,2021-04-04,758.0
Bulgaria,Daily ICU occupancy,2021-04-05,747.0
Bulgaria,Daily ICU occupancy,2021-04-06,734.0
Bulgaria,Daily ICU occupancy,2021-04-07,755.0
Bulgaria,Daily ICU occupancy,2021-04-08,777.0
Bulgaria,Daily ICU occupancy,2021-04-09,813.0
Bulgaria,Daily ICU occupancy,2021-04-10,812.0
Bulgaria,Daily ICU occupancy,2021-04-11,801.0
Bulgaria,Daily ICU occupancy,2021-04-12,797.0
Bulgaria,Daily ICU occupancy,2021-04-13,776.0
Bulgaria,Daily ICU occupancy,2021-04-14,799.0
Bulgaria,Daily ICU occupancy,2021-04-15,807.0
Bulgaria,Daily ICU occupancy,2021-04-16,811.0
Bulgaria,Daily ICU occupancy,2021-04-17,801.0
Bulgaria,Daily ICU occupancy,2021-04-18,797.0
Bulgaria,Daily ICU occupancy,2021-04-19,783.0
Bulgaria,Daily ICU occupancy,2021-04-20,780.0
Bulgaria,Daily ICU occupancy,2021-04-21,765.0
Bulgaria,Daily ICU occupancy,2021-04-22,786.0
Bulgaria,Daily ICU occupancy,2021-04-23,781.0
Bulgaria,Daily ICU occupancy,2021-04-24,751.0
Bulgaria,Daily ICU occupancy,2021-04-25,738.0
Bulgaria,Daily ICU occupancy,2021-04-26,746.0
Bulgaria,Daily ICU occupancy,2021-04-27,724.0
Bulgaria,Daily ICU occupancy,2021-04-28,714.0
Bulgaria,Daily ICU occupancy,2021-04-29,697.0
Bulgaria,Daily ICU occupancy,2021-04-30,682.0
Bulgaria,Daily ICU occupancy,2021-05-01,674.0
Bulgaria,Daily ICU occupancy,2021-05-02,670.0
Bulgaria,Daily ICU occupancy,2021-05-03,662.0
Bulgaria,Daily ICU occupancy,2021-05-04,649.0
Bulgaria,Daily ICU occupancy,2021-05-05,637.0
Bulgaria,Daily ICU occupancy,2021-05-06,599.0
Bulgaria,Daily ICU occupancy,2021-05-07,587.0
Bulgaria,Daily ICU occupancy,2021-05-08,570.0
Bulgaria,Daily ICU occupancy,2021-05-09,566.0
Bulgaria,Daily ICU occupancy,2021-05-10,562.0
Bulgaria,Daily ICU occupancy,2021-05-11,555.0
Bulgaria,Daily ICU occupancy,2021-05-12,535.0
Bulgaria,Daily ICU occupancy,2021-05-13,526.0
Bulgaria,Daily ICU occupancy,2021-05-14,516.0
Bulgaria,Daily ICU occupancy,2021-05-15,504.0
Bulgaria,Daily ICU occupancy,2021-05-16,501.0
Bulgaria,Daily ICU occupancy,2021-05-17,499.0
Bulgaria,Daily ICU occupancy,2021-05-18,490.0
Bulgaria,Daily ICU occupancy,2021-05-19,485.0
Bulgaria,Daily ICU occupancy,2021-05-20,460.0
Bulgaria,Daily ICU occupancy,2021-05-21,442.0
Bulgaria,Daily ICU occupancy,2021-05-22,417.0
Bulgaria,Daily ICU occupancy,2021-05-23,410.0
Bulgaria,Daily ICU occupancy,2021-05-24,402.0
Bulgaria,Daily ICU occupancy,2021-05-25,406.0
Bulgaria,Daily ICU occupancy,2021-05-26,383.0
Bulgaria,Daily ICU occupancy,2021-05-27,375.0
Bulgaria,Daily ICU occupancy,2021-05-28,379.0
Bulgaria,Daily ICU occupancy,2021-05-29,367.0
Bulgaria,Daily ICU occupancy,2021-05-30,364.0
Bulgaria,Daily ICU occupancy,2021-05-31,359.0
Bulgaria,Daily ICU occupancy,2021-06-01,348.0
Bulgaria,Daily ICU occupancy,2021-06-02,322.0
Bulgaria,Daily ICU occupancy,2021-06-03,326.0
Bulgaria,Daily ICU occupancy,2021-06-04,309.0
Bulgaria,Daily ICU occupancy,2021-06-05,293.0
Bulgaria,Daily ICU occupancy,2021-06-06,293.0
Bulgaria,Daily ICU occupancy,2021-06-07,287.0
Bulgaria,Daily ICU occupancy,2021-06-08,277.0
Bulgaria,Daily ICU occupancy,2021-06-09,267.0
Bulgaria,Daily ICU occupancy,2021-06-10,256.0
Bulgaria,Daily ICU occupancy,2021-06-11,253.0
Bulgaria,Daily ICU occupancy,2021-06-12,246.0
Bulgaria,Daily ICU occupancy,2021-06-13,246.0
Bulgaria,Daily ICU occupancy,2021-06-14,247.0
Bulgaria,Daily ICU occupancy,2021-06-15,242.0
Bulgaria,Daily ICU occupancy,2021-06-16,241.0
Bulgaria,Daily ICU occupancy,2021-06-17,227.0
Bulgaria,Daily ICU occupancy,2021-06-18,215.0
Bulgaria,Daily ICU occupancy,2021-06-19,208.0
Bulgaria,Daily ICU occupancy,2021-06-20,207.0
Bulgaria,Daily ICU occupancy,2021-06-21,207.0
Bulgaria,Daily ICU occupancy,2021-06-22,200.0
Bulgaria,Daily ICU occupancy,2021-06-23,196.0
Bulgaria,Daily ICU occupancy,2021-06-24,201.0
Bulgaria,Daily ICU occupancy,2021-06-25,201.0
Bulgaria,Daily ICU occupancy,2021-06-26,196.0
Bulgaria,Daily ICU occupancy,2021-06-27,196.0
Bulgaria,Daily ICU occupancy,2021-06-28,197.0
Bulgaria,Daily ICU occupancy,2021-06-29,186.0
Bulgaria,Daily ICU occupancy,2021-06-30,179.0
Bulgaria,Daily ICU occupancy,2021-07-01,179.0
Bulgaria,Daily ICU occupancy,2021-07-02,163.0
Bulgaria,Daily ICU occupancy,2021-07-03,155.0
Bulgaria,Daily ICU occupancy,2021-07-04,154.0
Bulgaria,Daily ICU occupancy,2021-07-05,152.0
Bulgaria,Daily ICU occupancy,2021-07-06,123.0
Bulgaria,Daily ICU occupancy,2021-07-07,111.0
Bulgaria,Daily ICU occupancy,2021-07-08,113.0
Bulgaria,Daily ICU occupancy,2021-07-09,108.0
Bulgaria,Daily ICU occupancy,2021-07-10,105.0
Bulgaria,Daily ICU occupancy,2021-07-11,104.0
Bulgaria,Daily ICU occupancy,2021-07-12,104.0
Bulgaria,Daily ICU occupancy,2021-07-13,95.0
Bulgaria,Daily ICU occupancy,2021-07-14,94.0
Bulgaria,Daily ICU occupancy,2021-07-15,94.0
Bulgaria,Daily ICU occupancy,2021-07-16,93.0
Bulgaria,Daily ICU occupancy,2021-07-17,91.0
Bulgaria,Daily ICU occupancy,2021-07-18,91.0
Bulgaria,Daily ICU occupancy,2021-07-19,88.0
Bulgaria,Daily ICU occupancy,2021-07-20,88.0
Bulgaria,Daily ICU occupancy,2021-07-21,82.0
Bulgaria,Daily ICU occupancy,2021-07-22,80.0
Bulgaria,Daily ICU occupancy,2021-07-23,81.0
Bulgaria,Daily ICU occupancy,2021-07-24,75.0
Bulgaria,Daily ICU occupancy,2021-07-25,77.0
Bulgaria,Daily ICU occupancy,2021-07-26,77.0
Bulgaria,Daily ICU occupancy,2021-07-27,73.0
Bulgaria,Daily ICU occupancy,2021-07-28,77.0
Bulgaria,Daily ICU occupancy,2021-07-29,79.0
Bulgaria,Daily ICU occupancy,2021-07-30,79.0
Bulgaria,Daily ICU occupancy,2021-07-31,75.0
Bulgaria,Daily ICU occupancy,2021-08-01,78.0
Bulgaria,Daily ICU occupancy,2021-08-02,81.0
Bulgaria,Daily ICU occupancy,2021-08-03,82.0
Bulgaria,Daily ICU occupancy,2021-08-04,86.0
Bulgaria,Daily ICU occupancy,2021-08-05,90.0
Bulgaria,Daily ICU occupancy,2021-08-06,89.0
Bulgaria,Daily ICU occupancy,2021-08-07,91.0
Bulgaria,Daily ICU occupancy,2021-08-08,98.0
Bulgaria,Daily ICU occupancy,2021-08-09,99.0
Bulgaria,Daily ICU occupancy,2021-08-10,94.0
Bulgaria,Daily ICU occupancy,2021-08-11,101.0
Bulgaria,Daily ICU occupancy,2021-08-12,108.0
Bulgaria,Daily ICU occupancy,2021-08-13,106.0
Bulgaria,Daily ICU occupancy,2021-08-14,124.0
Bulgaria,Daily ICU occupancy,2021-08-15,131.0
Bulgaria,Daily ICU occupancy,2021-08-16,141.0
Bulgaria,Daily ICU occupancy,2021-08-17,145.0
Bulgaria,Daily ICU occupancy,2021-08-18,160.0
Bulgaria,Daily ICU occupancy,2021-08-19,174.0
Bulgaria,Daily ICU occupancy,2021-08-20,194.0
Bulgaria,Daily ICU occupancy,2021-08-21,193.0
Bulgaria,Daily ICU occupancy,2021-08-22,197.0
Bulgaria,Daily ICU occupancy,2021-08-23,202.0
Bulgaria,Daily ICU occupancy,2021-08-24,223.0
Bulgaria,Daily ICU occupancy,2021-08-25,248.0
Bulgaria,Daily ICU occupancy,2021-08-26,262.0
Bulgaria,Daily ICU occupancy,2021-08-27,279.0
Bulgaria,Daily ICU occupancy,2021-08-28,298.0
Bulgaria,Daily ICU occupancy,2021-08-29,297.0
Bulgaria,Daily ICU occupancy,2021-08-30,298.0
Bulgaria,Daily ICU occupancy,2021-08-31,301.0
Bulgaria,Daily ICU occupancy,2021-09-01,324.0
Bulgaria,Daily ICU occupancy,2021-09-02,332.0
Bulgaria,Daily ICU occupancy,2021-09-03,333.0
Bulgaria,Daily ICU occupancy,2021-09-04,334.0
Bulgaria,Daily ICU occupancy,2021-09-05,338.0
Bulgaria,Daily ICU occupancy,2021-09-06,332.0
Bulgaria,Daily ICU occupancy,2021-09-07,339.0
Bulgaria,Daily ICU occupancy,2021-09-08,329.0
Bulgaria,Daily ICU occupancy,2021-09-09,363.0
Bulgaria,Daily ICU occupancy,2021-09-10,378.0
Bulgaria,Daily ICU occupancy,2021-09-11,377.0
Bulgaria,Daily ICU occupancy,2021-09-12,380.0
Bulgaria,Daily ICU occupancy,2021-09-13,373.0
Bulgaria,Daily ICU occupancy,2021-09-14,370.0
Bulgaria,Daily ICU occupancy,2021-09-15,386.0
Bulgaria,Daily ICU occupancy,2021-09-16,396.0
Bulgaria,Daily ICU occupancy,2021-09-17,396.0
Bulgaria,Daily ICU occupancy,2021-09-18,395.0
Bulgaria,Daily ICU occupancy,2021-09-19,396.0
Bulgaria,Daily ICU occupancy,2021-09-20,391.0
Bulgaria,Daily ICU occupancy,2021-09-21,388.0
Bulgaria,Daily ICU occupancy,2021-09-22,405.0
Bulgaria,Daily ICU occupancy,2021-09-23,405.0
Bulgaria,Daily ICU occupancy,2021-09-24,414.0
Bulgaria,Daily ICU occupancy,2021-09-25,416.0
Bulgaria,Daily ICU occupancy,2021-09-26,418.0
Bulgaria,Daily ICU occupancy,2021-09-27,418.0
Bulgaria,Daily ICU occupancy,2021-09-28,432.0
Bulgaria,Daily ICU occupancy,2021-09-29,449.0
Bulgaria,Daily ICU occupancy,2021-09-30,458.0
Bulgaria,Daily ICU occupancy,2021-10-01,462.0
Bulgaria,Daily ICU occupancy,2021-10-02,463.0
Bulgaria,Daily ICU occupancy,2021-10-03,465.0
Bulgaria,Daily ICU occupancy,2021-10-04,462.0
Bulgaria,Daily ICU occupancy,2021-10-05,445.0
Bulgaria,Daily ICU occupancy,2021-10-06,460.0
Bulgaria,Daily ICU occupancy,2021-10-07,455.0
Bulgaria,Daily ICU occupancy,2021-10-08,463.0
Bulgaria,Daily ICU occupancy,2021-10-09,462.0
Bulgaria,Daily ICU occupancy,2021-10-10,469.0
Bulgaria,Daily ICU occupancy,2021-10-11,470.0
Bulgaria,Daily ICU occupancy,2021-10-12,472.0
Bulgaria,Daily ICU occupancy,2021-10-13,485.0
Bulgaria,Daily ICU occupancy,2021-10-14,487.0
Bulgaria,Daily ICU occupancy,2021-10-15,493.0
Bulgaria,Daily ICU occupancy,2021-10-16,509.0
Bulgaria,Daily ICU occupancy,2021-10-17,512.0
Bulgaria,Daily ICU occupancy,2021-10-18,512.0
Bulgaria,Daily ICU occupancy,2021-10-19,537.0
Bulgaria,Daily ICU occupancy,2021-10-20,558.0
Bulgaria,Daily ICU occupancy,2021-10-21,567.0
Bulgaria,Daily ICU occupancy,2021-10-22,590.0
Bulgaria,Daily ICU occupancy,2021-10-23,595.0
Bulgaria,Daily ICU occupancy,2021-10-24,602.0
Bulgaria,Daily ICU occupancy,2021-10-25,600.0
Bulgaria,Daily ICU occupancy,2021-10-26,608.0
Bulgaria,Daily ICU occupancy,2021-10-27,608.0
Bulgaria,Daily ICU occupancy,2021-10-28,607.0
Bulgaria,Daily ICU occupancy,2021-10-29,656.0
Bulgaria,Daily ICU occupancy,2021-10-30,676.0
Bulgaria,Daily ICU occupancy,2021-10-31,685.0
Bulgaria,Daily ICU occupancy,2021-11-01,680.0
Bulgaria,Daily ICU occupancy,2021-11-02,669.0
Bulgaria,Daily ICU occupancy,2021-11-03,696.0
Bulgaria,Daily ICU occupancy,2021-11-04,715.0
Bulgaria,Daily ICU occupancy,2021-11-05,710.0
Bulgaria,Daily ICU occupancy,2021-11-06,724.0
Bulgaria,Daily ICU occupancy,2021-11-07,732.0
Bulgaria,Daily ICU occupancy,2021-11-08,732.0
Bulgaria,Daily ICU occupancy,2021-11-09,723.0
Bulgaria,Daily ICU occupancy,2021-11-10,747.0
Bulgaria,Daily ICU occupancy,2021-11-11,760.0
Bulgaria,Daily ICU occupancy,2021-11-12,755.0
Bulgaria,Daily ICU occupancy,2021-11-13,751.0
Bulgaria,Daily ICU occupancy,2021-11-14,745.0
Bulgaria,Daily ICU occupancy,2021-11-15,752.0
Bulgaria,Daily ICU occupancy,2021-11-16,725.0
Bulgaria,Daily ICU occupancy,2021-11-17,767.0
Bulgaria,Daily ICU occupancy,2021-11-18,761.0
Bulgaria,Daily ICU occupancy,2021-11-19,775.0
Bulgaria,Daily ICU occupancy,2021-11-20,767.0
Bulgaria,Daily ICU occupancy,2021-11-21,759.0
Bulgaria,Daily ICU occupancy,2021-11-22,760.0
Bulgaria,Daily ICU occupancy,2021-11-23,775.0
Bulgaria,Daily ICU occupancy,2021-11-24,777.0
Bulgaria,Daily ICU occupancy,2021-11-25,797.0
Bulgaria,Daily ICU occupancy,2021-11-26,787.0
Bulgaria,Daily ICU occupancy,2021-11-27,779.0
Bulgaria,Daily ICU occupancy,2021-11-28,783.0
Bulgaria,Daily ICU occupancy,2021-11-29,756.0
Bulgaria,Daily ICU occupancy,2021-11-30,723.0
Bulgaria,Daily ICU occupancy,2021-12-01,717.0
Bulgaria,Daily ICU occupancy,2021-12-02,694.0
Bulgaria,Daily ICU occupancy,2021-12-03,702.0
Bulgaria,Daily ICU occupancy,2021-12-04,684.0
Bulgaria,Daily ICU occupancy,2021-12-05,677.0
Bulgaria,Daily ICU occupancy,2021-12-06,674.0
Bulgaria,Daily ICU occupancy,2021-12-07,624.0
Bulgaria,Daily ICU occupancy,2021-12-08,627.0
Bulgaria,Daily ICU occupancy,2021-12-09,631.0
Bulgaria,Daily ICU occupancy,2021-12-10,643.0
Bulgaria,Daily ICU occupancy,2021-12-11,628.0
Bulgaria,Daily ICU occupancy,2021-12-12,627.0
Bulgaria,Daily ICU occupancy,2021-12-13,629.0
Bulgaria,Daily ICU occupancy,2021-12-14,606.0
Bulgaria,Daily ICU occupancy,2021-12-15,587.0
Bulgaria,Daily ICU occupancy,2021-12-16,560.0
Bulgaria,Daily ICU occupancy,2021-12-17,551.0
Bulgaria,Daily ICU occupancy,2021-12-18,537.0
Bulgaria,Daily ICU occupancy,2021-12-19,532.0
Bulgaria,Daily ICU occupancy,2021-12-20,527.0
Bulgaria,Daily ICU occupancy,2021-12-21,506.0
Bulgaria,Daily ICU occupancy,2021-12-22,493.0
Bulgaria,Daily ICU occupancy,2021-12-23,493.0
Bulgaria,Daily ICU occupancy,2021-12-24,479.0
Bulgaria,Daily ICU occupancy,2021-12-25,467.0
Bulgaria,Daily ICU occupancy,2021-12-26,451.0
Bulgaria,Daily ICU occupancy,2021-12-27,456.0
Bulgaria,Daily ICU occupancy,2021-12-28,464.0
Bulgaria,Daily ICU occupancy,2021-12-29,481.0
Bulgaria,Daily ICU occupancy,2021-12-30,462.0
Bulgaria,Daily ICU occupancy,2021-12-31,467.0
Bulgaria,Daily ICU occupancy,2022-01-01,457.0
Bulgaria,Daily ICU occupancy,2022-01-02,449.0
Bulgaria,Daily ICU occupancy,2022-01-03,450.0
Bulgaria,Daily ICU occupancy,2022-01-04,455.0
Bulgaria,Daily ICU occupancy,2022-01-05,468.0
Bulgaria,Daily ICU occupancy,2022-01-06,493.0
Bulgaria,Daily ICU occupancy,2022-01-07,509.0
Bulgaria,Daily ICU occupancy,2022-01-08,522.0
Bulgaria,Daily ICU occupancy,2022-01-09,517.0
